id,url,title,source,publication_date,text_length,full_text,is_duplicate,created_at
32,https://www.hollywoodreporter.com/lifestyle/shopping/100th-macys-thanksgiving-day-parade-buy-merch-clothing-2026-1236682858/,Macy’s Thanksgiving Day Parade Varsity Jacket and Rare Photo Book Among 100th Anniversary Keepsakes,Hollywood Reporter,2026-08-27T19:31:23,2771,"× Skip to main content By Erin Lassner Plus Icon Erin Lassner E-Commerce Writer View All August 27, 2026 12:31pm Courtesy of Macy's If you purchase an independently reviewed product or service through a link on our website, The Hollywood Reporter may receive an affiliate commission. Following the unveiling of Disney x Macy ‘s Sorcerer’s Apprentice Mickey balloon and coordinating capsule , the retailer is broadening its limited-release product lineup with a number of additional collabs, collectibles and fashion finds, housed in the online Macy’s 100th Parade Shop . Macy’s 100th Parade Shop Starting strong with the pièce de résistance, Macy’s dropped an 100th Thanksgiving Day Parade Varsity Jacket featuring embroidered patches, themed graphics and classic letterman jacket detailing. Shoppers can also snag individual patches sans jacket for festive customization of existing wardrobe items. Related Stories Lifestyle Anthropologie's Internet-Famous Icon Glasses Get Special Edition Halloween Designs Lifestyle NBC's 'Who Do You Think You Are?' Partner Ancestry.com Drops DNA Kit Prices for Labor Day ultimate (wearable) keepsake Macy’s 100th Thanksgiving Day Parade Adult Varsity Jacket $150 at macy’s Unisex, XS-XXL. As for the bibliophiles, a retailer-exclusive coffee table book also joins the collection, titled Let’s Have a Parade: Celebrating 100 Macy’s Parades by Kim Keller. The beautiful hardcover is filled with rare photos, behind-the-scenes details, fascinating firsthand stories and a rundown of every balloon since they were first introduced at the parade in 1927. macy’s exclusive copy ‘Let’s Have a Parade: Celebrating 100 Macy’s Parades’ by Kim Keller $50 at macy’s Hardcover format. In addition to Disney , Macy’s teamed with luxury home fragrance brand Apotheke to create a nostalgia-fueled scented candle with notes of crisp, juicy apple, spicy coriander, rich mahogany and roasted oak. It’s housed in a decorated-glass vessel to be kept long after the candle’s been burned. parade-inspired scent Apotheke x Macy’s 100th Thanksgiving Day Parade Candle $52 at macy’s 10.5 oz. In the small souvenir department, standouts include 100th anniversary pins, ornaments, keychains and bag charms. So far, other best-sellers include, our personal favorite, the Patch Canvas Tote Bag , plus a pullover hoodie ($60), crewneck sweatshirt ($50) and baseball cap ($30). crafted from durable canvas Macy’s 100th Thanksgiving Day Parade Large Balloon Character Patch Tote $59 at macy’s One of seven graphic totes in the collection . Shop the full assortment, available while supplies last, via Macy’s online 100th Parade Shop . According to the brand, the collection is expected to grow to 125-plus pieces, launching in limited quantities throughout fall. THR",0,2026-08-27 19:45:33
33,https://www.hollywoodreporter.com/lifestyle/arts/tim-curry-honored-past-present-frank-n-furters-1236683374/,Tim Curry Honored by Past and Present Frank-N-Furters With “I’m Going Home” Performance,Hollywood Reporter,2026-08-27T19:20:52,2984,"× Skip to main content By Lexy Perez Plus Icon Lexy Perez Senior Digital Editor and Producer View All August 27, 2026 12:20pm The 'Rocky Horror Show' Broadway cast pays tribute to Tim Curry. Rocky Horror Broadway/Instagram Luke Evans, Paul Soileau and Jake Shears paid tribute to late Rocky Horror Show star Tim Curry on Wednesday following news of his death at age 80. Following Wednesday‘s Broadway performance of The Rocky Horror Show , Paul Soileau — who is currently starring as Dr. Frank-N-Furter, the role Curry originated — honored the late actor after the curtain call. In videos shared online, Soileau told the audience, “The role of Frank-N-Furter is a marvelous beast. Frank-N-Furter inhabits spaces and sneaks in spaces and places and old theater houses and old theaters like this, movie theaters, teenagers’ bedrooms.“ Related Stories Lifestyle Pulitzer Prize Finalist 'Here There Are Blueberries' Set For Broadway Lifestyle 'Six' Will End Five-Year Broadway Run in January He added, “The way Frank-N-Furter survives is that he finds vessels and he goes into them and he takes them over and he keeps moving and moving and moving all around. And many people in this room, on this stage, have been a vessel for Frank-N-Furter over the years. But if you trace it all back, 53 years ago, there’s one home and one vessel. One mothership that Frank-N-Furter could actually call home, and it’s Tim Curry.” Curry first took on the Frank-N-Furter role in the original 1973 London production of Richard O’Brien’s The Rocky Horror Show , following a turn on Broadway in 1975 and in the 1975 film adaptation, The Rocky Horror Picture Show . “53 years ago, Richard O’Brien laid a piece of paper in front of Tim Curry with ingredients on it,” Soileau also said. “And he took all those ingredients and he created this beast that everyone found something within it and could see a piece of themselves inside of it.” Soileau later welcomed Luke Evans , who portrayed Frank-N-Furter in the current revival and played his final performance just three days prior, and Jake Shears, who will take over the role starting Sept. 11. Together, the past and present Frank-N-Furters performed the song “I’m Going Home,” from the musical. The performance was shared on the official social media accounts for the production. View this post on Instagram Rocky Horror creator Richard O’Brien also paid tribute to Curry in a message shared by his son online. “Tim Curry was a wonderful man by nature who was also a wonderful performer and understood the difference between such delightful achievements. He never sought attention and never put himself before the roles that he played. He was, in short, a good egg and class act,“ O’Brien said. “It was both a privilege and delight to have known him and worked with him. Rest in peace dear Tim.” On Wednesday, a tribute to Curry was also set up at Rocky Horror ‘s Studio 54 Broadway theater. Tribute to Tim Curry in lobby of Broadway Theater THR Staff THR",0,2026-08-27 19:45:34
34,https://www.hollywoodreporter.com/movies/movie-news/andrea-eastman-dead-godfather-casting-director-icm-agent-1236683383/,"Andrea Eastman, Casting Director on ‘The Godfather’ and Former ICM Agent, Dies at 86",Hollywood Reporter,2026-08-27T19:15:48,7328,"Skip to main content By Mike Barnes Plus Icon Mike Barnes Senior Editor mikebarnes4 Follow Sign Up View All August 27, 2026 12:15pm Andrea Eastman Patrick McMullan/Getty Images Andrea Eastman, who as the head of casting at Paramount Pictures brought Ali MacGraw to Goodbye, Columbus and James Caan to The Godfather before serving as a manager and longtime ICM agent, has died. She was 86. Eastman died Wednesday in her sleep at her home in Santa Barbara, a family spokesperson told The Hollywood Reporter . A real straight-shooter, Eastman discovered Jaclyn Smith, got Steven Spielberg and Roy Scheider together for Jaws (1975), managed Sylvester Stallone in his Rocky heyday and talked Rob Reiner into hiring her client — and his best friend — Billy Crystal for When Harry Met Sally … (1989). Related Stories Movies Samuel Monroe Jr., 'Menace II Society' Star, Dies at 52 Movies Peter Cullen, Voice of Optimus Prime in 'Transformers,' Dies at 85 With a long stint at ICM in Los Angeles and New York, she also repped and/or managed Barbra Streisand, Burt Reynolds , Peter Boyle, Chevy Chase, Henry Winkler, Jamie Lee Curtis, Christopher Reeve, Katharine Ross, Christopher Plummer , James Brolin, Dustin Hoffman, Dyan Cannon, Gabriel Byrne, Brenda Vaccaro, Richard Gere, Kim Basinger, Kathleen Turner, Stockard Channing, Tony Danza, Wes Craven, Katherine Heigl, Katie Couric, Elle MacPherson, Marshall Brickman and Charlie Rose, among many others over the years. Eastman fought to cast MacGraw, then a 30-year-old photographer’s assistant and model new to acting, for the role of the younger Jewish-American princess Brenda Patimkin opposite Richard Benjamin as her romantic interest Neil Klugman in Goodbye, Columbus (1969), directed by Larry Peerce. Natalie Wood had already turned down the part, and the studio had looked at hundreds of other actresses before MacGraw came aboard. (The year the movie hit theaters, MacGraw wed Paramount Studios chief Robert Evans .) Eastman initiated the casting for Francis Ford Coppola’s The Godfather (1972) and worked with Fred Roos to hire actors for the eventual Oscar winner for best picture. “You make endless lists when you are a casting director,” she said in 2023. “When you do a movie, you try to think out of the box. For The Godfather , it was endless casting. We worked seven days a week. I was dreaming of Italians all night every night.” Eastman thought Italian producer Carlo Ponti would make a great Vito Corleone before Godfather author Mario Puzo came up with the idea to cast Marlon Brando . Caan had excelled in his screen test for the film and was slated to play Michael Corleone opposite the hulking Carmine Caridi as Sonny Corleone (Coppola had offered him the role in a bar). But when Al Pacino was hired to play Michael, Caan was out of the movie. Caridi “was a big guy but not menacing. He was like a big Saint Bernard,” Eastman said. “Luckily, he’d never formally signed a deal, and Coppola trusted me. He was leaving for Sicily [to scout locations], so he told me, ‘Just cast my fucking movie!’” After getting Charlie Bluhdorn, head of Paramount parent Gulf + Western, and Evans to sign off on Caan as Sonny and Pacino as Michael, Eastman hurriedly got Caan to sign a contract before someone changed their mind. “We all worked as a team, but I am responsible for Jimmy Caan getting the part of Sonny,” she said. This era was the happiest time in her career, she often noted, but she would quit the studio in early 1973. Born on June 15, 1940, Eastman grew up in Westport, Connecticut, where she attended Staples High School. She graduated from Ohio State University and married producer and backgammon expert Bruce Becker; after they divorced, she moved to California. In summer 1968, she was working as an assistant for $150 a week for Paramount head of casting Joyce Selznick when the niece of Gone With the Wind producer David O. Selznick was fired. Eastman, then 28, took her place and made $300 a week. She first spotted Smith when both were in the audience at the stage musical Hallelujah, Baby! “She was gorgeous,” Eastman said in an interview last year. “I walked up to her and gave her my card. She looked at me like, ‘Who is this person? She’s my age.’ And then I brought her in and she met Charlie Bluhdorn and Bob Evans and we put her under contract.” (Smith would play as a wedding guest in Goodbye, Columbus. ) Eastman’s tenure at Paramount also saw the release of such notable films as True Grit (1969), Downhill Racer (1969), the box office sensation (and MacGraw-starring) Love Story (1970), Catch 22 (1970), T.R. Baskin (1971) and Play It Again, Sam (1972). She said she quit Paramount when Frank Yablans , who had recently replaced Stanley R. Jaffe as studio chief, threatened to fire her if she attended the 1973 Academy Awards, where The Godfather was nominated for 11 Oscars. She took a job at double her previous salary as an agent at International Famous Agency; her clients back then included Ross, Boyle, Curtis, Benjamin and Paula Prentiss. She left to become Stallone’s manager, and that led to her agreeing in 1977 to form a joint personal management company with Jeff Wald , Ron DiBlasio and Herb Nanas. But soon after introducing Stallone to Wald, she was told by DiBlasio that “we don’t want to go forward with you, Jeff’s going to have his own company,” she recalled in 2023. She said she was offered $25,000 but turned that down, and she would file a $1 million suit against Wald and DiBlasio for damages. She formed her own company, Andrea Eastman Management, before joining ICM in 1983. She said Spielberg offered Scheider the role of police chief Martin Brody in Jaws at one of her dinner parties and that Reiner gave Crystal his script to When Harry Met Sally at one of her weddings. Later, she convinced Streisand to appear in an unglamorous role in Meet the Frockers (2004). Eastman moved to Bozeman, Montana, full-time in 2005 and retired from ICM in 2010. Her husbands also included attorney Richard Wilsker and producer Paul N. Lazarus III ( Westworld , Capricorn One ). In the 2022 Paramount+ miniseries The Offer , Eastman was portrayed by Stephanie Koenig. She said she did not appreciate that she and Godfather producer Al Ruddy were depicted as having a one-night stand when it fact they had love affair that lasted more than a year. She established a sanctuary in Montana near Big Sky Resort dedicated to rescuing, rehabilitating and sheltering maltreated, abandoned and abused horses and dogs, and her impact as an animal advocate was chronicled in Jill Rappaport’s 2004 book, People We Know, Horses They Love . In the late 1990s, she enlisted Robert Redford ’s help in getting the nation’s first state initiative to ban the slaughter of horses for human consumption passed. She spent three months in 2020 at the Beverly Hills Hotel recovering from open-heart surgery. Her late golden retriever had the run of the place, which was operating at a limited capacity during COVID, and a kids picture book written from the pooch’s perspective, Trooper at the Beverly Hills Hotel , was published in 2022. After some tough early years in Hollywood, Eastman proved to be as tough as they come. “One of the things [you learn] being an agent is you don’t give up,” she said in 2014. “You never take no for an answer.” THR",0,2026-08-27 19:45:36
22,https://variety.com/2026/tv/news/gta-6-netflix-trailer-extended-look-release-1236845475/,‘GTA 6’ Drops 27 Minutes of New In-Game Footage on Netflix Amid Ongoing Rockstar Games Leaks,Variety,2026-08-27T19:14:52,5018,"Aug 27, 2026 12:14pm PT ‘GTA 6’ Drops 27 Minutes of New In-Game Footage on Netflix Amid Ongoing Rockstar Games Leaks By Jennifer Maas Plus Icon Jennifer Maas TV Business Writer @jmaasaronson Latest ‘GTA 6’ Drops 27 Minutes of New In-Game Footage on Netflix Amid Ongoing Rockstar Games Leaks 29 minutes ago What Audible Learned About 7,000 Listeners From Its NYC Bookless Bookstore: ‘How Do We Take Something Invisible and Make It Tangible?’ 1 hour ago New York Comic Con Unveils 2026 Professional Schedule Lineup, Including ‘Dungeon Crawler Carl’ Author-NBCUniversal TV Panel (EXCLUSIVE) 4 hours ago See All Rockstar Games Netflix dropped 27 minutes of new “Grand Theft Auto 6” content Thursday at 3 p.m. ET in a collaboration with Rockstar Games ahead of the highly anticipated title’s November release. The event, which was first announced earlier this month, comes as Rockstar continues to suffer ongoing “ GTA 6 ” gameplay leaks. The content was captured entirely from in-game footage on PlayStation 5 (the game will be released for PS5 and Xbox Series X and S on Nov. 19), per Netflix and Take-Two Interactive-owned publisher Rockstar. It marks the lengthiest look fans have gotten at “GTA 6” thus far, following two trailers released over the past three years. Related Stories Ben Jones, Actor Turned Politician Who Played Cooter Davenport in 'The Dukes of Hazzard,' Dies at 84 The official description for “GTA 6” reads: “Jason and Lucia have always known the deck is stacked against them. But when an easy score goes wrong, they find themselves on the darkest side of the sunniest place in America, in the middle of a criminal conspiracy stretching across the state of Leonida – forced to rely on each other more than ever if they want to make it out alive.” Popular on Variety Rockstar has stated Netflix will be the exclusive home of the “Grand Theft Auto VI: An Extended Look” special for six hours before the content is released on YouTube and across other platforms. It seems that exclusivity has had an impact as user error reports for Netflix spiked just prior to the Netflix “GTA 6” reveal, hitting 3,129 at 2:49 p.m. ET, according to service-monitoring website Downdetector.com. Netflix says the “GTA 6” “extended look” event represents “the next evolution of storytelling and content” on the streaming platform: “This trailblazing partnership with Rockstar Games elevates games to the center of modern culture — bringing an in-depth look at one of the most anticipated releases in the history of entertainment to Netflix subscribers first.” Rockstar Games — which last week filed subpoenas related to the leaks — issued its first statement about the situation on Wednesday: “Dear all, We know that many of you have been waiting to hear from us regarding the events of the past week. It would be an understatement to say that having videos of Grand Theft Auto VI gameplay leak in this way has been heartbreaking for our team, and this is obviously not how we intended for you to see the game after all this time. We are very sorry that everything has taken as long as it has — from getting the game finished (nearly there!) to sharing more details and official gameplay, and providing the community with everything you want to know. We are very excited for everyone to see the extended look tomorrow. It has taken longer than we wanted to get it ready, but as with everything we do, we know we need to exceed your expectations, and we are determined to deliver at the level you expect and deserve. While it is unfortunate that the intended game experience may now be impacted by some spoilers, we hope that everyone will wait a bit longer to experience the game for themselves on November 19. We want to thank everyone in the community who has reached out with messages of support this past week — your words meant more to this team than you can imagine. Ultimately, we are making this game for you, and without you, we would not have the privilege of making games. We look forward to sharing more with you soon. Sincerely, Rockstar Games” Later that day, Rockstar posted two messages on X noting its preferences regarding how fans go about creating content based on the Netflix event amid the outside leaks, writing: “Once Grand Theft Auto VI: An Extended Look debuts on Netflix, creators can share their reaction content across social and video platforms.” In a followup, Rockstar added: “Quick clarification: you are free to livestream An Extended Look from 3 p.m. ET on August 27 providing you adhere to platform-specific guidance and you do not simply restream or repost the unedited video in full without context or commentary.” More to come… Paul McCartney, Olivia Dean and Raye Make Mercury Prize Shortlist Loading comments... More From Our Brands Rolling Stone Charley Crockett Seeks, and Finds, Peace Onstage With Evan Felker in Tulsa Robb Report The Pioneer of Transformative Wellbeing Continues to Lead the Way Sportico Tennis Prize Money Tracker: Which Player Has Earned the Most in 2026?",0,2026-08-27 19:45:23
35,https://www.hollywoodreporter.com/movies/movie-features/idiots-macon-blair-setbacks-recastings-1236682421/,"‘Idiots’ Filmmaker Macon Blair Talks Surviving 13 Years of Setbacks, Recastings and a Title Change",Hollywood Reporter,2026-08-27T19:10:55,304,"× Skip to main content Icon Link Plus Icon The Hollywood Reporter is a part of PMX Global, LLC, a subsidiary of Penske Media Corporation. © 2026 The Hollywood Reporter, LLC. All rights reserved. THE HOLLYWOOD REPORTER is a registered trademark of The Hollywood Reporter, LLC. Powered by WordPress.com VIP",0,2026-08-27 19:45:37
36,https://www.hollywoodreporter.com/tv/tv-news/furious-renewed-season-2-hulu-1236683341/,‘Furious’ Renewed for Second Season at Hulu,Hollywood Reporter,2026-08-27T19:00:00,2637,"Skip to main content By Rick Porter Plus Icon Rick Porter Television Business Editor rickporter Follow Sign Up View All August 27, 2026 12:00pm Emmy Rossum in Hulu's 'Furious' Sarah Shatz/Disney Logo text Hulu is still feeling Furious . The Disney-owned streamer has renewed Furious , a serial killer thriller starring Emmy Rossum , for a second season. The pickup comes a few days ahead of the first season finale, which debuts Aug. 31. Loosely based on the 1987 movie Black Widow and created by Elizabeth Meriwether , Furious stars Rossum as Alice Black, an FBI agent who is tracking a serial killer (played by Lola Petticrew). “Both walk their own paths toward justice,” the show’s logline reads, “and as their lives start to intertwine, the line between right and wrong begins to blur.” Related Stories TV 'The Secret Lives of Mormon Wives' Season 5 Trailer Teases Leadup to Taylor Frankie Paul's 'Bachelorette' Season Being Pulled TV Mindy Kaling and 'Not Suitable for Work' Cast React to Cancellation: ""I Loved Making This Show"" The second season is likely to follow Rossum’s Alice on a new case, though it’s still very early in the development process. Furious has received strong reviews; The Hollywood Reporter critic Daniel Fienberg wrote that “especially in its home stretch, [the series] becomes a complex, well-acted and even funny thriller about the ongoing toll of trauma, the psychic cost of revenge and the danger of a life driven by anger.” Sources say the show is also likely to appear in Nielsen’s top 10 streaming charts for its premiere week; that data is due for release later Thursday. Season one of Furious also stars Quincy Tyler Bernstine and Scoot McNairy. Jake Lacy, Rob Delaney, Hope Davis, Rob Yang and Steve Way have recurring roles. “I love serial killer shows, but I’d never seen one with a female serial killer other than Killing Eve ,” Meriwether said on THR’ s podcast I’m Having an Episode earlier this month. “I wanted to dive into that character and [ Black Widow ] seemed like a good framework. This sounds insane, but the more I learned about female serial killers, the more I was drawn in — especially learning that most female serial killers have been victims of violence. That idea began forming in my head, just the cycle of violence and how misunderstood it is when it comes to women.” The series comes from 20th Television and Searchlight Television. Meriwether ( The Dropout, Dying for Sex, New Girl ) is the showrunner and executive produces with Rossum (via her Composition 8 banner), Ronald Bass, Matt Olmstead, Sam Hoffman and Brian Kirk, who also directed the first two episodes. THR",0,2026-08-27 19:45:38
23,https://variety.com/2026/tv/news/furious-season-2-hulu-1236845363/,‘Furious’ Renewed for Season 2 at Hulu,Variety,2026-08-27T19:00:00,2521,"Aug 27, 2026 12:00pm PT ‘Furious’ Renewed for Season 2 at Hulu By Ethan Shanfeld Plus Icon Ethan Shanfeld @ethanshanfeld Latest ‘Furious’ Renewed for Season 2 at Hulu 31 minutes ago Dolly Parton Was Willing to Take Experimental Cancer Drugs In Order to Help Others in the Future, Her Sister Says in Online Tribute 44 minutes ago Jon Stewart, Bruce Springsteen and Hasan Minhaj to Perform at New York’s Stand Up for Heroes Event 22 hours ago See All Hulu “ Furious ” has been renewed for Season 2 at Hulu. The thriller series starring Emmy Rossum has become a breakout hit for the streamer, with viewership growing week over week since its July 27 premiere date. The finale of the eight-episode Season 1 of “Furious” airs on Monday, Aug. 31. From Elizabeth Meriwether — the mind behind “New Girl,” “The Dropout” and “Dying for Sex” — “Furious” follows an FBI agent named Alice Black (Rossum), who is chasing down a mysterious and calculating female serial killer (Lola Petticrew). Per the logline, “Both walk their own paths toward justice, and as their lives start to intertwine, the line between right and wrong begins to blur.” Related Stories Ben Jones, Actor Turned Politician Who Played Cooter Davenport in 'The Dukes of Hazzard,' Dies at 84 “Furious” is loosely inspired by the 1987 psychological thriller film “Black Widow” from director Bob Rafelson. The series order was first announced by Hulu in March 2025. Popular on Variety Starring alongside Rossum and Petticrew are Quincy Tyler Bernstine and Scoot McNairy, as well as guest stars Jake Lacy, Rob Delaney, Hope Davis, Rob Yang and Steve Way. Variety chief TV critic Alison Herman gave the first season a positive review , praising the “stellar cast” and writing that the show “delivers a compelling study of female victimhood and what happens when women break our culture’s limited scripts for it.” “Furious” was created, written and executive produced by Meriwether. Rossum executive produced for Composition 8 along with Ronald Bass, Matt Olmstead and Sam Hoffman. Brian Kirk executive produced and directed the first two episodes. The series is produced by 20th Television and Searchlight Television. Paul McCartney, Olivia Dean and Raye Make Mercury Prize Shortlist Loading comments... More From Our Brands Rolling Stone Charley Crockett Seeks, and Finds, Peace Onstage With Evan Felker in Tulsa Robb Report The Pioneer of Transformative Wellbeing Continues to Lead the Way Sportico Tennis Prize Money Tracker: Which Player Has Earned the Most in 2026?",0,2026-08-27 19:45:24
2,https://deadline.com/2026/08/furious-renewed-season-2-hulu-emmy-rossum-1237061102/,‘Furious’ Renewed For Season 2 By Hulu Ahead Of Season 1 Finale,Deadline,2026-08-27T19:00:00,3402,"Skip to main content By Nellie Andreeva Nellie Andreeva Editor-In-Chief @DeadlineNellie More Stories By Nellie Tyler Perry’s ‘Divorced Sistas’ & ‘Zatima’ Among 4 Former BET+ Series Renewed By Paramount+ Rafe Judkins Inks Overall Deal With Paramount Television Studios As Paramount+ Ramps Up Worldbuilding Efforts Amazon MGM Studios Names Carina Walker Head Of YA View All August 27, 2026 12:00pm (L-R): Lola Petticrew, Emily Rossum in Hulu's 'Furious' Disney/Sarah Shatz Hulu has renewed Liz Meriwether ‘s thriller Furious , starring Emmy Rossum , for a second season. It is an unusually early pickup by the Disney streamer which (like other platforms) usually waits for long-tail viewership data before making renewal decision. Furious is still rolling out its first season, with the season finale, written by Meriwether, premiering Aug. 31. Related Stories Cancellations and Renewals 2026 TV Series Renewals Photo Gallery Cancellations and Renewals 2026 TV Cancellations Photo Gallery: Series Ending This Year & Beyond The pickup of Furious follows t he cancellation earlier this week of another freshman Hulu origina l, comedy Not Suitable For Work , which was done two months after that series’ finale. Hulu has not released ratings data for Furious yet but noted in the renewal announcement that viewership has been growing week over week. Watch on Deadline Nielsen’s reporting is delayed, with numbers for Furious ‘ launch week coming out later today. Despite premiering with only three episodes vs. full-season drops for many streaming series, Furious is rumored to have cracked the Top 10 for streaming originals, which is based on total minutes consumed. Despite its staggered release, Furious also has been a consistent presence on Luminate’s weekly rankings, peaking at No.5 with 2.43M U.S. views for its first full week of release. Additionally, Furious is believed to be the #1 series on Disney+/Hulu worldwide for the month of August and the #2 freshman drama on Hulu in the U.S. year to date, with 4B cross-media impressions. Furious ‘ solid performance, coupled with its 98% critics score on Rotten Tomatoes and reasonable cost by streaming standards likely tipped the scale for an early renewal. From creator and executive producer Meriwether, 20th Television and Searchlight Television, Furious follows an FBI agent, Alice Black (Emmy Rossum) on the hunt for a mysterious and calculating female serial killer (Lola Petticrew). Both walk their own paths toward justice, and as their lives start to intertwine, the line between right and wrong begins to blur. Quincy Tyler Bernstine and Scoot McNairy star alongside Rossum and Petticrew; Jake Lacy, Rob Delaney, Hope Davis, Rob Yang and Steve Way guest starred in Season 1, which was also executive produced by Rossum for Composition 8, along with Ronald Bass, Matt Olmstead, and Sam Hoffman. Brian Kirk executive produced and directed episodes 101 and 102. Furious is now streaming on Hulu and Hulu on Disney+ in the US for bundle subscribers and on Disney+ internationally. Odessa Young In Talks For Charlene Role In ‘Heat 2’; María Cid Top Choice For Gabi Paramount+ Renews Tyler Perry’s ‘Zatima’ & ‘Divorced Sistas,’ 2 Other Ex-BET+ Shows Optimus Prime Voice Actor Peter Cullen, 85; ‘Menace II Society’s Samuel Monroe Jr, 52 Danny Ramirez Set For ‘Miami Vice ’85’ With Michael B. Jordan And Austin Butler Read More About: 1 Comments",0,2026-08-27 19:45:00
1,https://deadline.com/2026/08/danny-ramirez-michael-b-jordan-austin-butler-miami-vice-85-1237061066/,Danny Ramirez Joins Michael B. Jordan And Austin Butler In ‘Miami Vice ’85’,Deadline,2026-08-27T19:00:00,2556,"Skip to main content By Justin Kroll Justin Kroll Film Editor @krolljvar More Stories By Justin ‘Snoop’ Biopic At Universal Adds Laya DeLeon Hayes, Olly Sholotan, Corey Champagne And Jonica Booth To Cast Julius Onah Signs With Blue Marble Management ‘Snoop’ Movie Taps Lauren London To Play Rap Star’s Mom In Universal Biopic View All August 27, 2026 12:00pm L-R: Danny Ramirez, Michael B. Jordan and Austin Butler Getty Images EXCLUSIVE: Danny Ramirez is the latest to join the cast of Universal Pictures and Joseph Kosinski’s Miami Vice ’85 movie starring Michael B. Jordan and Austin Butler. Kosinski will direct the latest feature adaptation of the classic ’80s crime series, which has a script by Dan Gilroy. Alden Ehrenreich , Camila Morrone and Whitney Peak recently joined the cast. Miami Vice ’85 explores the glamour and corruption of mid-1980s Miami in an all-new version of Miami Vice , inspired by the pilot episode of the landmark Universal Television series that influenced culture and set the style of everything from fashion to filmmaking. The movie will be filmed for Imax and is set for release on May 19, 2028. Production will begin this year. It us unknown who Ramirez is playing in the pic. Related Stories Casting 'Miami Vice '85' Sets Camila Morrone To Star Alongside Michael B. Jordan And Austin Butler Casting 'Miami Vice '85': Whitney Peak Joins Michael B. Jordan And Austin Butler In Universal's Latest Take On Classic Series The film is produced by Dylan Clark/Dylan Clark Productions and Kosinski. Gilroy’s script is based on characters created by Anthony Yerkovich from the series he executive produced with Michael Mann; Eric Warren Singer wrote an earlier draft of the screenplay. EVP Production Development Sara Scott and Creative Executive of Production Development Christina Hoffrogge will oversee the project for the studio. Watch on Deadline Ramirez recently wrapped production on Todd’s Haynes’ De Noche opposite Pedro Pascal as well as Baton, which he also directed and penned. He can be seen next in Marvel’s Avengers: Doomsday . He is repped by CAA, Anonymous Content, Brillstein Partners and Hansen, Jacobson, Teller, Hoberman, Newman, Warren, Richman, Rush, Kaller & Gellman. Odessa Young In Talks For Charlene Role In ‘Heat 2’; María Cid Top Choice For Gabi Paramount+ Renews Tyler Perry’s ‘Zatima’ & ‘Divorced Sistas,’ 2 Other Ex-BET+ Shows Optimus Prime Voice Actor Peter Cullen, 85; ‘Menace II Society’s Samuel Monroe Jr, 52 Awards; BBC’s ‘Top Gear’ Reboot; YouTube’s Message To Biz Read More About: Comments",0,2026-08-27 19:44:59
37,https://www.hollywoodreporter.com/news/general-news/dolly-parton-offered-to-test-experimental-cancer-drugs-1236683354/,Dolly Parton’s Sister Stella Says Late Icon Offered to Test Experimental Drugs to Help Battle Cancer,Hollywood Reporter,2026-08-27T18:58:05,3868,"× Skip to main content By Etan Vlessing Plus Icon Etan Vlessing Canada Bureau Chief View All August 27, 2026 11:58am Stella and Dolly Parton Terry Wyatt/Getty Images Dolly Parton ’s little sister Stella Parton has revealed the country music icon asked her medical team to try experimental drugs on her to help future cancer patients battle their own health struggles. “What the world saw is exactly who she was, so much so, she told me recently that if there was no hope for her, she would still allow her medical team to try experimental drugs in the hope of helping others in the future, Stella Parton said in an emotional Facebook tribute. She insisted the late icon got to heaven “right on time” on Tuesday, when Dolly Parton’s death after a brief battle with cancer was revealed. The music legend was admitted to the hospital in Nashville late last week after dealing with kidney and autoimmune issues. Related Stories Music Harry Styles Pays Tribute to Dolly Parton at Madison Square Garden Residency Opening Night: ""We Love You"" Music Dolly Parton's Spotify Streams Spiked Over 1,200 Percent Following Icon's Death Stella Parton said her sister’s 11th hour medical request that her doctors be allowed to test possibly future drugs to battle cancer was in keeping with her lifetime of trying to help others. “My sister was always thinking of others, and if you want to honor her legacy, show more kindness, lift others up and give more of your time and resources as she continued to do to the very end,” Stella Parton wrote. The elder Parton revealed in September that she was postponing a set of Las Vegas concerts to deal with “some health challenges.” In the past few months, the country music legend put on a brave front, telling her fans that she was OK. Her husband of nearly 58 years, businessman Carl Dean, died at age 82 on March 3, 2025. The Hollywood Reporter has reached out to The Dolly Parton Estate for comment on Stella Parton’s social media tribute. Stella Parton’s tribute to her sister follows in full: My big sister Dolly got her wings this past Tuesday. If anyone gets to heaven I’m sure she made it right on time. I know she’s showing out big time, in all her sparkles and shine. That was my sister’s way. Every Tuesday about this time, before the sun came up and the world was still asleep, she and I for many years had our coffee together over the phone. Being little farm girls we’ve continued to be early risers. As she liked to say; “shoot Tedda we get more work done before the sun comes up than most folks do all day long!” We would catch up on gossip, as sisters do, and drink coffee and make plans as it has always been our way. My sister was one of the most generous, thoughtful and kind people I’ve ever known. What the world saw is exactly who she was, so much so, she told me recently that if there was no hope for her, she would still allow her medical team to try experimental drugs in the hope of helping others in the future. My sister was always thinking of others and if you want to honor her legacy, show more kindness, lift others up and give more of your time and resources as she continued to do to the very end. I want to personally thank all of you for the out pouring of love and respect you are showing my sister. Your love and respect for her is deeply felt by all of us who loved her first and it helps as we grieve her passing through our lives! My Tuesday morning coffee time will never be the same but her love, respect and goodness will remain. Dolly loved the world and everyone in it. I would criticize and complain about it and she would laugh and say; “shoot Tedda, we’ve got more important things to do than worry about their silly asses.” She was right and she proved it everyday. She left the world a better place by being in it so let’s follow her example. Love and respect to all of you. Stella THR",0,2026-08-27 19:45:39
3,https://deadline.com/2026/08/tim-curry-broadway-nrocky-horror-show-tribute-1237051443/,Tim Curry Remembered By ‘Rocky Horror Show’ Playwright Richard O’Brien & The Broadway Revival,Deadline,2026-08-27T18:51:00,3756,"Skip to main content By Greg Evans Greg Evans NY & Broadway Editor @GregEvans5 More Stories By Greg Anna Louizos Dies: Broadway Scenic Designer Of ‘In The Heights’ & ‘Avenue Q’ Was 69 Samuel Monroe Jr. Dies: ‘Menace II Society’ Actor Was 52 Rosie O’Donnell Joins Producing Team Of London-Bound Musical ‘Indigo’ About Autistic Teenager View All August 27, 2026 11:51am Tim Curry, 'The Rocky Horror Picture Show' (1975) 20th Century Fox Film Corp./Everett Collection UPDATE, with tribute from playwright Richard O’Brien: Richard O’Brien, who wrote The Rocky Horror Show and cast his friend Tim Curry in the central role of Frank-N-Furter back in the ’70s, joined the current Broadway revival in offering up a heartfelt tribute to the late actor who died Tuesday at the age of 80. In a message written by O’Brien (who also played Riff Raff in both the stage musical and film) and posted on Instagram by his son Linus O’Brien, the playwright writes, “It is with an exceptionally sad heart and misted-up eyes that I share these words with you. Tim Curry was a wonderful man by nature who was also a wonderful performer and understood the difference between such delightful achievements. He never sought attention and never put himself before the roles that he played. He was, in short, a good egg and class act. It was both a privilege and delight to have known him and worked with him. Rest in peace dear Tim.” Related Stories News Tim Curry Dies: ‘The Rocky Horror Picture Show’ Actor Was 80 News Luke Evans, ‘Clue’ Stars, Carol Burnett, Josh Gad & More Pay Tribute To Tim Curry Broadway’s hit Tony-nominated revival of The Rocky Horror Show also remembered the man who made Frank-N-Furter a style icon in high heels, garter-supported fishnets and skin-tight bodice and who embodied one of the most beloved, campiest characters to ever grace a midnight movie. Watch on Deadline Richard O’Brien, Tim Curry and Patricia Quinn in ‘ The Rocky Horror Picture Show ‘ (1975) 20th Century Fox/Everett Collection In a post on the production’s Instagram page, the show writes, alongside a photo of Curry in character from The Rocky Horror Picture Show , “Remembering the legendary Tim Curry, who first brought Frank-N-Furter to life. We are heartbroken by his passing and grateful for the unforgettable legacy he leaves behind. Thank you, Tim, for giving the world a little more freedom, a little more fearlessness, and through the tears in our eyes, the courage to BE IT. We love you.” The “BE IT” line references one of Rocky Horror ‘s most famous catchphrases: “Don’t dream it, be it.” Although a flop when Curry led the cast in its original 1975 Broadway staging, panned by critics and closing after just 45 performances, the musical was revived for a more successful run in a 2002 Circle in the Square staging starring Tom Hewitt, Lea DeLaria, Jarrod Emick and Joan Jett. An even bigger hit revival arrived at Broadway’s Studio 54 venue last March in the Sam Pinkleton-directed staging starring Luke Evans (in the Frank-N-Furter role), Rachel Dratch, Andrew Durand, Amber Gray, Stephanie Hsu and Juliette Lewis. Last week, The Rocky Horror Show grossed a big $949,446 for the final week or original cast members Evans, Hsu and Durand. Jake Shears takes over for Evans on September 11, with Lorna Courtney and Kevin McHale joining the cast August 25. View this post on Instagram View this post on Instagram Odessa Young In Talks For Charlene Role In ‘Heat 2’; María Cid Top Choice For Gabi Paramount+ Renews Tyler Perry’s ‘Zatima’ & ‘Divorced Sistas,’ 2 Other Ex-BET+ Shows Optimus Prime Voice Actor Peter Cullen, 85; ‘Menace II Society’s Samuel Monroe Jr, 52 Danny Ramirez Set For ‘Miami Vice ’85’ With Michael B. Jordan And Austin Butler Read More About: Comments",0,2026-08-27 19:45:01
24,https://variety.com/2026/music/news/dolly-parton-experimental-cancer-drugs-no-hope-1236845432/,"Dolly Parton Was Willing to Take Experimental Cancer Drugs In Order to Help Others in the Future, Her Sister Says in Online Tribute",Variety,2026-08-27T18:46:49,3070,"Aug 27, 2026 11:46am PT Dolly Parton Was Willing to Take Experimental Cancer Drugs In Order to Help Others in the Future, Her Sister Says in Online Tribute By Ethan Shanfeld Plus Icon Ethan Shanfeld @ethanshanfeld Latest Dolly Parton Was Willing to Take Experimental Cancer Drugs In Order to Help Others in the Future, Her Sister Says in Online Tribute 51 minutes ago Jon Stewart, Bruce Springsteen and Hasan Minhaj to Perform at New York’s Stand Up for Heroes Event 22 hours ago Miley Cyrus Honors Godmother Dolly Parton: ‘I Have an Angel by My Side. I Always Have’ 1 day ago See All Getty Images In addition to her tremendous country music career, Dolly Parton was known for her big heart. According to her sister, Stella Parton , Dolly’s desire to help others extended into her final days battling cancer. In a message posted to social media , Stella Parton wrote of Dolly, “My sister was one of the most generous, thoughtful and kind people I’ve ever known. What the world saw is exactly who she was, so much so, she told me recently that if there was no hope for her, she would still allow her medical team to try experimental drugs in the hope of helping others in the future.” Related Stories Ben Jones, Actor Turned Politician Who Played Cooter Davenport in 'The Dukes of Hazzard,' Dies at 84 The tribute continued, “My sister was always thinking of others, and if you want to honor her legacy, show more kindness, lift others up, and give more of your time and resources, as she continued to do to the very end.” Popular on Variety Dolly Parton died of cancer on Aug. 25 at age 80. Her health struggles began to make headlines in the fall of 2025, when she announced that she would no longer be able to perform at a Las Vegas residency in December 2025 due to “some health challenges.” The queen of country music’s death had a profound impact on people across the country and around the world, with tributes pouring in from Taylor Swift, her goddaughter Miley Cyrus and even Donald Trump. “My big sister Dolly got her wings this past Tuesday. If anyone gets to heaven I’m sure she made it right on time. I know she’s showing out big time, in all her sparkles and shine. That was my sister’s way,” Stella Parton, a country singer-songwriter in her own right, also wrote. “Every Tuesday about this time, before the sun came up and the world was still asleep, she and I, for many years, had our coffee together over the phone. Being little farm girls, we’ve continued to be early risers. As she liked to say, ‘shoot Tedda, we get more work done before the sun comes up than most folks do all day long!’ We would catch up on gossip, as sisters do, and drink coffee and make plans, as it has always been our way.” Paul McCartney, Olivia Dean and Raye Make Mercury Prize Shortlist Loading comments... More From Our Brands Rolling Stone Charley Crockett Seeks, and Finds, Peace Onstage With Evan Felker in Tulsa Robb Report The Pioneer of Transformative Wellbeing Continues to Lead the Way Sportico Tennis Prize Money Tracker: Which Player Has Earned the Most in 2026?",0,2026-08-27 19:45:25
25,https://variety.com/2026/gaming/news/final-fantasy-vii-gaming-news-roundup-week-august-25-1236843218/,‘Final Fantasy VII Revelation’ Gameplay Trailer Shows Weapons Destroying Planet in the Series’ Finale (Gaming News Roundup),Variety,2026-08-27T18:45:00,6851,"Aug 27, 2026 11:45am PT ‘Final Fantasy VII Revelation’ Gameplay Trailer Shows Weapons Destroying Planet in the Series’ Finale (Gaming News Roundup) By Tanya Fedak , Isabelle Farina , Mya Copeland “ Final Fantasy VII ” received a new gameplay trailer during gamescom Opening Night Live. The third and final entry in the “Final Fantasy VII” remake series sees hostile giants called Weapons arriving to save a world undergoing a crisis. But, unable to determine who’s a true threat, the Weapons ultimately cause mass destruction on anyone or anything who stands in their way. It’s up to Cloud and his friends to fend off the giants and save the world from Sephiroth. Related Stories Ben Jones, Actor Turned Politician Who Played Cooter Davenport in 'The Dukes of Hazzard,' Dies at 84 Also revealed in the trailer are Chocobo mounts, a grappling hook and the new Summon Typhon and open-world exploration via parachute. Cloud and Tifa are also seen in their new FITS, which is a new system of “Final Fantasy VII Revelation” that introduces unique outfits with increased power and new abilities. Popular on Variety “Final Fantasy VII Revelation” will release in spring 2027 on all platforms. Watch the trailer below. See more gaming news below. TRAILERS “Sesame Street: Friends & Fun” has released its first gameplay trailer. The Big Block Party is almost here on Sesame Street, and it’s up to players to help residents like Elmo, Cookie Monster, Big Bird, Abby Cadabby, Grover and Tango prepare. Designed for preschool players and families, the game allows users to explore the neighborhood through educational experiences. Each character offers unique activities across landmarks such as the Community Garden, Bandstand and Farm. Whether it’s cooking with Cookie Monster or helping Abby with magical tasks, players have more than 50 story activities and mini-games to explore. “Sesame Street: Friends & Fun” releases Oct. 9 from Outright Games, in collaboration with Sesame Workshop. Watch the trailer below. NEW LY ANNOUNCED GAMES Attention all Atari fans! Atari is bringing back 39 Atari 2600 titles on physical cartridges, including Pitfall!, River Raid and Kaboom. Celebrating the reunion of Atari and Activision after nearly 50 years, the Atari x Activision Collection consists of three physical offerings. The Standard Edition cartridges of a dozen popular titles will begin shipping in November for $34.99 each. Four Deluxe Box sets – Treasure, Speed, Secrets and Victory – expand the collection to 39 total games, with the first set shipping in late November and the rest to follow in Spring, Summer and Fall 2027. Each set will be sold via pre-order for $249.99. A Complete Collection, which includes all four Deluxe Sets and a to-be-announced collectible item, will be sold via pre-order for $999.96. Pre-orders for the standard edition cartridges, the Treasure Deluxe Set and the Atari x Activision Ultimate Deluxe Set are available today at atari.com Atari is an interactive entertainment company and gaming industry brand that provides multi-platform, interactive entertainment and licensed products. Atari brands includes game developers Coatsink, Digital Eclipse, Early Morning Studios, Implicit Conversions, Infogrames, Nightdive Studios, Stormteller Games and the community-based sites AtariAge and MobyGames. * “The Witcher 3: Wild Hunt” remastered is launching on Sept. 29, along with a new expansion, “Songs of the Past.” The expansion will take players to the brand new realm of Letten — an idyllic land of rural tradition that hides a dark secret just below the surface. The remaster will bring upgrades and enhancements to visuals, performance, gameplay and more when it launches on PC, PlayStation 5, and Xbox Series X|S. It will also be available on Nintendo Switch 2 and Battle.net . “Songs of the Past” launches in 2027 as a paid expansion for “The Witcher 3” on PC, PlayStation 5, Xbox Series X|S, and Nintendo Switch 2. It is available to wishlist now across select platforms. NEW RELEASES Star Wars Zero Company, a single-player turn-based tactics game set in the twilight of the Clone Wars, is now available for PC via the EA app, Steam, and Epic Games Store, and PlayStation 5 and XBOX Series consoles. In the new game, former Republic officer Hawks and Zero Company, a squad of unconventional professionals for hire, are recruited for an operation by Republic Intelligence. From ex-nobles to ex-cons, they now share one mission: stop the Infinite Coil, a Separatist-aligned cult, and their leader Kundri Fathom before the deadly Shadow Plague consumes the galaxy. Players must strategically navigate tactical operations, investigations and other missions through the original story. Star Wars Zero Company is now available in retail and digital storefronts for PC via the EA app, Steam, Epic Games Store, PlayStation 5 and XBOX Series consoles. The Digital Deluxe Edition, featuring unique cosmetic items inspired by the Clone Wars era, is available for $59.99 SRP on PC and SRP $69.99 on consoles. The Collector’s Edition is available for $299.99 SRP and features a Star Wars Zero Company-themed Hasbro Black Series Thermal Detonator, Steelbook, Desk Mat and more. Alongside the game’s launch, the soundtrack for Star Wars Zero Company, featuring an original score by GRAMMY® award-winning composer Gordy Haab, is available via Walt Disney Records. IN-GAME EVENTS Snoop Dogg lent his likeness and voice to a new Elusive Target mission in “Hitman World of Assassination,” playable now through Sept. 26 free in-game and via the Free Demo. The mission follows Agent 47 as he targets Dr. Cyrus Cane, whose cookie brand Morsizzles is set for a worldwide launch despite evidence linking it to several deaths during product testing. To stop the launch, Cane and the product must disappear. Agent 47 has the perfect opportunity to strike at a pre-launch party on Haven Island. Snoop Dogg’s son, Cordell C. Broadus, joins him as a party guest in the game. The two are the first father-son duo to appear together in the franchise. The Herbalist Pack, themed after the mission, is also available on all platforms. It includes permanent access to The Visionary two-level arcade contract, The Herbalist Assignment featuring Snoop Dogg and cosmetic items inspired by Snoop Dogg and the mission. ‘Nanny McPhee’ Musical Written by Emma Thompson to Open in London Next Summer Hulu Cancels Mindy Kaling-Created Comedy ‘Not Suitable for Work’ After One Season (EXCLUSIVE) Phyllida Law, Scottish Actress and Mother of Emma and Sophie Thompson, Dies at 94 Loading comments... More From Our Brands Rolling Stone Charley Crockett Seeks, and Finds, Peace Onstage With Evan Felker in Tulsa Robb Report The Pioneer of Transformative Wellbeing Continues to Lead the Way Sportico Tennis Prize Money Tracker: Which Player Has Earned the Most in 2026?",0,2026-08-27 19:45:26
4,https://deadline.com/2026/08/deadlocked-movie-cast-sasha-calle-joins-jamie-foxx-1237061055/,Sasha Calle Joins Jamie Foxx In Amazon MGM Action Flick ‘Deadlocked’,Deadline,2026-08-27T18:45:00,2869,"Skip to main content By Matt Grobar Matt Grobar Senior Film Reporter More Stories By Matt Andrew Bachelor Directs & Stars In Supernatural Horror Film ‘Tap Twice’ Amazon MGM Orders Penn Badgley Murder Mystery Series ‘Everyone In My Family Has Killed Someone’ From David Hemingson Jamie Dornan Joins Zoë Kravitz In Megan Park’s Mystery Apple Film View All August 27, 2026 11:45am Sasha Calle Greg Swales EXCLUSIVE: Sasha Calle ( The Rip ) is set for a major role opposite Jamie Foxx in Deadlocked , the new action film from Amazon MGM Studios that we announced earlier this month. Directed by Nikhil Bhat, Deadlocked follows a grieving former Marine serving jury duty who is forced back into action when the trial of the century turns into a deadly hostage situation as the defendant’s daughter seizes the courthouse to free her father. The film, written by Eric Scot Anderson ( The Black Fox ) and Matt Takejiro Bosack (CBS’ NCIS: Hawai’i ), and based on their original idea, is being made for streaming. Producers include Fred Berger for Range, Brian Kavanaugh-Jones, Dave Caplan for C2, and Jamie Foxx for Foxxhole Productions. AJ Bourscheid, Liz Destro, Paul Currie and Corinne Foxx serve as executive producers. Related Stories Casting Amazon MGM Orders Penn Badgley Murder Mystery Series 'Everyone In My Family Has Killed Someone' From David Hemingson Casting Elizabeth McGovern Joins Amazon MGM Horror Film 'Seasons' Booking one major studio gig after another in recent years, Calle is coming off a role opposite Matt Damon and Ben Affleck in The Rip , Joe Carnahan’s crime thriller for Netflix, which released in January and remained in the top 10 global film list for six weeks. She can currently be seen starring opposite Colin Farrell in the second season of Apple TV’s neo-noir series Sugar and will next be seen opposite Scarlett Johansson in Mike Flanagan’s take on The Exorcist for Universal, releasing in theaters on March 12, 2027. Watch on Deadline Calle made her feature film debut as Supergirl in Warner Bros.’ The Flash , becoming the first Latina actress to portray the superhero in a major studio film. Other film credits include Daniel Minahan’s On Swift Horses , as well as Alessandra Lacorazza Samudio’s In the Summers , which won both the Grand Jury Prize and Directing Award for U.S. Dramatic Film in its 2024 premiere at Sundance. Earlier in her career, Calle won a Daytime Emmy for her work on The Young and the Restless . She is repped by CAA, Luber Roklin, and Del Shaw Moonves. Odessa Young In Talks For Charlene Role In ‘Heat 2’; María Cid Top Choice For Gabi Paramount+ Renews Tyler Perry’s ‘Zatima’ & ‘Divorced Sistas,’ 2 Other Ex-BET+ Shows Optimus Prime Voice Actor Peter Cullen, 85; ‘Menace II Society’s Samuel Monroe Jr, 52 Danny Ramirez Set For ‘Miami Vice ’85’ With Michael B. Jordan And Austin Butler Read More About: 1 Comments",0,2026-08-27 19:45:02
26,https://variety.com/2026/shopping/news/celebrity-fragrance-campaigns-zendaya-dakota-johnson-1236842984/,"The Best Celebrity Fragrance Campaigns in 2026: Zendaya, Dakota Johnson, Alexander Skarsgård and More",Variety,2026-08-27T18:40:56,3662,"If you purchase an independently reviewed product or service through a link on our website, Variety may receive an affiliate commission. This summer, luxury beauty houses are bottling up some serious star power, tapping everyone from Zendaya to Jacob Elordi to front their latest scents. Prada Beauty just named Zendaya the global ambassador for its Paradoxe franchise, while Elordi succeeds Timothée Chalamet as the face of Bleu de Chanel, starring in a new campaign directed by Alfonso Cuarón. Jonathan Bailey, meanwhile, is lending his leading-man charm to Armani’s I Will — the house’s first new men’s fragrance in more than 20 years — with a campaign directed by Todd Field. Related Stories Ben Jones, Actor Turned Politician Who Played Cooter Davenport in 'The Dukes of Hazzard,' Dies at 84 Valentino Beauty is also doubling down on Hollywood wattage, naming Dakota Johnson and Alexander Skarsgård ambassadors for Vendetta — marking the launch of the Maison’s first Prestige fragrance franchise in six years. Photographed by Inez & Vinoodh, the campaign casts the pair as a modern Donna-and-Uomo duo in an “us-against-the-world” romance, which continued this week in a campaign film starring the two actors. Here’s what you need to nose. Valentino Where to spritz: A Venice Palazzo party Johnson’s Vendetta Donna mixes boozy nectar with tuberose and sandalwood, while Skarsgård’s Uomo goes spicier with ginger, cinnamon-liquor accord and patchouli. Perhaps “Fifty Shades” is due for a reboot. VENDETTA DONNA $150 UOMO $110 Prada Paradoxe Where to Spritz: A Law Roach fitting The floral-amber bestseller mixes crisp neroli with warm amber and musk. Smells like a million bucks — or a $360 million “Spider-Man” opening weekend. Buy Now $180 Chanel Coco Mademoiselle Crush Absolu Where to Spritz: A songwriting sesh with your crush If Abrams’ songs have you yearning for an ex, Chanel would prefer you find a new love. Grapefruit and lychee brighten the rose and jasmine; patchouli, vetiver and vanilla turn up the warmth. Buy Now $162 Chanel Bleu de Chanel L’Exclusif Where to Spritz: A martini at the Chateau Sandalwood and leathery labdanum give Chanel’s most intense Bleu plenty of swagger. But the real seduction happens in Cuarón’s campaign film, where Elordi channels James Bond and Thomas Crown. Buy Now $275 Max Mara Where to Spritz: A tense Arrakis royal wedding For its debut scent, the Italian house pairs tuberose with woody notes, a mix even an Avenger couldn’t resist. Buy Now $180 Eilish Intense Where to Spritz: Bowery listening party The woody concoction has sultry notes fitting for a Bad Guy, with a gold-plated bottle that’s anything but subtle. Buy Now $88 Armani I Will Where to Spritz: Sunset Tower power lunch Forget those slutty little “Jurassic World” glasses. This bergamot, vanilla and wood-leather parfum may cause you to have naughty thoughts. Buy Now $170 Dior Miss Dior Where to Spritz: Front row at Paris Fashion Week The Oscar winner returns as the face of Dior’s mainstay fragrance, a full-on floral bouquet that conjures fresh laundry and misted grass. Black swans not included. Buy Now $231 Lancôme La Vie Est Belle Very Cherry Where to Spritz: A Notting Hill bookstore Black cherry, violet leaf and warm oud add up to a sexier spin on this signature Lancôme franchise, because even America’s sweetheart has an edgy side. Buy Now $180 Loading comments... More From Our Brands Rolling Stone Charley Crockett Seeks, and Finds, Peace Onstage With Evan Felker in Tulsa Robb Report The Pioneer of Transformative Wellbeing Continues to Lead the Way Sportico Tennis Prize Money Tracker: Which Player Has Earned the Most in 2026?",0,2026-08-27 19:45:27
27,https://variety.com/2026/digital/news/audible-book-store-story-house-popup-nyc-1236845338/,"What Audible Learned About 7,000 Listeners From Its NYC Bookless Bookstore: ‘How Do We Take Something Invisible and Make It Tangible?’",Variety,2026-08-27T18:32:10,5785,"Aug 27, 2026 11:32am PT What Audible Learned About 7,000 Listeners From Its NYC Bookless Bookstore: ‘How Do We Take Something Invisible and Make It Tangible?’ By Jennifer Maas Plus Icon Jennifer Maas TV Business Writer @jmaasaronson Latest ‘GTA 6’ Drops 27 Minutes of New In-Game Footage on Netflix Amid Ongoing Rockstar Games Leaks 27 minutes ago What Audible Learned About 7,000 Listeners From Its NYC Bookless Bookstore: ‘How Do We Take Something Invisible and Make It Tangible?’ 1 hour ago New York Comic Con Unveils 2026 Professional Schedule Lineup, Including ‘Dungeon Crawler Carl’ Author-NBCUniversal TV Panel (EXCLUSIVE) 4 hours ago See All Audible More than half of Americans aged 18 and older, an estimated 157 million people, have listened to an audiobook, according to the Audio Publishers Association. Back in May, Audible likely added a few more to the fold with its Story House experience, which the Amazon-owned audiobook company proclaimed to be the first ever “bookless bookstore.” Following a pop-up during the return of BookCon at NYC’s Javits Convention Center in April, the Audible Story House operated for a month (from May 1-May 31) in lower Manhattan and saw more than 7,000 unique visitors come through its free-to-enter doors. Related Stories Ben Jones, Actor Turned Politician Who Played Cooter Davenport in 'The Dukes of Hazzard,' Dies at 84 “What I was excited about was the opportunity to learn a lot more about customers and their experiences in that space,” Audible’s global head of brand content marketing James Finn tells Variety . “And oftentimes, I don’t have a sample size like that, and I don’t have a situation where we show up for an entire month in a city like New York and really learn more about our existing customers and new listeners.” Popular on Variety Nick Castle Located at 260 Bowery, the three-floor audiobook space offered guests the chance to browse titles using physical “Story Tiles” (blocks with RFID chips that made listening to samples via speakers, headphones or through your own phone and earbuds a quick business) throughout seven distinct listening spaces. It housed an immersive listening theater with Dolby Atmos surround sound and a “Listening Bar” with a dedicated “Story Tender” staffer offering up personalized recommendations for sampling. There were creator programming and panels, book clubs, hands-on crafting activities, a pop-up cafe from Brooklyn’s Land to Sea and tons of merch. But come June, it was all gone. “It was very hard when we closed the doors, I will be honest,” Finn says. “And a lot of people assumed that it was going to be there permanently, which was a nice compliment to the team that built the space.” Out of the 301 titles that were on offer in Audible’s Story House (“We never say what the one title is because everybody had an opinion — but we wanted to add that one more,” Finn says) 98% of the audiobooks were listened to “to any degree” over the course of the month in operation. The most popular included “Project Hail Mary,” “The Hive: A Thriller,” “George Orwell’s 1984,” “Just Kiss Already,” and Audible’s full-cast recording of “Harry Potter and the Sorcerer’s Stone.” Photo by Bryan Bedder/Getty Images for Audible Getty Images for Audible There was also a lot of interest in Matt Dinniman’s “Dungeon Crawler Carl” LitRPG series, which released new book, “A Parade of Horribles” on May 12. “People were coming in, and they had already listened to it, and the eighth book had only come out a couple days ahead of time, and they were still tapping it, and they still were excited about that,” Finn says. But it wasn’t just the “Carl” fans that were sticking around. Audible says it counted more than 15,000 “deep engagement” experiences among its Story House guests, meaning the person did more than simply enter the space and browse. “People weren’t just coming in and then leaving, or coming in and listening to a sample and leaving,” Finn says. “They genuinely were staying around, going to the different areas, or coming to the community sessions where we had different activities, or going up to the cafe and buying an AudiBuddy and that was really interesting.” Finn says the Audible team has also been looking at “what are the learnings from the actual experience in New York that we can adapt to the experience within the app and within the service.” The biggest takeaway: “removing friction and allowing more engagement and allowing more of an opportunity for personalization, so that they have the opportunity to go to what’s interesting to them, but to sample and to try.” Audible Audible now has those 13,000 leftover “Story Tiles,” so there are some plans for what to do with those tactile representations of audiobooks. “We created that technology and that item. It didn’t exist,” Finn says. “The ambition was, how do we take something invisible and make it tangible? So the RFID component with it, we were able to see what people were listening to, and it was fantastic because everybody has different tastes and we saw such an interesting read across the entire slate of content there.” Finn adds: “But after the fact, what we’ve been doing is assessing what does Audible Story House look like in our plans for ’27. Right now, what we’re doing is similar to what you saw at BookCon. We’re going to bring a version of that with the core fundamentals to Guadalajara Book Festival, and then Frankfurt Book Fair.” Paul McCartney, Olivia Dean and Raye Make Mercury Prize Shortlist Loading comments... More From Our Brands Rolling Stone Charley Crockett Seeks, and Finds, Peace Onstage With Evan Felker in Tulsa Robb Report The Pioneer of Transformative Wellbeing Continues to Lead the Way Sportico Tennis Prize Money Tracker: Which Player Has Earned the Most in 2026?",0,2026-08-27 19:45:28
28,https://variety.com/2026/film/awards/2027-oscars-films-oscars-odyssey-michael-taylor-swift-1236841799/,"Oscars: 7 Films That Could Define the Awards Season, From ‘The Odyssey’ to ‘Michael’",Variety,2026-08-27T18:30:00,11992,"Focus Features; A24; Lionsgate The frontrunners have a head start. The festivals have contenders ready to run them down. Let the games begin. The film year has already delivered, led by Christopher Nolan’s “ The Odyssey ,” a July event picture that doubled as the first true best picture launch of 2026. Back in May, Cannes fired the opening shots, sending Palme d’Or winner “Fjord,” Netflix-acquired Spanish-language epic “La Bola Negra” and Russian drama “Minotaur” down the Croisette with buzz that will trail them into the fall. Related Stories Ben Jones, Actor Turned Politician Who Played Cooter Davenport in 'The Dukes of Hazzard,' Dies at 84 But a frontrunner in August is just a film with an earlier release date. Over the next six weeks, the Oscars race will unspool in waves — the thin air of Telluride, the carpets of Venice’s Lido, the crowds of Toronto, the tastemakers of New York — with a single afternoon screening able to rewrite the whole narrative. Popular on Variety The festivals are set, and the year is loaded. And a moonwalk, a Homeric voyage and a Pixar goodbye are all in play at the same time. Here’s where the race stands. PROJECT HAIL MARY, Ryan Gosling, 2026. © Amazon MGM Studios /Courtesy Everett Collection ©MGM/Courtesy Everett Collection “Project Hail Mary” (Amazon MGM Studios) Ryan Gosling has three Oscar nominations — for “Half Nelson,” “La La Land” and “Barbie” — and no wins, and this adaptation of Andy Weir’s novel could hand him another shot. It also marks the live-action sci-fi leap of Phil Lord and Christopher Miller, the “Lego Movie” and “21 Jump Street” duo. Oscar history isn’t usually kind to directing partnerships: Only a handful have been nominated, most recently the Daniels for “Everything Everywhere All at Once.” Lord and Miller could join that short list, if Amazon MGM builds a friendly reminder campaign around them. “The Odyssey” (Universal Pictures) No surprise, Nolan is the man to beat, and “The Odyssey” is exactly the kind of feat the Academy’s directors branch loves to reward. His adaptation of Homer’s epic arrived to a wave of critical love, the rare summer tentpole with awards ambition built into its foundation: mythic source material, a starry ensemble and a theatrical approach designed to make the format itself part of the conversation. Two years after the “Oppenheimer” sweep — his first directing Oscar and a best picture win shared with wife and producing partner Emma Thomas — Nolan enters this campaign with a lot of Academy goodwill. Matt Damon’s Odysseus could put him in serious play in the actor race after winning a screenwriting Oscar nearly 30 years ago for “Good Will Hunting.” At the same time, John Leguizamo, Robert Pattinson, Anne Hathaway and Samantha Morton crowd a supporting field. Jaafar Jackson as Michael Jackson in Michael. Photo Credit: Courtesy of Lionsgate Courtesy of Lionsgate “Michael” (Lionsgate) Every season has an unofficial Oscar “villain” — think “Green Book,” “Bohemian Rhapsody” and “Emilia Pérez.” This year has a moonwalk. “Michael” doesn’t need critics (it has a 38% Rotten score, but a 97% Certified Fresh rating); it needs the Academy’s populist wing, the same bloc that widened best picture to 10 slots after the 2008 “Dark Knight” snub to make room for films the public embraced. Jaafar Jackson’s transformation into the King of Pop will be the main talking point, and two-time Oscar nominee Colman Domingo’s chilling turn as family patriarch Joe Jackson lends the film gravity. Factor in the craft branches — editing, sound and makeup and hairstyling — and voters have plenty of boxes to check. Olivia Wilde, Seth Rogen, Penélope Cruz and Edward Norton appear in The Invite by Olivia Wilde, an official selection of the 2026 Sundance Film Festival. Courtesy of Sundance Institute | photo c/o The Invite The Invite “The Invite” (A24) Olivia Wilde’s third feature is her sleekest, most assured work behind the camera, and A24 is mounting a full fall campaign. An English-language remake of Cesc Gay’s “The People Upstairs,” it boasts one of the year’s most impeccable ensembles: Seth Rogen, Wilde, four-time nominee Edward Norton and Oscar winner Penélope Cruz (a triple threat this year, with “La Bola Negra” and “Bunker” still to come). The engine is a crackling script by Rashida Jones and Will McCormack (reunited after “Celeste and Jesse Forever”) that offers sharp dialogue, a merciless structure and relentless laughs. In a season that rewards originals and adaptations alike, this is writing voters will likely remember in January and a cast the actors branch can get behind. OBSESSION, Inde Navarrette, 2025. © Focus Features /Courtesy Everett Collection ©Focus Features/Courtesy Everett Collection “Obsession” (Focus Features) If “Get Out” had Daniel Kaluuya, “Obsession” has Inde Navarrette. The horror breakout — the highest-grossing film in Focus Features history — lives and dies by its star, who plays a hypnotized co-worker and love interest with fearless physicality. Destined to be one of the year’s signature discoveries, as proven by her casting as Rogue in the upcoming “X-Men” movie, Navarrette could emerge as a critics’ awards darling, and Focus has every reason to push hard — perhaps even for writer-director-editor Curry Barker and a best picture slot. “I Swear” Graeme Hunter Pictures “I Swear” (Sony Pictures Classics) The N-word outburst at the BAFTA Awards put “I Swear” in the headlines and buried the real story: Robert Aramayo deserved that surprise win for lead actor. As a man living with Tourette’s syndrome, the 33-year-old English actor delivered an invigorating, deeply human turn that topped Timothée Chalamet’s in “Marty Supreme” and Michael B. Jordan’s in “Sinners.” The film’s U.S. release date makes it eligible for the Golden Globes, Critics Choice and the Oscars. If enough voters see it, they’ll understand why Aramayo won the BAFTA — and the film could get other Oscar nominations, including original screenplay. TOY STORY 5 , from left: Bullseye, Jessie (voice: Joan Cusack), 2026. © Walt Disney Studios Motion Pictures / Courtesy Everett Collection ©Walt Disney Co./Courtesy Everett Collection “Toy Story 5” (Pixar) “Toy Story 5” is a $1 billion juggernaut and the kind of overwhelming favorite the category bends around; Pixar sequels lock up nominations before the competition has finished storyboarding. The film also gets a boost from legendary composer Randy Newman and superstar Taylor Swift. The franchise carries a perfect Oscar record: All four previous “Toy Story” films earned best original song nominations, the only series with a flawless mark in the category. Pixar could extend the streak with “I Knew It, I Knew You,” written by Swift and Jack Antonoff — which would also hand Swift, a record four-time album of the year Grammy winner, her first Oscar bid after two near misses. In a franchise built on goodbyes, one more song may be all it takes. See all Academy Awards predictions Variety Awards Circuit: Oscars Jimmy Gonzales, Matt Damon and Himesh Patel in “The Odyssey” Melinda Sue Gordon/Universal Pictures Oscars Predictions Tracking (Aug. 26, 2026) Best Picture “The Debut” (A24) “Dune: Part Three” (Warner Bros.) “Fjord” (Neon) “The Invite” (A24) “La Bola Negra” (Netflix) “The Odyssey” (Universal Pictures) “Project Hail Mary” (Amazon MGM Studios) “Tender Loving Care” (Bleecker Street) “Wild Horse Nine” (Searchlight Pictures) “Wildwood” (Laika) Director Mike Leigh, “Tender Loving Care” (Bleecker Street) Martin McDonagh, “Wild Horse Nine” (Searchlight Pictures) Christopher Nolan, “The Odyssey” (Universal Pictures) Denis Villeneuve, “Dune: Part Three” (Warner Bros.) Olivia Wilde, “The Invite” (A24) Actor Tom Cruise, “Digger” (Warner Bros.) Matt Damon, “The Odyssey” (Universal Pictures) John Malkovich, “Wild Horse Nine” (Searchlight Pictures) Andrew Scott, “Elsinore” (Focus Features) John Turturro, “The Only Living Pickpocket in New York” (Sony Pictures Classics) Actress Marion Bailey, “Tender Loving Care” (Bleecker Street) Rosalind Eleazar, “Misty Green” (A24) Julianne Moore, “The Debut” (A24) Inde Navarette, “Obsession” (Focus Features) Olivia Wilde, “The Invite” (A24) Supporting Actor Andrew Garfield, “Artificial” (Neon) Paul Giamatti, “The Debut” (A24) John Goodman, “Digger” (Warner Bros.) John Leguizamo, “The Odyssey” (Universal Pictures) Sam Rockwell, “Wild Horse Nine” (Searchlight Pictures) Supporting Actress Penélope Cruz, “The Invite” (A24) Anne Hathaway, “The Odyssey” (Universal Pictures) Sandra Hüller, “Digger” (Warner Bros.) Samantha Morton, “The Odyssey” (Universal Pictures) Kate O’Flynn, “Tender Loving Care” (Bleecker Street) Original Screenplay “The Debut” (A24) — Jesse Eisenberg “Fjord” (Neon) — Cristian Mungiu “Josephine” (Sumerian Pictures) — Beth de Araújo “Tender Loving Care” (Bleecker Street) — Mike Leigh “Wild Horse Nine” (Searchlight Pictures) — Martin McDonagh Adapted Screenplay “Dune: Part Three” (Warner Bros.) — Jon Spaihts, Denis Villeneuve “The Further Mis-Adventures of Cliff Booth” (Netflix) — Quentin Tarantino “The Invite” (A24) — Rashida Jones and Will McCormack “The Odyssey” (Universal Pictures) — Christopher Nolan “Wildwood” (Laika) — Chris Butler Casting “Being Heumann” (Apple Original Films) “Clarissa” (Neon) “Dune: Part Three” (Warner Bros.) “I Play Rocky” (Amazon MGM Studios) “The Odyssey” (Universal Pictures) Animated Feature “Forgotten Island” (DreamWorks Animation) “Ray Gunn” (Netflix) “Tangles” (Independent Film Company) “Toy Story 5” (Pixar) “Wildwood” (Laika) Production Design “Dune: Part Three” (Warner Bros.) “The Further Mis-Adventures of Cliff Booth” (Netflix) “La Bola Negra” (Netflix) “The Odyssey” (Universal Pictures) “Werwulf” (Focus Features) Cinematography “Digger” (Warner Bros.) “Dune: Part Three” (Warner Bros.) “The Odyssey” (Universal Pictures) “Project Hail Mary” (Amazon MGM Studios) “Werwulf” (Focus Features) Costume Design “Dune: Part Three” (Warner Bros.) “La Bola Negra” (Netflix) “I Love Boosters” (Neon) “Michael” (Lionsgate) “Werwulf” (Focus Features) Film Editing “The Debut” (A24) “Dune: Part Three” (Warner Bros.) “Michael” (Lionsgate) “The Odyssey” (Universal Pictures) “Wild Horse Nine” (Searchlight Pictures) Makeup and Hairstyling “Digger” (Warner Bros.) “Dune: Part Three” (Warner Bros.) “Elsinore” (Focus Features) “I Play Rocky” (Amazon MGM Studios) “Michael” (Lionsgate) Sound “Dune: Part Three” (Warner Bros.) “La Bola Negra” (Netflix) “Michael” (Lionsgate) “Project Hail Mary” (Amazon MGM Studios) “The Odyssey” (Universal Pictures) Visual Effects “Dune: Part Three” (Warner Bros.) “Godzilla Minus Zero” (Toho) “The Odyssey” (Universal Pictures) “Project Hail Mary” (Amazon MGM Studios) “Spider-Man: Brand New Day” (Sony Pictures) Original Score “The Debut” (A24) — Emile Mosseri “Dune: Part Three” (Warner Bros.) — Hans Zimmer “The Odyssey” (Universal Pictures) — Ludwig Göransson “Tenzing” (Apple Original Films) — Rebekka Karijord “Wildwood” (Laika) — Dario Marianelli Original Song “By Any Means” (Paramount Pictures) — “By Any Means” “The Debut” (A24) — Title TBA “Forgotten Island” (DreamWorks Animation) — “A Parallel World” “Toy Story 5″ (Pixar) — “I Knew It, I Knew You” “Wildwood” (Laika) — Title TBA Documentary Feature “American Doctor” (Watermelon Pictures) “The History of Concrete” (Magnolia Pictures) “Musk” (Bleecker Street) “Once Upon a Time in Harlem” (Neon) “One in a Million” (PBS Documentary Films) International Feature “All of a Sudden” from Japan (Neon) “Fjord” from Romania (Neon) “La Bola Negra” from Spain (Netflix) “Minotaur” from France (Mubi) “Possible Love” from South Korea (Netflix) See all Academy Awards predictions Variety Awards Circuit: Emmys Loading comments... More From Our Brands Rolling Stone Charley Crockett Seeks, and Finds, Peace Onstage With Evan Felker in Tulsa Robb Report The Pioneer of Transformative Wellbeing Continues to Lead the Way Sportico Tennis Prize Money Tracker: Which Player Has Earned the Most in 2026?",0,2026-08-27 19:45:29
29,https://variety.com/2026/film/news/squid-game-lee-byung-hun-hwang-dong-hyuk-ko-club-1236845434/,"‘Squid Game’ Star Lee Byung-hun, Creator Hwang Dong-hyuk Reunite for Thriller ‘K.O. Club’",Variety,2026-08-27T18:28:32,2821,"Aug 27, 2026 11:28am PT ‘Squid Game’ Star Lee Byung-hun, Creator Hwang Dong-hyuk Reunite for Thriller ‘K.O. Club’ By Naman Ramachandran Plus Icon Naman Ramachandran Latest ‘Squid Game’ Star Lee Byung-hun, Creator Hwang Dong-hyuk Reunite for Thriller ‘K.O. Club’ 1 hour ago Utopai Studios Unifies Asia-Pacific Operations, Taps Hyun Park to Lead Region (EXCLUSIVE) 4 hours ago James Cameron’s ‘Terminator 2,’ Michael Mann’s ‘Manhunter’ and Jacques Tati Retrospective Anchor Studiocanal’s New Classics Label 7 hours ago See All Getty Images Lee Byung-hun is reuniting with “ Squid Game ” creator Hwang Dong-hyuk on sci-fi thriller “ K.O. Club ,” the director’s first feature film in nearly a decade. Firstman Studio, the production company Hwang runs with producer Kim Ji-yeon, confirmed the casting, with filming targeted for the first half of 2027. Lee, who played the Front Man across the “Squid Game” franchise, headlines a lineup that also includes fellow franchise alum Park Hae-soo. Rounding out the ensemble are Oh Jung-se (“It’s Okay to Not Be Okay”), Cho Yeo-jeong (“Parasite”) and Kim So-jin (“The Man Standing Next”), each working with Hwang for the first time. Related Stories Ben Jones, Actor Turned Politician Who Played Cooter Davenport in 'The Dukes of Hazzard,' Dies at 84 The film centers on a near-future in which wealth can buy biological youth, pitting an aging elite that hoards money and power against a younger generation locked out of both. “K.O. Club” is shorthand for “Killing Oldmen Club,” a title that spells out the class war at the story’s core. Popular on Variety Firstman Studio built its reputation carrying “Squid Game” to a global audience and has since branched into television with the series “Affairs Not the Only Secret.” “K.O. Club” represents the company’s return to feature production alongside its founder. Hwang last released a theatrical film in 2017 with the historical drama “The Fortress,” following earlier credits including comedy “Miss Granny” and drama “Silenced.” He became the first Asian director honored with a directing Emmy for a foreign-language series on the strength of “Squid Game.” Lee’s recent credits include Park Chan-wook’s “No Other Choice” and the Go drama “The Match.” “Squid Game” ran for three seasons on Netflix and became one of the platform’s most-watched series worldwide, cementing Hwang as one of Korean entertainment’s most closely watched exports heading into his return to the big screen. Paul McCartney, Olivia Dean and Raye Make Mercury Prize Shortlist Loading comments... More From Our Brands Rolling Stone Charley Crockett Seeks, and Finds, Peace Onstage With Evan Felker in Tulsa Robb Report The Pioneer of Transformative Wellbeing Continues to Lead the Way Sportico Tennis Prize Money Tracker: Which Player Has Earned the Most in 2026?",0,2026-08-27 19:45:30
5,https://deadline.com/2026/08/andrew-bachelor-tap-twice-feature-directorial-debut-1237061111/,Andrew Bachelor Directs & Stars In Supernatural Horror Film ‘Tap Twice’,Deadline,2026-08-27T18:23:56,2230,"Skip to main content By Matt Grobar Matt Grobar Senior Film Reporter More Stories By Matt Andrew Bachelor Directs & Stars In Supernatural Horror Film ‘Tap Twice’ Amazon MGM Orders Penn Badgley Murder Mystery Series ‘Everyone In My Family Has Killed Someone’ From David Hemingson Jamie Dornan Joins Zoë Kravitz In Megan Park’s Mystery Apple Film View All August 27, 2026 11:23am Andrew Bachelor Solmaz Saberi EXCLUSIVE: Andrew “ King Bach ” Bachelor has wrapped on the Los Angeles shoot for Tap Twice , an indie supernatural horror film marking his feature directorial debut, in which he also stars. In the film, a grieving couple retreats to an isolated estate where the walls record every word — and a presence learns to speak in their voices. Others in the cast include Chelsea Tavares ( All American ), Joel McKinnon Miller ( Brooklyn Nine-Nine ), Carson Fagerbakke ( Shifting Gears ), Augusta Liv ( The Beauty ), Gillian Nation ( Baywatch ) and Joe Massingill ( Spider-Noir ). Christina and Andrew Bachelor produced alongside Ryan Lewis and Ilya Pozin in association with Luna Media Company. Watch on Deadline A comedian, actor and content creator with over 70 million followers across social platforms, Bachelor released his debut comedy special Like, Share, And Comment , directed by Jo Koy, in June. As an actor, he’ll be seen coming up in Universal’s Violent Night 2 , Amazon MGM’s Road House 2 and romantic comedy Goodbye Girl , and the indie crime thriller Good in the Room . He is repped by Christina Bachelor, Artists First, CAA, and Duncan Hedges of Hansen, Jacobson, Teller. Tavares is repped by Innovative Artists; McKinnon Miller by Michael Greene Artists Agency; Fagerbakke by Main Title Entertainment and Buchwald; Liv by AEFH; Nation by Luber Roklin; and Massingill by Venture, J Pervis Talent Agency, Ellis Talent Group, and Goodman, Genow, Schenkman. Odessa Young In Talks For Charlene Role In ‘Heat 2’; María Cid Top Choice For Gabi Paramount+ Renews Tyler Perry’s ‘Zatima’ & ‘Divorced Sistas,’ 2 Other Ex-BET+ Shows Optimus Prime Voice Actor Peter Cullen, 85; ‘Menace II Society’s Samuel Monroe Jr, 52 Danny Ramirez Set For ‘Miami Vice ’85’ With Michael B. Jordan And Austin Butler Read More About: Comments",0,2026-08-27 19:45:03
30,https://variety.com/2026/tv/global/edinburgh-tv-festival-manchester-1236845187/,Plans in Development to Replace Edinburgh TV Festival as it Moves to Manchester,Variety,2026-08-27T18:15:00,3077,"Aug 27, 2026 11:15am PT Plans in Development to Replace Edinburgh TV Festival as it Moves to Manchester By K.J. Yossman Plus Icon K.J. Yossman @KJYossman Latest Plans in Development to Replace Edinburgh TV Festival as it Moves to Manchester 1 hour ago BBC Director-General Matt Brittin Says Its News Service Is ‘A Disinfectant for Misinformation’ 2 hours ago ‘Married at First Sight’ Scandal Being Taken ‘Very Seriously’ Says Channel 4 Exec as Contributor Welfare Takes Spotlight 7 hours ago See All Getty Scotland’s screen bodies are working on a new Edinburgh-based festival for the media and creative industries as the TV Festival moves to Manchester. Màiri McAllan Cabinet Secretary for Education, Culture and Gaelic confirmed the news at a launch event on the penultimate night of the festival. “Baby Reindeer” creator Richard Gadd was among the attendees at the event. Screen Scotland are developing the new event with an eye to integrating it with other creative festivals that run in the city throughout August, including the Edinburgh Fringe and Edinburgh International Film Festival. Consultant Rowan Woods has been appointed to explore the idea, funded by Screen Scotland and delivered through The Fringe Society. Woods will consult widely with various stakeholders – including the other festivals as well as venues, broadcasters and producers – to establish the scope and shape of the event. Related Stories Ben Jones, Actor Turned Politician Who Played Cooter Davenport in 'The Dukes of Hazzard,' Dies at 84 Consultation is expected to wrap in spring 2027 with a pilot planned for next summer. Popular on Variety Screen Scotland has already confirmed it will establish a new debate format, titled the Lynda Myles Debate, as part of the offering, named for Lynda Myles, formerly director of the EIFF and co-creator of the Edinburgh TV Festival . “We are so proud of Scotland’s screen sector and this exciting addition to the August festivals line-up will provide a new way to embrace the creativity and cultural innovation which makes our capital unique,” said McAllan. “As a global hotbed of emerging talent, where new voices are heard and fresh stories are told, Edinburgh will continue its world-leading offer for the television industry with the support of the Scottish Government – and will do so alongside our other Edinburgh festivals, showcasing brilliance across artforms.” Earlier this year the TV Festival, which celebrates its fiftieth anniversary this year, confirmed it would be moving to Manchester from 2027. Hulu Cancels Mindy Kaling-Created Comedy ‘Not Suitable for Work’ After One Season (EXCLUSIVE) Phyllida Law, Scottish Actress and Mother of Emma and Sophie Thompson, Dies at 94 ‘Nanny McPhee’ Musical Written by Emma Thompson to Open in London Next Summer Loading comments... More From Our Brands Rolling Stone Charley Crockett Seeks, and Finds, Peace Onstage With Evan Felker in Tulsa Robb Report The Pioneer of Transformative Wellbeing Continues to Lead the Way Sportico Tennis Prize Money Tracker: Which Player Has Earned the Most in 2026?",0,2026-08-27 19:45:31
6,https://deadline.com/2026/08/new-edinburgh-tv-event-confirmed-richard-gadd-launch-event-1237061057/,New Edinburgh TV Event Confirmed At Launch Event Attended By Richard Gadd,Deadline,2026-08-27T18:15:00,5127,"Skip to main content By Jesse Whittock Jesse Whittock International TV Co-Editor @WhittockTweets More Stories By Jesse BBC Boss Matt Brittin Outlines Concept For YouTube-Style “Public Service Algorithm” Propelled By Creators Prime Video Sets Access Doc Series On Peter Crouch & Abby Clancy Prime Video Revs Up Doc Series About F1 Driver Lando Norris View All August 27, 2026 11:15am Richard Gadd and Phoebe Waller-Bridge were discovered in Edinburgh Josh Telles for Deadline/Getty Edinburgh will have a TV festival in August after all. Scotland’s Cabinet Secretary for Education, Culture and Gaelic, Màiri McAllan, has today confirmed an initiative aimed at developing a new festival that will sit alongside the other Edinburgh festivals, including the film and comedy events. This confirms Deadline’s scoop from last month . This outlined how Screen Scotland had commissioned a piece of work aimed at exploring an industry event that would replace the Edinburgh TV Festival , which is next year moving to Manchester after 51 years. Related Stories News 'The Pitt' & 'The Celebrity Traitors' Win Prizes At Edinburgh TV Festival Awards News BBC Boss Matt Brittin Outlines Concept For YouTube-Style ""Public Service Algorithm"" Propelled By Creators A launch event attended by Baby Reindeer and Half Man creator Richard Gadd was held today in Scotland’s capital, as many of the UK’s TV sector attended the final Edinburgh TV Festival, which is held at the Edinburgh International Conference Centre. Gadd and the likes of Fleabag creator Phoebe Waller-Bridge were discovered by the TV industry while performing their shows in the city during August. Watch on Deadline As we previously reported, the initial development work was funded by Screen Scotland and completed in early summer 2026. Per a news release today, this was undertaken “with fresh eyes” and explored “how Edinburgh’s August festivals partner to present a new offer to the global content industries, in response to the increasingly blurred boundaries between the different creative artforms and the way creative talent, IP and ideas move fluidly between them.” Former Edinburgh TV Festival Creative Director Rowan Woods , who oversaw the initial development, has been appointed to lead the next stage of development, which will again be funded by Screen Scotland and delivered through The Fringe Society. Working with the Fringe Society, Screen Scotland and a broader advisory group, she will consult widely across the August festivals and with venues, broadcasters, platforms, content creators, publishers and other potential participants and audiences to establish the shape of the new initiative. This will include “how it can best support the connection of new talent and IP to content commissioners worldwide.” This consultation phase is expected to conclude in early spring 2027, with an initial pilot planned for next August. This will likely place it in direct competition with the Manchester event, whose details haven’t yet been announced. Edinburgh is awash with energy during August, with the Fringe attracting hundreds of comedy acts, who perform in venues across the city during the month. Alongside that is the Edinburght Film Festival, the Edinburgh TV Festival and the Edinburgh International Book Festival, making the city a hive of activity. Many TV professional bemoaned the plan to move the TV fest out, even though costs have become prohibitively high in many cases. The Scottish Government is providing funding support for the new event’s development via Screen Scotland. More details will follow next year. David Smith, Director of Screen Scotland, said: “Edinburgh has a unique role to play in bringing together the people, ideas and creative work that will shape the future of the screen and wider creative industries. Every August, the city becomes a remarkable meeting place for talent from around the world, alongside audiences, producers, commissioners, artists and creative thinkers. “We have an opportunity to build on that extraordinary concentration of talent and energy and create something new, ambitious and genuinely distinctive for the global industry.” Separately, Screen Scotland is establish the Lynda Myles Debate as a keynote element of the August festivals from from next. This will “honour the contribution” of Lynda Myles, formerly Director of the Edinburgh International Film Festival and co-creator of the Edinburgh TV Festival, to the city’s festival month. “I’m deeply touched and honoured to have the debate named after me,” said Myles. It’s exciting to see the importance of ideas and discussion being recognised in the plans for the new event, especially as this was the initial intention of the creation of the Edinburgh Television Festival in 1976.” Odessa Young In Talks For Charlene Role In ‘Heat 2’; María Cid Top Choice For Gabi Paramount+ Renews Tyler Perry’s ‘Zatima’ & ‘Divorced Sistas,’ 2 Other Ex-BET+ Shows Optimus Prime Voice Actor Peter Cullen, 85; ‘Menace II Society’s Samuel Monroe Jr, 52 Danny Ramirez Set For ‘Miami Vice ’85’ With Michael B. Jordan And Austin Butler Read More About: 2 Comments",0,2026-08-27 19:45:04
31,https://variety.com/2026/shopping/news/ancestry-dna-labor-day-sale-shop-online-1236845414/,This AncestryDNA Labor Day Sale Helps You ‘Find Your Roots’ at Home for a Portion of the Price,Variety,2026-08-27T18:10:23,1330,"Aug 27, 2026 11:10am PT Partner Content This AncestryDNA Labor Day Sale Helps You ‘Find Your Roots’ at Home for a Portion of the Price By Anna Tingley Plus Icon Anna Tingley Latest The Best Celebrity Fragrance Campaigns in 2026: Zendaya, Dakota Johnson, Alexander Skarsgård and More 1 hour ago This AncestryDNA Labor Day Sale Helps You ‘Find Your Roots’ at Home for a Portion of the Price 2 hours ago Disney and Pandora Drop Halloween Jewelry Collection Inspired by Franchise Villains (Including First-Ever Scented Charm) 2 days ago See All If you purchase an independently reviewed product or service through a link on our website, Variety may receive an affiliate commission. AncestryDNA is offering one of its steepest discounts of the year for Labor Day, giving amateur genealogists a cheaper way to uncover the kinds of family secrets that regularly leave celebrities stunned on PBS’ “ Finding Your Roots .” Through Sept. 8 at 10 a.m. ET, the genealogy company is taking up to 75% off its DNA offers, dropping the standard AncestryDNA kit from $99 to $34. The test provides an ancestral origins report spanning more than 3,600 geographic regions, plus connections to genetic relatives in Ancestry’s database. Related Stories Ben Jones, Actor Turned Politician Who Played Cooter Davenport in 'The Dukes of Hazzard,' Dies at 84",0,2026-08-27 19:45:32
7,https://deadline.com/2026/08/in-a-holidaze-movie-release-date-netflix-christina-lauren-1237061093/,‘In A Holidaze’ Film Adaptation Of Christina Lauren’s Novel Sets Release Date At Netflix,Deadline,2026-08-27T18:10:22,2093,"Skip to main content By Dessi Gomez Dessi Gomez SEO Staff Writer @GomezDessi More Stories By Dessi Netflix Sets Fall Release Date For ‘Guarding Stars’ Film Based On Katherine Center’s ‘The Bodyguard’ Everything We Know About ‘Only Murders In The Building’ Season 6 So Far Everything We Know About ‘The Gilded Age’ Season 4 So Far View All August 27, 2026 11:10am L-R: Maddie Ziegler, Rob Lowe, Graham Phillips, and Elias Kacavas Getty/Courtesy/Jade Greene/Getty Christina Lauren fans have an early Christmas present to anticipate. Netflix ’s film adaptation of the author duo’s In A Holidaze will arrive on the streamer Dec. 2. Written and directed by Tiffany Paulsen ( Winter Spring Summer Fall ), the story centers “a directionless twentysomething” who “after making a romantic mistake of epic proportions” becomes trapped in a holiday time loop, “forced to relive the same Christmas at her family’s cabin until she discovers what makes her happy. Related Stories Books Netflix Sets Fall Release Date For ‘Guarding Stars’ Film Based On Katherine Center’s ‘The Bodyguard’ Books Rebelle Media & MGM Television Win Rights To Adapt ‘When In Rome’ Series By Sarah Adams Billed as Love Actually meets Groundhog Day , it’s the most wonderful time of the year…but not for Maelyn Jones, who’s living with her parents, hates her going-nowhere job, and has just made a romantic error of epic proportions. While on a Christmas trip at her family’s favorite snowy Utah cabin, she pleas to the universe to help her turn things around, which results in a holiday time-loop that she cannot escape. Watch on Deadline The film stars Maddie Ziegler , Rob Lowe , Graham Phillips and Elias Kacavas, as Deadline first reported . Patton Oswalt, Jackie Sandler, Gil Bellows and Andrea Anders will also appear . Lauren Billings and Christina Hobbs posted the news to their Instagram . “We can’t wait for you to see the cabin, the sad but gorgeous Christmas tree (it really is gorgeous!), Maisie and Andrew, Uncle Benny, and the whole gang,” they wrote. “Watch party with Christmas cookies and matching pjs yes/yes??”",0,2026-08-27 19:45:05
8,https://deadline.com/2026/08/robert-greenblatt-dolly-parton-remembrance-9-to-5-nbc-1237060889/,Robert Greenblatt Reminisces On Long Friendship With ‘9 To 5’ Collaborator (And Stage Partner) Dolly Parton: “God Broke The Mold After Creating Her”,Deadline,2026-08-27T18:03:14,1750,"Skip to main content By Robert Greenblatt Robert Greenblatt More Stories By Robert Robert Greenblatt Reminisces On Long Friendship With ‘9 To 5’ Collaborator (And Stage Partner) Dolly Parton: “God Broke The Mold After Creating Her” View All August 27, 2026 11:03am Story Arc (L-R): Robert Greenblatt, Dolly Parton at the 2015 NBC upfront presentation at Radio City Music Hall NBC Eleven years ago, NBC delivered one of the most memorable moments in upfront presentation history when the head of the network, Robert Greenblatt , sat behind the piano to accompany Dolly Parton ‘s performance of “ I Will Always Love You.” Following Parton’s August 25 death at 80 , the former top Showtime, NBC and WarnerMedia executive Greenblatt recalled how that stunt came about and reflected on the duo’s 23-year friendship that started when he approached her about turning her classic movie 9 to 5 into a musical. Greenblatt executive produces HBO Emmy-nominated hit The Gilded Age and just won his fourth Tony Award for Ragtime. Related Stories Culture Remembering Dolly Parton: A Career in Photos News Dolly Parton: Beyoncé, Pedro Pascal, Sabrina Carpenter & More Pay Tribute To “One Of One” Country Music Legend The loss of Dolly Parton is profound. A wound that people all over the world are feeling. It’s as if collectively we lost a guiding light in the middle of a storm, someone who could bring simple common sense to the chaos of life. She was a prolific songwriter and a galvanizing performer who somehow appealed to literally everyone, whether you liked country music or not. But to me she was a beautiful human being all about love, and just being able to call her a friend is something for which I will always be eternally grateful. Watch on Deadline",0,2026-08-27 19:45:07
38,https://www.hollywoodreporter.com/tv/tv-news/penn-badgley-everyone-in-my-family-has-killed-someone-prime-video-1236683311/,Penn Badgley to Star in Murder Mystery ‘Everyone in My Family Has Killed Someone’ at Prime Video,Hollywood Reporter,2026-08-27T18:00:08,3230,"Skip to main content By Rick Porter Plus Icon Rick Porter Television Business Editor rickporter Follow Sign Up View All August 27, 2026 11:00am Penn Badgley and David Hemingson Slaven Vlasic/Getty Images; Luke Fontana Logo text Penn Badgley just can’t seem to get away from killers. The You star will topline a murder mystery at Prime Video called Everyone in My Family Has Killed Someone . Prime has placed a series order for the project from showrunner David Hemingson, Fifth Season and Made Up Stories. The series is based on a novel of the same name by Benjamin Stevenson. “I’m thrilled to be partnered with Fifth Season and Made Up Stories in bringing Ben’s heartfelt and darkly hilarious whodunit to life,” said Hemingson ( The Holdovers ). “And we are so lucky to have Penn as our lead. I can’t think of any actor better suited to bring Ern’s intensity, brilliance and hilariously dry sense of humor to life.” Related Stories TV Carina Walker Named Head of YA at Amazon MGM Studios Beyond the Book Anna Todd's Post-'After' Era: Inside Her Next Chapter With 'The Last Sunrise' Romance Everyone in My Family Has Killed Someone follows Ern Cunningham (Badgley), a “mystery-writing expert” who heads to Vermont for family reunion “to welcome his brother Michael home from prison — the same brother Ern helped convict,” the show’s logline reads. “When a frozen body appears and a snowstorm traps everyone inside, the deaths begin to mount. Everyone in Ern’s family has already killed someone — either by accident or otherwise.” Hemingson will executive produce the series with Bruna Papandrea , Steve Hutensky and Jeanne Snow of Made Up Stories, Molly Allen, Badgley and Stevenson. “I am blown away by the vision and enthusiasm everyone has for bringing this book, and Ernest Cunningham, to the screen,” said Stevenson. “Penn perfectly captures Ern’s clueyness and cleverness, and David has brought bags of wit and heart to the script. With the passion of Amazon MGM Studios, Bruna and Steve behind us we have an absolutely killer team, and I can’t wait to solve a murder with them.” Stevenson’s 2022 novel kicked off a best-selling series — there are currently four Ernest Cunningham mysteries, and the author is writing a fifth. “We’re beyond excited to bring Ben’s sensational book to life in Dave Hemingson’s brilliant hands,” said Papandrea and Hutensky. “We’ve found the perfect Ern in Penn and it’s a dream to be making this series with our amazing partners Amazon MGM Studios and Fifth Season.” Added Peter Friedlander, head of global TV at Amazon MGM, “ Everyone in My Family Has Killed Someone is a brilliantly inventive series that subverts the murder mystery genre in the most unexpected and entertaining ways. Ben created a world that is darkly funny and wickedly clever. Paired with David’s sharp storytelling and Penn’s magnetic presence, and with our incredible partners at Fifth season and Made Up Stories, this series is going to be something truly special for Prime Video.” Badgley is repped by Brillstein Entertainment Partners, CAA, The Lede Company and Hansen Jacobson. Hemingson is with by 3 Arts, WME, and McKuin Frankel. Stevenson is repped by Intellectual Property Group and Curtis Brown Australia. THR",0,2026-08-27 19:45:40
10,https://deadline.com/2026/08/the-pitt-the-traitors-edinburgh-tv-festival-awards-1237061059/,‘The Pitt’ & ‘The Celebrity Traitors’ Win Prizes At Edinburgh TV Festival Awards,Deadline,2026-08-27T18:00:00,2739,"Skip to main content By Jake Kanter Jake Kanter International Investigations Editor @Jake_Kanter More Stories By Jake ‘The Pitt’ & ‘The Celebrity Traitors’ Win Prizes At Edinburgh TV Festival Awards BBC Presenter Amol Rajan Says Broadcaster Is “Screwed” Unless Funding “Emergency” Is Fixed ‘The Celebrity Traitors’ Teaser Trailer: BBC Promises Tears & Shocks As Stars Like Bella Ramsey & Richard E. Grant Do Battle In Season 2 View All August 27, 2026 11:00am Noah Wyle in 'The Pitt' HBOMAX The Edinburgh TV Festival has announced the winners of its 2026 awards. HBO series The Pitt was named Best International Drama, while The Celebrity Traitors won Best Entertainment or Reality Series. The Celebrity Traitors host Claudia Winkleman took home Best TV Presenter – Entertainment. BBC transgender drama What It Feels Like for a Girl scooped Best Drama, while Rose Ayling-Ellis won Best TV Actor – Drama for her work in Code of Silence . Saturday Night Live UK also clinched a prize for Sky. Jack Shep’s performance as Princess Diana in The Last Supper sketch won TV Moment of the Year. Related Stories News BBC Boss Matt Brittin Outlines Concept For YouTube-Style ""Public Service Algorithm"" Propelled By Creators Documentary Prime Video Revs Up Doc Series About F1 Driver Lando Norris Full winners below: Watch on Deadline Broadcaster of the Year BBC Production Group of the Year ITV Studios Small Indie of the Year Candour Productions Agency of the Year The Foundry Best Visualised Podcast Game’s Gone – The Steve Bracknall Podcast Best Branded Entertainment The Cancer Detectives: Finding the Cures Best Drama What It Feels Like for a Girl Best Documentary Breaking Ranks: Inside Israel’s War (Exposure) Best TV Actor – Drama Rose Ayling-Ellis in Code of Silence Best TV Actor – Comedy Oliver Savell in Changing Ends Production Company of the Year Twofour Climate Storytelling Award Dirty Business Best Entertainment or Reality Series The Celebrity Traitors Best International Drama The Pitt Breakthrough Performance Ellis Howard in What It Feels Like for a Girl Best Popular Factual Series The Assembly Best Comedy Saturday Night Live UK Best TV Presenter – Entertainment Claudia Winkelman – The Celebrity Traitors Best TV Presenter – Factual Oobah Butler – How I Made £1 Million in 90 Days Outstanding Achievement Award Davina McCall TV Moment of the Year Princess Di serves face at The Last Supper Odessa Young In Talks For Charlene Role In ‘Heat 2’; María Cid Top Choice For Gabi Paramount+ Renews Tyler Perry’s ‘Zatima’ & ‘Divorced Sistas,’ 2 Other Ex-BET+ Shows Optimus Prime Voice Actor Peter Cullen, 85; ‘Menace II Society’s Samuel Monroe Jr, 52 Awards; BBC’s ‘Top Gear’ Reboot; YouTube’s Message To Biz Read More About: Comments",0,2026-08-27 19:45:09
9,https://deadline.com/2026/08/penn-badgley-everyone-in-my-family-has-killed-someone-show-1237060919/,Amazon MGM Orders Penn Badgley Murder Mystery Series ‘Everyone In My Family Has Killed Someone’ From David Hemingson,Deadline,2026-08-27T18:00:00,5029,"Skip to main content By Matt Grobar Matt Grobar Senior Film Reporter More Stories By Matt Andrew Bachelor Directs & Stars In Supernatural Horror Film ‘Tap Twice’ Amazon MGM Orders Penn Badgley Murder Mystery Series ‘Everyone In My Family Has Killed Someone’ From David Hemingson Jamie Dornan Joins Zoë Kravitz In Megan Park’s Mystery Apple Film View All August 27, 2026 11:00am Penn Badgley Slaven Vlasic/Getty Images Amazon MGM Studios has announced a series order for Everyone in My Family Has Killed Someone , a darkly comedic murder mystery from Fifth Season and Made Up Stories, based on the bestselling book series by Benjamin Stevenson . You ‘s Penn Badgley will star, with David Hemingson ( The Holdovers ) set as showrunner and executive producer. Badgley returns to Amazon after wrapping a starring role opposite Meghann Fahy in their forthcoming rom-com You Deserve Each Other — also from Fifth Season, along with Likely Story. The project gets off the ground at Amazon MGM after an attempt at series development of the book at HBO. Related Stories Casting Elizabeth McGovern Joins Amazon MGM Horror Film 'Seasons' Executives Amazon MGM Studios Names Carina Walker Head Of YA Set deep in the dense mountains of Vermont’s Northeast Kingdom, Everyone in My Family Has Killed Someone follows Ern Cunningham (Badgley), a mystery-writing expert who reluctantly attends a family reunion to welcome his brother Michael home from prison — the same brother Ern helped convict. When a frozen body appears and a snowstorm traps everyone inside, the deaths begin to mount. Everyone in his family has already killed someone — either by accident or otherwise. Watch on Deadline Mariner Books published the book in 2022. It’s Stevenson’s first in an internationally bestselling series, dubbed Ernest Cunningham Mysteries , whose fifth installment is currently in the works. Hemingson exec produces alongside Bruna Papandrea, Steve Hutensky and Jeanne Snow of Made Up Stories, Molly Allen, Badgley and Stevenson. Fifth Season and Made Up Stories are producing and will together serve as the studio. Fifth Season and Made Up Stories reteam following collaborations on series including The Good Daughter and Wolf Like Me for Peacock, Roar for Apple TV+, Nine Perfect Strangers for Hulu, Pieces of Her and Anatomy of a Scandal for Netflix, The Last Anniversary for AMC and The Lost Flowers of Alice Hart for Prime Video. In a statement on the series order, author Stevenson shared, “I am blown away by the vision and enthusiasm everyone has for bringing this book, and Ernest Cunningham, to the screen. Penn perfectly captures Ern’s clueyness and cleverness, and David has brought bags of wit and heart to the script. With the passion of Amazon MGM Studios, Bruna and Steve behind us we have an absolutely killer team, and I can’t wait to solve a murder with them!” Peter Friedlander, Amazon MGM’s Head of Global Television, added: “ Everyone in My Family Has Killed Someone is a brilliantly inventive series that subverts the murder mystery genre in the most unexpected and entertaining ways. Ben created a world that is darkly funny and wickedly clever. Paired with David’s sharp storytelling and Penn’s magnetic presence, and with our incredible partners at Fifth Season and Made Up Stories, this series is going to be something truly special for Prime Video.” No stranger to murder, nor successful book adaptations, Badgley is coming off of a starring turn as serial killer Joe Goldberg in the hit thriller series You , based on the book series by Caroline Kepnes, which originated at Lifetime before moving to Netflix for its final four seasons. Otherwise best known for starring in The CW’s Gossip Girl , his upcoming slate includes the Bleecker Street thriller NDA , in addition to You Deserve Each Other . He is repped by Brillstein Entertainment Partners, CAA, and Hansen, Jacobson, Teller. Oscar-nominated for his script The Holdovers , the holiday dramedy directed for Focus Features by Alexander Payne, Hemingson also produced that film, marking the screen debut of Tony ‘s Dominic Sessa. Otherwise best known for creating the ABC series Whiskey Cavalier , the writer-producer has also worked on The Catch , Don’t Trust the B—- in Apartment 23 , Kitchen Confidential and myriad other series. He is repped by 3 Arts, WME, and McKuin Frankel & Whitehead. A stand-up comic, as well as an author, Stevenson’s books have sold over a million copies in 29 territories. The latest in his Ernest Cunningham series, Everyone in This Bank Is a Thief , released in March. He is repped by Leslie Conliffe at Intellectual Property Group and Pippa Masson at Curtis Brown Australia. Odessa Young In Talks For Charlene Role In ‘Heat 2’; María Cid Top Choice For Gabi Paramount+ Renews Tyler Perry’s ‘Zatima’ & ‘Divorced Sistas,’ 2 Other Ex-BET+ Shows Optimus Prime Voice Actor Peter Cullen, 85; ‘Menace II Society’s Samuel Monroe Jr, 52 Danny Ramirez Set For ‘Miami Vice ’85’ With Michael B. Jordan And Austin Butler Read More About: Comments",0,2026-08-27 19:45:08
39,https://www.hollywoodreporter.com/news/general-news/billy-porter-legacy-award-elizabeth-taylor-aids-foundation-1236683282/,Billy Porter Set to Receive Legacy Award From Elizabeth Taylor AIDS Foundation,Hollywood Reporter,2026-08-27T17:52:49,2695,"× Skip to main content By Chris Gardner Plus Icon Chris Gardner chrissgardner Follow Sign Up View All August 27, 2026 10:52am Billy Porter Credit: Afshin Feiz/Courtesy of Subject The Elizabeth Taylor AIDS Foundation is finalizing the program for its Los Angeles fundraiser, a Night of Compassion, by drafting Billy Porter to receive one of the top awards. The Emmy-winning actor and activist will receive the Elizabeth Taylor Legacy Award, while Vanity Fair will receive some shine by taking home the the Elizabeth Taylor Commitment to End AIDS Award. CNN’s Laura Coates is confirmed to host the whole affair from inside a Beverly Hills Hotel ballroom on Sept. 17. Deborah Cox, who broke out with her 1998 smash “Nobody’s Supposed to be Here,” will take the stage to perform at the Gilead Sciences-sponsored event. Related Stories Business John Waters, Billy Porter and Julio Torres Set for Second Season of 'Finding Fire Island' Series Lifestyle Elton John Impact Awards to Honor LGBTQ+ Icons and Trailblazers Including Jonathan Bailey and Chappell Roan “ETAF is honored to celebrate Billy Porter and Vanity Fair at this year’s Elizabeth Taylor Night of Compassion. Both have used their platforms to raise awareness, inspire change and stand up for communities affected by HIV and AIDS,” said ETAF executive director Catherine Brown. “At a time when so many people living with and at risk of HIV are facing uncertainty, their voices, advocacy and support are more important than ever. We are proud to recognize their commitment and to continue Elizabeth’s legacy of compassion and action.” Porter, the multi-hyphenate actor, singer, director, producer, composer and playwright, won an Emmy for his work on Ryan Murphy’s FX’s drama Pose . Porter originated the role of Lola in the Broadway musical Kinky Boots , which won him a Tony Award, Drama Desk Award and Outer Critics Circle Award, as well as a Grammy for best musical theater album. He won a second Tony as a producer on A Strange Loop . Porter will be seen in The Hunger Games: Sunrise on the Reaping . He broke his silence on his HIV status with a profile in The Hollywood Reporter , published in May 2021, by breaking the shame of his diagnosis. “The truth is the healing,” he said at the time. Vanity Fair is being singled out for its coverage, dating back to a November 1992 that featured Taylor holding a condom. Most recently, in February, they partnered with ETAF to take over its online homepage. More information on the event can be found here . Laura Coates of CNN. Courtesy of CNN/Subject Deborah Cox attends the 79th Tony Awards at New York’s Radio City Music Hall on June 7, 2026. (Photo by Jamie McCarthy/Getty Images) THR",0,2026-08-27 19:45:41
40,https://www.hollywoodreporter.com/music/music-features/dolly-parton-hollywood-impact-america-hearts-1236683199/,How Dolly Parton Crossed Over Into Hollywood — and America’s Hearts,Hollywood Reporter,2026-08-27T17:42:41,10130,"× Skip to main content By David Kamp Plus Icon David Kamp David Kamp | The Hollywood Reporter View All August 27, 2026 10:42am Nine to Five (1980): from left, Lily Tomlin, Dolly Parton, Jane Fonda. 20th Century Fox Film Corp./Courtesy Everett Collection Dolly Parton was perfect for her breakout decade, the 1970s. Color TVs outsold black-and-white sets for the first time in 1972, the annus mirabilis in which she composed “Jolene” and “I Will Always Love You,” allegedly on the same day. With her huge yellow hair, chambray-blue wardrobe, and sunshiny radiance, Parton was engineered to beam straight through the screen into every American home. Both of those songs became number-one country hits, in ’73 and ’74, respectively, and Dolly, Porter Wagoner’s girl singer no more, became America’s rhinestone superstar. The 70s were also the last golden age of an American monoculture, when most of us experienced the same programs, movies, and records at the same time. Country crossover wasn’t so much crossover as happy coexistence. Roy Clark could show up at Felix and Oscar’s New York apartment in The Odd Couple to demonstrate his virtuoso pickin’ skills and be summoned to Burbank to sub in for Johnny Carson as a guest host of The Tonight Show . Cliff Arquette’s hayseed character Charlie Weaver reliably occupied the lower left corner on Hollywood Squares . Hee Haw , the variety show Clark co-hosted with Buck Owens, thrived on TV in first-run syndication — it’s where this writer, like millions of other impressionable kids, first saw Parton perform “Coat of Many Colors,” her affecting song about the coat her mother sewed for her “from a box of rags that someone gave us.” Young Dolly wore the coat proudly to school, only to be ridiculed by mean kids who laughed at the sight of it. Dolly, unbowed, told off the poverty-shamers by saying she was actually rich, because of “the love my mama sewed in every stitch.” You couldn’t not be moved or besotted. Related Stories Music Harry Styles Pays Tribute to Dolly Parton at Madison Square Garden Residency Opening Night: ""We Love You"" Music Dolly Parton's Spotify Streams Spiked Over 1,200 Percent Following Icon's Death Of all the artists flying the country flag in this era, Dolly was the most transcendent, rivaled only by the great Johnny Cash. (Whereas Cash was known for his gravity and underrated comedically, Parton was known for her levity and underrated artistically.) Dolly was simply irresistible to everyone, no matter their background or cultural prejudices. Even the rock snobs at Rolling Stone loved her, flying her to New York in ’77 for an extraordinary photo shoot in which Annie Leibovitz paired Parton with an emerging Austrian bodybuilding star. While a naked Arnold Schwarzenegger stood with legs wide apart and biceps flexed, Parton, a pink bow in her hair, joyfully posed in front of him, her hips obscuring his naughty bits, her ginormously bewigged head blocking out his, eclipse-style. Parton, conversely, seemed to embrace all comers without wariness. In her successful bid to achieve crossover pop stardom, she sublimated her writer’s ego and turned to two old Brill Building hands, Barry Mann and Cynthia Weil, for “Here You Come Again,” which shot to number three on the Billboard Hot 100. When the Bee Gees were lying low in the post-disco backlash of the early 1980s, she and Kenny Rogers took their song “Islands in the Stream” to number one. On Dolly , her short-lived 1976 variety show, she gamely performed with collaborators both likely (e.g. Linda Ronstadt and Emmylou Harris, later to rejoin Parton for their triumphant 1987 album Trio ) and perhaps not so much (e.g. The Hues Corporation, of “Rock the Boat” fame, and KC and the Sunshine Band). In 1978, a writer named Colin Irwin, of the British publication Melody Maker , described the process of having his snide-journo defenses dissolved by Parton in real time: For ten minutes I just gawp, unable to comprehend the vision, but she — o bviously well-acquainted with such a reaction — accepts it gracefully, perhaps even with relish, and rattles on… “Been a hectic day but ah’m pretty used t’that nahw an’ ah enjoy meetin’ new people cos ah get a lota ideas for songs because of certain personalities that ah meet. Mahbe ah’ll wraht a song ’bout yew. Ah’ll call it ‘Laughing Eyes.’” Sigh. I think I’m in love. Unquestionably, she manipulates the press . And yet you still love her. Because she admits it. Where others of the ilk make you cringe with their synthetic sincerity, Dolly is disarmingly honest about it all, constantly sending herself up, mockingly talking about her wigs and her figure. She admits that her bizarre stage act and her appearance are merely means to an end, and you can even forgive the weepy sentiment of so much of her material, born out of the stifling poverty in which she was brought up. “Coat Of Many Colors,” for example — which she has often cited as her favorite song — reconstructed the Joseph story in the Bible, but was also based on a traumatic experience she herself had as a child. How can anyone with a heart knock that? The great monoculture of which Parton was the apogee began to fall apart with the advent of cable television in the 1980s and was eventually atomized completely by the internet. Today we live in a world where someone named Ella Langley can occupy the upper reaches of the Billboard charts alongside someone named Lil Baby, the fans of one having no idea of what the other’s music even sounds like. But Dolly kept on Dollying, decade after decade, holding us all together when very little else did. At the dawn of the 80s, she effortlessly translated her talents to film, starring alongside Jane Fonda and Lily Tomlin in 9 to 5 and writing and performing its infectious title song. In 1986, she formed a production company, Sandollar Productions, with her former manager, Sandy Gallin, a gay, Jewish, very tan show-business macher . “Nobody could quite get how the Christian Southern girl and New York Jewish boy could have so much in common,” she told the New York Times when Gallin died, in 2017. “But it was real. My husband didn’t love to travel, and Sandy was gay and did.” Together, Parton and Gallin produced the Father of the Bride movies and the millennially revered Buffy the Vampire Slayer TV series. Dolly Parton and producer Sandy Gallin at the Beverly Hills Hotel in 1992. Ron Galella, Ltd./Ron Galella Collection/Getty Images With Gallin’s help, she also launched the theme park Dollywood, situated just outside her native Great Smoky Mountains, in Pigeon Forge, Tennessee. There, she turned her heritage, warts and all, into a celebration, complete with a museum of Partonian artifacts literally called Rags to Riches: The Dolly Parton Story. (It has since evolved into a formidable multimedia complex called The Dolly Parton Experience.) Unlike certain other claimants of Appalachian background, Parton related her stories of hillbilly hardship without grievance. Over and over, she chose positivity. She often related the story of how taken she was, as a small child, with the scarlet woman of her little town, “with this yellow hair piled on her head, bright red lipstick, red nails, and high-heeled shoes. I thought she was the prettiest thing I’d ever seen. I used to say to my mama, ‘Oh, she’s so pretty!’” When Dolly’s mother derided the woman as “trash,” Parton recalled, “I just thought, ‘That’s what I want to be when I grow up: trash!’” Opry-style humor aside, Parton took her platform as an odds-beater seriously. Convinced that her sharecropper father’s illiteracy prevented him from realizing his dreams, she founded a nonprofit called The Imagination Library that mails free books to children every month from birth to the age of five. Founded in 1995, the program has distributed more than 300 million books. Lee Parton was still alive when The Imagination Library was founded. “I had the idea to do something special for him,” Parton said in 2018. “In the bible, where it talks about ‘Honor your father and your mother,’ I don’t think that necessarily means just to obey them. It means to bring honor to their name if you can. So I got my daddy involved in this program. I wanted him to feel like he was part of something special. He took such pride in the fact that the little kids called me ‘The Book Lady.’ He was prouder of that than anything.” How can anyone with a heart knock that? Parton was studiedly apolitical yet anything but gutless. In 2020, in the early stages of the COVID-19 pandemic, she donated $1 million to Vanderbilt University Medical Center to seed the research that led to the development of the Moderna vaccine. In her words and deeds, she supported gay rights and marriage equality, arguing for the latter with the characteristic zinger, “Why can’t they be as miserable as us heterosexuals in their marriages?” Coming from someone else — really, anyone else — these pro-queer, pro-vax, and pro-literacy stances would likely have been critiqued in some quarters as “woke.” But you never hear anyone carping on TV or social media about “Dollyweird.” Parton was a uniter. She commanded a wonderfully anachronistic monocultural respect, attributable to all the goodwill she had accumulated and the positivity she never stopped projecting. We’ll truly never see Dolly’s like again, though you can see certain individuals modeling themselves in her likeness. Sabrina Carpenter paid explicit homage to Parton’s comic-blond-minx persona by inviting the woman herself to record a duet, 2024’s “Please Please Please,” complete with a caper video that finds the pair sweetly harmonizing while a man they’ve abducted lies bound in the back of their pickup truck. Sabrina is no Dolly, which isn’t a knock but a comment on the impossibility of any new artist ever enjoying the level of admiration and adoration that Parton did for most of her life. But it’s great that Dolly remains, fifty-plus years after “Jolene” and the glory days of Hee Haw , an aspirational model. Her motto was, “Dream more, learn more, care more, and be more.” She more than lived up to it. THR",0,2026-08-27 19:45:42
41,https://www.hollywoodreporter.com/movies/movie-news/will-forte-reviews-coyote-vs-acme-gaslit-1236683074/,"Will Forte Says Glowing Reviews for ‘Coyote vs. Acme’ “Make It Feel Like You’re Not Crazy,” Admits “I Felt Gaslit For a While”",Hollywood Reporter,2026-08-27T17:42:00,4174,"× Skip to main content By Kirsten Chuba Plus Icon Kirsten Chuba Events Editor kirstenchuba Follow Sign Up View All August 27, 2026 10:42am Will Forte at the 'Coyote vs. Acme' premiere at Westwood Village Theater on Wednesday night. Eric Charbonneau/Ketchup Entertainment via Getty Images After several years in limbo, Coyote vs. Acme finally got its moment in the sun on Wednesday at its L.A. premiere. It was a night that for a long time did not seem possible, after Warner Bros. Discovery shelved the film in November 2023 in favor of a tax write-off. Fans rallied around the project, though, refusing to let it die — until in March 2025, Ketchup Entertainment saved the film and set it up for a summer 2026 theatrical release. Star Will Forte looks back at that period as “an emotional roller coaster,” admitting that despite how vocal people were being online to revive the film, “I didn’t think it would do anything.” Related Stories TV Tom Colicchio Says 'Top Chef' Has Become as Important as a James Beard Award Movies 'Spider-Man: Brand New Day' Hits No. 2 on All-Time Domestic Chart, Topping 'Avengers: Endgame' “I was just like, ‘They’re not hearing you, it’s not going to make a difference.’ And then they just kept going and it’s because of them the movie’s out,” Forte told The Hollywood Reporter on the carpet. “I had given up on it and I can’t thank these people enough. I always thought this movie was super special and the support from the community has meant so much. It’s made me feel sane; I felt gaslit for a while and their support, now the positive reviews coming out — [they] just make it feel like you’re not crazy.” Coyote vs. Acme is a hybrid live-action and animation movie set in the Looney Tunes universe. It sees Wile E. Coyote deciding to sue the Acme Corporation after their products fail him one too many times in his relentless pursuit of the Roadrunner, with Forte as his inexperienced lawyer and John Cena as Acme’s attorney. And as Forte mentioned, the film is being released amid glowing reviews and very positive audience buzz. “It’s so validating. I’ve been a part of a lot of projects that haven’t gotten great reviews that I have loved — MacGruber . I love it. People may hate it, but I love it, I’m so proud of it,” the actor said, noting that reviews are not everything but “in this case, I am accepting positive reviews and saying they do mean something, I’m doing a flip around.” He continued that much like Wile E. Coyote going up against a big corporation, the film itself is an underdog, “so we need all the help we can get, and it feels like all these voices, the voices that helped us get the movie into the theaters, are helping spread the word about it being in the theaters. Hopefully people will listen to them and see these positive views and go like, ‘This movie deserves to be seen.'” Cena echoed, “We’re here, we’re coming out in theaters, I just hope that everyone who used their voice shows up to see this thing.” Wile E. Coyote makes a grand entrance at the #CoyoteVsAcme premiere pic.twitter.com/4CjPnYTOcH — The Hollywood Reporter (@THR) August 27, 2026 That appreciation for the fans was clear at the event as well, as a costumed Wile E. Coyote character marched down the carpet with the UCLA marching band, carrying a sign that read “Absolute Cinema.” It’s a reference to a viral video of a fan who picketed outside of the Warner Bros. lot, in the rain, following the film’s cancellation; the character also appeared inside the screening, with another sign that read, “Thank you fans.” “We feel so lucky,” emphasized director Dave Green . “Every single person that spoke out and tweeted and wrote a message, and for our brave costumed Coyote who stood out in the rain, we’re grateful for every single individual who was there for us.” The filmmaker also brushed off any initial sequel plans as “I’ve not thought beyond this day,” but noted, “We made a movie that we thought was funny and worked for us and we internally thought was a blast. It’s so validating and kind to see the audience responding.” Coyote vs. Acme, which also stars Lana Condor , Eric Bauza and Martha Kelly, hits theaters on Friday. THR",0,2026-08-27 19:45:43
11,https://deadline.com/2026/08/matt-brittin-bbc-iplayer-overhaul-public-servic-algorithm-1237049205/,BBC Boss Matt Brittin Outlines Concept For YouTube-Style “Public Service Algorithm” Propelled By Creators,Deadline,2026-08-27T17:37:18,4059,"Skip to main content By Jesse Whittock Jesse Whittock International TV Co-Editor @WhittockTweets More Stories By Jesse BBC Boss Matt Brittin Outlines Concept For YouTube-Style “Public Service Algorithm” Propelled By Creators Prime Video Sets Access Doc Series On Peter Crouch & Abby Clancy Prime Video Revs Up Doc Series About F1 Driver Lando Norris View All August 27, 2026 10:37am BBC boss Matt Brittin BBC The BBC ‘s Director General, Matt Brittin , has said the British broadcaster’s streaming service could benefit from a “public service algorithm” that allows it to function more like YouTube. The striking plans, which Brittin warned was not “policy” at this stage, would see the BBC iPlayer opened up to creators and make the service more like YouTube, the platform that the exec oversaw in EMEA before joining the BBC. Related Stories News BBC Files New Motion To Dismiss Donald Trump’s $10 Billion Lawsuit, Challenges Claims Of U.S. Viewership Via VPN News Donald Trump Waging $10B Legal War Against BBC On Basis “Doctored” Documentary May Have Been Viewed 285 Times In America In his first address to the industry today at the Edinburgh TV Festival, the former Google exec once again warned the BBC iPlayer had “fallen behind” rivals due to a focus on content spend over technology in recent years. He first made similar noise in a town hall speech to staff in May soon after he became DG. Brittin was careful to say this was “no fault of the team” at the BBC and that the content spend meant he “inherited incredible audience reach,” but leaves a puzzle over the iPlayer’s future and an immediate challenge in improving the iPlayer recommendations functionality. Watch on Deadline His blue-sky solution was for the iPlayer to function more like YouTube by hosting creators from around the UK – “providing they stick to the guidelines we choose to set.” He didn’t detail how this would be achieved, what the remuneration offer would be or why creators would choose to opt for BBC digital services over YouTube or other social media platforms, but it is still one of the more tantalizing ideas to be floated by a director general of the BBC for some time. Brittin also called for the BBC to be “a more open platform” and that there was a need to “create sovereign media public space,” while adding the UK could build something “unadulterated by commercial interests, by algorithms that have other interests at heart.” The service, which he dubbed ‘iPlayer 2.0″, would be based around “educating, informing and entertaining the public here and ideally around the world,” he said, adding it should be created “it in a way that’s not biased towards the incentives of a U.S. tech company or commercial interests. It should be biased towards what we want public service to be all about.” It is likely the BBC, which is in the midst of cutting 2,000 roles to save around £500M ($679M), will have to cut programs to pay for improvements to the iPlayer. He noted that the BBC had shed £1.3B over the past decade and services and programs would inevitably come under pressure. Brittin has spent his first 100 days at the BBC travelling to different parts of the mammoth organization to identify where to prioritize his efforts and how to wrestle with the type of existential crisis that outgoing BBC presenter Amol Rajan described earlier today. Brittin admitted he had not “understood quite the severity” of the financial pressure heaped on the BBC. “Obviously, to get to that scale of savings, there’s uncertainty hanging over a lot more colleagues than those who will eventually leave the organization,” he added. “That’s really hard to deal with. But 90% of the people in the BBC will remain.” Odessa Young In Talks For Charlene Role In ‘Heat 2’; María Cid Top Choice For Gabi Paramount+ Renews Tyler Perry’s ‘Zatima’ & ‘Divorced Sistas,’ 2 Other Ex-BET+ Shows Optimus Prime Voice Actor Peter Cullen, 85; ‘Menace II Society’s Samuel Monroe Jr, 52 Danny Ramirez Set For ‘Miami Vice ’85’ With Michael B. Jordan And Austin Butler Read More About: 2 Comments",0,2026-08-27 19:45:11
12,https://deadline.com/2026/08/divorced-sistas-zatima-family-business-black-hamptons-renewed-1237051516/,Tyler Perry’s ‘Divorced Sistas’ & ‘Zatima’ Among 4 Former BET+ Series Renewed By Paramount+,Deadline,2026-08-27T17:30:00,5326,"Skip to main content By Nellie Andreeva Nellie Andreeva Editor-In-Chief @DeadlineNellie More Stories By Nellie Tyler Perry’s ‘Divorced Sistas’ & ‘Zatima’ Among 4 Former BET+ Series Renewed By Paramount+ Rafe Judkins Inks Overall Deal With Paramount Television Studios As Paramount+ Ramps Up Worldbuilding Efforts Amazon MGM Studios Names Carina Walker Head Of YA View All August 27, 2026 10:30am Paramount+ EXCLUSIVE : Two months after BET+ was folded into Paramount+ , with its programming migrating to the larger streamer, four of the former BET+ original series have been renewed by Paramount+. They include Tyler Perry’s Divorced Sistas , picked up for Season 3, and Zatima (Season 6), as well as Carl Weber’s The Black Hamptons (Season 3) and The Family Business (Season 7). Related Stories Cancellations and Renewals 2026 TV Series Renewals Photo Gallery News 2026 Premiere Dates For New & Returning Series On Broadcast, Streaming & Cable Divorced Sistas and Zatima ‘s orders are for 16 episodes, which is typical for Perry shows, running in two eight-episode installments. That has been the pattern for Divorced Sistas while Zatima ‘s seasons to date have consisted of 20 episodes, split in two batches of 10. That includes upcoming seasons of both series that had not been announced but had been quietly filming: a 20-episode fifth season of Zatima , and 16-episode second season of Divorced Sistas . The latter, a spinoff from Perry’s popular BET series Sistas , last summer logged the most watched series premiere on BET+. Watch on Deadline The Family Business and The Black Hamptons ’ pickups are for 10 episodes each. They are somewhat surprising given the large gap between seasons, especially for The Black Hamptons, whose renewal comes more than two and a half years after the series’ eight-episode second season ended its run on BET+. The Family Business ‘ 10-episode sixth season released its finale on Dec. 18 last year. It is possible that the renewals had been done unofficially awhile ago and are now being announced. The pickups for Divorced Sistas, Zatima, The Family Business and The Black Hamptons join the March Season 6 renewal for BET+ original comedy Ms. Pat Show, which was done ahead of BET+’s slate transition to Paramount+ in June. ‘We feel the migration was very successful, the audiences are showing up for sure, Paramount+ Head of Originals Jane Wiseman told Deadline last week, noting that the volume of originals that BET+ was known for is not going to go down now that the shows are on Paramount+. The integration of BET+ into Paramount+ involved Paramount buying out Tyler Perry Studios’ stake in BET+. He remains one of Paramount’s most prolific creators/producers across BET and Paramount+. “Our relationship with Tyler Perry is very strong, and I’m excited for more content from him, as well as working closely with our friends at BET Studios,” Wiseman said last week. BET Studios also works across Divorced Sistas, Zatima, The Family Business and The Black Hamptons . Here are details on the newly renewed series: Title: The Black Hamptons Season: 3 EPs: Carl Weber, ND Brown Jones, Trey Haley Logline: In this adaptation of Carl Weber’s novel, the Britton family faces high tensions with the newly arrived Johnsons in the upscale Black town of Sag Harbor, NY. Talent: Lamman Rucker, Vanessa Bell Calloway, Elise Neal, Brian White, Karon Riley, and Mike Merrill Episode count: 10 Eps Title: The Family Business Season: 7 EPs: Carl Weber, ND Brown Jones, Trey Haley, Ernie Hudson Logline: The wealthy Duncans run their lucrative New York-based criminal enterprise with iron fists, and family always comes first. Talent: Ernie Hudson, Valarie Pettiford, Darrin Dewitt, Javicia Leslie, Tami Roman, Sean Ringgold, Michael Jai White, Arrington Foster and Lisa Raye McCoy. Episode count: 10 Eps Title: Tyler Perry’s Divorced Sistas Season: 3 EPs: Created, directed, written and executive produced by Tyler Perry. Logline: What begins as one confession cracks open everything this group of women thought they were protecting. Years of deception, half-truths, and emotional compromises finally surface, forcing Rasheda, Geneva, Naomi, Tiffany, and Bridgette to confront not just the men in their lives, but one another. Talent: LeToya Luckett, Khadeen Indréa, Porscha Coleman, Briana Price, Jennifer Sears, DeVon Franklin, Ronreaco Lee, and Robert Christopher Riley. Episode count: 16 Eps Title: Tyler Perry’s Zatima Season: 6 EPs: Created and executive produced by Tyler Perry. Logline: Revelations are birthed from misunderstandings, lessons of love and loss are painstakingly learned, and forgiveness and reconciliation dominate. For Zac and Fatima, the fight to protect their family becomes the center of everything as they learn what it truly takes to hold a life and a future… Together. Talent: DeVale Ellis, Crystal Reneé Hayslett, Nzinga Imani, Remington Hoffman, Cameron Fuller and Guyviaud Joseph. Episode count: 16 Eps Odessa Young In Talks For Charlene Role In ‘Heat 2’; María Cid Top Choice For Gabi Paramount+ Renews Tyler Perry’s ‘Zatima’ & ‘Divorced Sistas,’ 2 Other Ex-BET+ Shows Optimus Prime Voice Actor Peter Cullen, 85; ‘Menace II Society’s Samuel Monroe Jr, 52 Danny Ramirez Set For ‘Miami Vice ’85’ With Michael B. Jordan And Austin Butler Read More About: 2 Comments",0,2026-08-27 19:45:12
21,https://deadline.com/2026/08/page/2/,More Stories,Deadline,2026-08-01T00:00:00,6679,"Skip to main content Latest in BBC Confirms Plans To Reboot ‘Top Gear’ Amid Speculation Jimmy Carr Will Host The BBC is revving the engines of Top Gear again. After a four-year absence from British television following a horror crash involving former host Andrew Flintoff, the BBC said that work is underway on a new season. Speaking at the Edinburgh TV Festival on Thursday, Ed Havard, the BBC’s… By Jake Kanter 4 hours ago Print Print BBC Confirms Plans To Reboot ‘Top Gear’ Amid Speculation Jimmy Carr Will Host Read the full story International Jack Osbourne Says Ozzy Movie Won’t Be “Artsy, Esoteric Biopic”: “Not What The Fans Want” A year after Ozzy Osbourne’s death, his family is working on preserving his legacy on the big screen. Jack Osbourne recently revealed that the script is “done” for a biopic about his father and they’re “currently going out to directors” after the Black Sabbath rocker died at age 76 last… By Glenn Garner Aug 26, 2026 7:17 pm Print Print Jack Osbourne Says Ozzy Movie Won’t Be “Artsy, Esoteric Biopic”: “Not What The Fans Want” Read the full story Film Chris Hansen Buys Ad Space Before ‘Primetime’ Screenings For His True-Crime Network Although Chris Hansen was not involved with the making of A24’s Primetime , he has something to gain from the film’s potential success. The former To Catch a Predator host, who is portrayed by Robert Pattinson in the Ajon Singh-penned thriller, has purchased ad space before upcoming screenings of… By Glenn Garner Aug 26, 2026 6:33 pm Print Print Chris Hansen Buys Ad Space Before ‘Primetime’ Screenings For His True-Crime Network Read the full story Film Jane Fonda Defends Mark Ruffalo From Paramount’s Antisemitism “Smear”: “We Will Not Stand By” As Mark Ruffalo is hit with antisemitism accusations over his criticism of the Paramount-WBD merger, Jane Fonda has come out in the actor’s defense. On Tuesday, the 2x Oscar-winning actress Committee for the First Amendment founder issued a statement via the organization, rejecting Paramount’s… By Glenn Garner Aug 26, 2026 6:07 pm Print Print Jane Fonda Defends Mark Ruffalo From Paramount’s Antisemitism “Smear”: “We Will Not Stand By” Read the full story Business Jeanie Buss Plays Offense With Her Selling Siblings In Order To Keep Lakers Stake Two of her siblings are now onboard with the San Diego Padres ownership, but Jeanie Buss is clearly nowhere near an agreement with them when it comes to the Los Angeles Lakers. “Jeanie never agreed to any sale, was never consulted, and was never even informed,” declares a petition filed… By Dominic Patten Aug 26, 2026 4:54 pm Print Print Jeanie Buss Plays Offense With Her Selling Siblings In Order To Keep Lakers Stake Read the full story Business Netflix Sets Fall Release Date For ‘Guarding Stars’ Film Based On Katherine Center’s ‘The Bodyguard’ Netflix has set a fall release date for Guarding Stars , the film adaptation of Katherine Center's novel The Bodyguard , starring Leighton Meester and Jared Padalecki. The holiday rom com will arrive on the streamer Nov. 18 as the latest in a lineup of films based on books with Western lean… By Dessi Gomez Aug 26, 2026 4:52 pm Print Print Netflix Sets Fall Release Date For ‘Guarding Stars’ Film Based On Katherine Center’s ‘The Bodyguard’ Read the full story Film Everything We Know About ‘Only Murders In The Building’ Season 6 So Far Another Arconia murder mystery has come and gone, but another dead body was found on the premises, though it could be argued that the murder was not in the building. The newest case will take the crew overseas , which Deadline first reported. Fresh on the heels of Season 5's finale, the series… By Dessi Gomez Aug 26, 2026 4:20 pm Print Print Everything We Know About ‘Only Murders In The Building’ Season 6 So Far Read the full story TV Everything We Know About ‘The Gilded Age’ Season 4 So Far The culture clash will continue in Season 4 of Julian Fellowes’ HBO period drama The Gilded Age , based on the turn-of-the-century time period in America that lasted between 1870 and 1900 . Some familiar faces have been promoted to series regulars since Season 3, and some new faces are joining the… By Dessi Gomez Aug 26, 2026 4:16 pm Print Print Everything We Know About ‘The Gilded Age’ Season 4 So Far Read the full story TV What To Expect For ‘Heated Rivalry’ Season 2: Everything We Know So Far There is still a long wait to be had for the highly anticipated second season of Heated Rivalry . When Season 1 of the Crave book adaptation of Rachel Reid's Game Changers series skated quietly onto HBO Max on Nov. 28, 2025, it quickly built momentum and became a phenomenon. Season 2 is in… By Dessi Gomez Aug 26, 2026 4:15 pm Print Print What To Expect For ‘Heated Rivalry’ Season 2: Everything We Know So Far Read the full story TV ‘The Social Reckoning’ New Trailer: Aaron Sorkin Returns To The World Of Facebook & “That Guy” UPDATED with new trailer, 4:05 PM: “I’m an investigative reporter, and that guy and this company are playing an unprecedented role in our lives.” So begins the latest trailer for writer-director Aaron Sorkin’s The Social Reckoning , which hits theaters October 9 — more than a decade and a half… By Zac Ntim Aug 26, 2026 4:05 pm Print Print ‘The Social Reckoning’ New Trailer: Aaron Sorkin Returns To The World Of Facebook & “That Guy” Read the full story Watch Film Leah Remini Joins ‘The Real Housewives Of Beverly Hills’ Season 16 Cast Bravo continues to give out diamonds, and Leah Remini is the latest to get one, as she is set to join The Real Housewives of Beverly Hills . The King of Queens star will be joining the reality series in Season 16, sources confirmed to Deadline. Remini is best known for acting in sitcoms like… By Armando Tinoco Aug 26, 2026 4:00 pm Print Print Leah Remini Joins ‘The Real Housewives Of Beverly Hills’ Season 16 Cast Read the full story TV NFL Films & HBO’s ‘Hard Knocks: Offseason’ Set For 2027 Return, Replacing ‘In-Season’ Edition NFL Films and HBO have set the return of Hard Knocks: Offseason for 2027. The new installment will chronicle an entire NFL division during one of the most consequential periods of the football calendar as teams look to build and strengthen their rosters through the NFL Scouting Combine, free… By Armando Tinoco Aug 26, 2026 3:47 pm Print Print NFL Films & HBO’s ‘Hard Knocks: Offseason’ Set For 2027 Return, Replacing ‘In-Season’ Edition Read the full story TV Previous page of stories Previous Next page of stories Next Sidebar Newswire PMC Deadline is a part of PMX Global, LLC, a subsidiary of Penske Media Corporation. © 2026 Deadline Hollywood, LLC. All rights reserved. Powered by WordPress.com VIP Site",0,2026-08-27 19:45:21
20,https://deadline.com/2026/08/jamie-dornan-joins-megan-park-apple-movie-1237060997/,Jamie Dornan Joins Zoë Kravitz In Megan Park’s Mystery Apple Film,Deadline,2026-08-01T00:00:00,2029,"Skip to main content By Matt Grobar Matt Grobar Senior Film Reporter More Stories By Matt Andrew Bachelor Directs & Stars In Supernatural Horror Film ‘Tap Twice’ Amazon MGM Orders Penn Badgley Murder Mystery Series ‘Everyone In My Family Has Killed Someone’ From David Hemingson Jamie Dornan Joins Zoë Kravitz In Megan Park’s Mystery Apple Film View All August 27, 2026 10:30am Jamie Dornan Christopher L Proctor EXCLUSIVE: Jamie Dornan , star of Apple ‘s upcoming crime thriller series 12 12 12 , is set to star opposite Zoë Kravitz and Adèle Exarchopoulos in their mystery movie from My Old Ass helmer Megan Park . Character details are being kept under wraps, as is the logline for the as-yet-untitled film. Park is directing from her own script and exec producing, with Apple Studios and LuckyChap to produce in association with FilmNation. Tom Ackerley, Bronte Payne and Kelly McRedmond are overseeing the project for LuckyChap. Related Stories News All The Songs In ‘Ted Lasso’ Season 4 So Far News ‘Dark Matter’ Season 2 Release Schedule: When Do New Episodes Come Out? Dornan is best known for his work in Kenneth Branagh’s Belfast , which brought him Golden Globe and Critics Choice Award nominations, along with his BAFTA-nominated turn in the BBC drama The Fall . He’s also an exec producer on the aforementioned 12 12 12 , a series he headlines opposite Anthony Mackie, which premieres November 13. Dornan plays identical twins in the upcoming Netflix series The Undertow and is currently in production on The Lord of the Rings: The Hunt for Gollum , where he takes on the role of Aragorn. He is repped by UTA and Sloane Offer Weber & Dern. Watch on Deadline Odessa Young In Talks For Charlene Role In ‘Heat 2’; María Cid Top Choice For Gabi Paramount+ Renews Tyler Perry’s ‘Zatima’ & ‘Divorced Sistas,’ 2 Other Ex-BET+ Shows Optimus Prime Voice Actor Peter Cullen, 85; ‘Menace II Society’s Samuel Monroe Jr, 52 Danny Ramirez Set For ‘Miami Vice ’85’ With Michael B. Jordan And Austin Butler Read More About: Comments",0,2026-08-27 19:45:20
19,https://deadline.com/2026/08/new-york-dolly-parton-empire-state-building-1237050826/,New York City Landmarks Dazzle For Dolly Parton,Deadline,2026-08-01T00:00:00,3256,"Skip to main content By Greg Evans Greg Evans NY & Broadway Editor @GregEvans5 More Stories By Greg Samuel Monroe Jr. Dies: ‘Menace II Society’ Actor Was 52 Rosie O’Donnell Joins Producing Team Of London-Bound Musical ‘Indigo’ About Autistic Teenager Emma Thompson’s ‘Nanny McPhee’ Musical Sets Summer 2027 London Debut View All August 26, 2026 6:29am Story Arc Empire State Building sparkles in pink in honor of Dolly Parton’s life Jamie McCarthy/Getty Images Two New York City icons shone a dazzling pink last night in honor of another icon, the great Dolly Parton , who died yesterday following a brief battle with cancer . Both the Empire State Building and the One Times Square New Year’s Eve dropping ball were lit with pink lights in Parton’s memory. Fittingly, both sites turned on their Parton-inspired lights at 9:25 p.m. Say it out loud: Nine Two Five. 9 to 5 . Related Stories Obituaries Dolly Parton Died After A “Brief Battle With Cancer”, Her Reps Confirm News Linda Ronstadt Makes Rare Public Statement To Honor Dolly Parton: “The World Is A Poorer Place Without Her” See photos and video below. “Dolly was a global cultural icon whose seven-decade career reached generations of fans,” reads a message on the Empire State Building’s X account. “Beyond entertainment, Dolly leaves a significant philanthropic legacy through the Dollywood Foundation and Imagination Library, which has provided hundreds of millions of books to children worldwide. At Nine-Two-Five tonight, we celebrate her and her legacy.” Watch on Deadline View this post on Instagram Tonight, the Empire State Building tower lights will turn to a pink sparkle at 9:25 to honor the late Dolly Parton. Dolly was a global cultural icon whose seven-decade career reached generations of fans. Beyond entertainment, Dolly leaves a significant philanthropic legacy… pic.twitter.com/Pu5rtdfe0r — Empire State Building Observation Deck (@EmpireStateBldg) August 25, 2026 Also going pink at 9:25 was the New Year’s Eve Ball at One Times Square, which kept its new look from that minute until 5 a.m. – another 9 To 5 movie and song reference. “We all know Dolly loved a little extra sparkle,” says a note on the social media pages of One Times Square. “Join us tonight between 9:00 p.m. to 5:00 a.m. to see the New Year’s Eve Ball sparkle pink in her memory.” New York City Mayor Zohran Mamdani called Parton “an extraordinary person and an irreplaceable champion of the working class. We are a better country because of her.” Parton’s death prompted an outpouring of grief, condolences and tributes from the worlds of music , TV , film and theater . View this post on Instagram Odessa Young In Talks For Charlene Role In ‘Heat 2’; María Cid Top Choice For Gabi Paramount+ Renews Tyler Perry’s ‘Zatima’ & ‘Divorced Sistas,’ 2 Other Ex-BET+ Shows Optimus Prime Voice Actor Peter Cullen, 85; ‘Menace II Society’s Samuel Monroe Jr, 52 Awards; BBC’s ‘Top Gear’ Reboot; YouTube’s Message To Biz More from this Story Arc Dolly Parton, 1946-2026 August 27, 2026 CBS Plans ‘Entertainment Tonight’ Primetime Special Paying Tribute To Dolly Parton August 26, 2026 Dolly Parton Biopic, Docuseries, Scripted Series Among Projects In Works Before Death View All Story Arc Read More About: Comments",0,2026-08-27 19:45:19
18,https://deadline.com/2026/08/miley-cyrus-reaction-dolly-parton-dies-1237050028/,Miley Cyrus Remembers Godmother Dolly Parton: “I Have An Angel By My Side”,Deadline,2026-08-01T00:00:00,4081,"Skip to main content By Katie Campione Katie Campione Senior TV & Labor Reporter @katie_campione More Stories By Katherine Writers Guild Foundation Taps 2026 Veterans Fellowship Cohort Miley Cyrus Remembers Godmother Dolly Parton: “I Have An Angel By My Side” ‘The Secret Lives Of Mormon Wives’: Taylor Frankie Paul Faces ‘Bachelorette’ Backlash & Jen Affleck Confronts Whitney Leavitt In Season 5 Trailer View All August 26, 2026 9:52am Story Arc HANNAH MONTANA, Miley Cyrus, Dolly Parton, 'Good Golly, Miss Dolly', (Season 1, aired Sept. 29, 2006), 2006-, © Disney Channel / Courtesy Everett Collection Miley Cyrus mourned the loss of her godmother and mentor Dolly Parton , who died Tuesday at the age of 80 , writing in an Instagram post the following morning that “the feeling of losing my Aunt Dolly is beyond what feels right to share.” “Our most sacred moments were private and they’ll stay there behind the stage, beneath the glamour & between our hearts,” she wrote. “What I KNOW is Dolly would want me to feel it, write a song about it, and then continue on and be strong. I have an angel by my side. I always have. One of our last conversations was about music and metamorphosis. 🦋” Cyrus concluded her emotional post: “I will always love her and want to make her proud. My heart breaks for the world, her family and friends who will miss her deeply. We’re in this loss together and we will see her in all of the most beautiful things. 💖” Watch on Deadline View this post on Instagram Related Stories Culture Remembering Dolly Parton: A Career in Photos News Dolly Parton: Keke Palmer, Pedro Pascal, Kacey Musgraves & More Pay Tribute To “One Of One” Country Music Legend Cyrus has extremely close familial and creative ties to Parton, who had been part of the younger star’s life since she was born. “I’ve known her since she was a baby,” Parton told Good Morning America in 2009. “Her father’s a friend of mine, and when she was born, he said, ‘You just have to be her godmother,’ and I said, ‘I accept.’ We never did do a big ceremony, but I’m so proud of her, love her, and she’s just like one of my own.” In a post of his own on Tuesday, after news of Parton’s death broke, the Cyrus patriarch honored Parton: “Like every little boy, I grew up loving Dolly Parton. She was a part of our lives, on our TV’s, right in our living rooms,” he wrote, adding: “Dolly recently sent me a beautiful message, telling me she loved me with her whole heart. I will always love her in the same way ….. with my whole heart … and I always will.” Parton also played Cyrus’ on-screen godmother, occasionally appearing on Hannah Montana across its four seasons. They have taken to stage and screen together at various points over the years since. In 2022, the pair co-hosted NBC’s Miley’s New Year’s Eve Party from Miami, Florida, featuring joint performances of some of their hits including “Wrecking Ball” and “I Will Always Love You.” Cyrus and Parton also collaborated musically several times. Cyrus joined Parton in 2010 at the 25th anniversary of Dollywood to sing “Jolene” — a song she has performed many times over since then. They performed it again together in 2019 at the Grammy Awards. Cyrus also co-wrote a track on her 2017 album Younger Now with Parton, titled “Rainbowland,” and the elder singer recruited her goddaughter to appear on her A Holly Dolly Christmas album in 2020. Odessa Young In Talks For Charlene Role In ‘Heat 2’; María Cid Top Choice For Gabi Paramount+ Renews Tyler Perry’s ‘Zatima’ & ‘Divorced Sistas,’ 2 Other Ex-BET+ Shows Optimus Prime Voice Actor Peter Cullen, 85; ‘Menace II Society’s Samuel Monroe Jr, 52 Danny Ramirez Set For ‘Miami Vice ’85’ With Michael B. Jordan And Austin Butler More from this Story Arc Dolly Parton, 1946-2026 August 27, 2026 Robert Greenblatt Reminisces On Long Friendship With ‘9 To 5’ Collaborator (And Stage Partner) Dolly Parton: “God Broke The Mold After Creating Her” August 27, 2026 CBS Plans ‘Entertainment Tonight’ Primetime Special Paying Tribute To Dolly Parton View All Story Arc Read More About: Comments",0,2026-08-27 19:45:18
17,https://deadline.com/2026/08/dolly-parton-biopic-docuseries-planned-projects-death-1237051859/,"Dolly Parton Biopic, Docuseries, Scripted Series Among Projects In Works Before Death",Deadline,2026-08-01T00:00:00,3206,"Skip to main content By Denise Petski Denise Petski Senior Managing Editor More Stories By Denise Anonymous Content Names Steve Shikiya Chief Operating Officer ‘Youth’ Trailer: Sharon Horgan Is Searching For Sex & Love In HBO Comedy: “It’s Just An Age Thing” Peter Cullen Dies: Voice Of Optimus Prime In ‘Transformers’ Was 85 View All August 26, 2026 2:10pm Story Arc Dolly Parton (2016) David Becker/Getty Images Dolly Parton ‘s team is revealing some of the many projects that were in development at the time of her death Tuesday at the age of 80, ensuring fans they will continue to bring them to life. Related Stories News Dolly Parton Dies: Iconic “Jolene” Singer-Songwriter, ‘9 To 5’ Star & 11-Time Grammy Winner Was 80 Culture Remembering Dolly Parton: A Career in Photos “Dolly worked up until the day she died. She loved seeing her dreams come to life, and loved knowing her work brought people joy. Ever the planner, Dolly worked with the team that she handpicked, for the past several years to build a project roadmap that will guide us for decades to come,” her longtime manager Danny Nozell said in a statement. “As the leader of the team responsible for overseeing her legacy, we will ensure the many dreams she had yet to fulfill are brought to life. Many projects were in various stages of development, and we want to be transparent with her fans about this fact. If you see unreleased music, products, books, experiences, and campaigns launched through official Dolly Parton channels, you can have confidence in knowing that she placed her personal stamp on it.” The upcoming projects include a Dolly avatar show, a Dolly musical documentary, a Dolly biopic, a Dolly docuseries, a Dolly scripted series and a Billy The Kid animated series. Her team promised that details will be revealed soon. Watch on Deadline Other active projects at the time of her passing include Dolly’s Tennessean Travel Stops (celebrating National Truck Driver Appreciation Week beginning September 13, 2026), Dolly Parton’s SongTeller Hotel (stays begin September 14, 2026; grand opening September 29, 2026) Dolly Dolls (launching online September 15, 2026) Dolly’s Life Of Many Colors Museum (grand opening September 29, 2026) Dolly’s Cup Of Ambition Coffee (launching online September 29, 2026; retail launch Spring 2027) ahd Dolly On The Holly (Coming Holiday 2026). As we reported Tuesday, Dolly: A True Original Musical, the upcoming Broadway production that will now serve as the late superstar’s final passion project, will begin previews in December for a January 19 opening as planned. Odessa Young In Talks For Charlene Role In ‘Heat 2’; María Cid Top Choice For Gabi Paramount+ Renews Tyler Perry’s ‘Zatima’ & ‘Divorced Sistas,’ 2 Other Ex-BET+ Shows Optimus Prime Voice Actor Peter Cullen, 85; ‘Menace II Society’s Samuel Monroe Jr, 52 Danny Ramirez Set For ‘Miami Vice ’85’ With Michael B. Jordan And Austin Butler More from this Story Arc Dolly Parton, 1946-2026 August 27, 2026 CBS Plans ‘Entertainment Tonight’ Primetime Special Paying Tribute To Dolly Parton August 26, 2026 Miley Cyrus Remembers Godmother Dolly Parton: “I Have An Angel By My Side” View All Story Arc Read More About: 1 Comments",0,2026-08-27 19:45:17
16,https://deadline.com/2026/08/cbs-news-dolly-parton-special-abc-news-1237050369/,CBS Plans ‘Entertainment Tonight’ Primetime Special Paying Tribute To Dolly Parton,Deadline,2026-08-01T00:00:00,2269,"Skip to main content By Ted Johnson Ted Johnson Political Editor @tedstew More Stories By Ted Donald Trump’s Latest Financial Disclosure Shows Significant Sales Of Netflix Securities; Disney, WBD And Comcast Transactions CBS Plans ‘Entertainment Tonight’ Primetime Special Paying Tribute To Dolly Parton “Delusional”: Joyce Beatty’s Attorneys React To Trump-Controlled Kennedy Center’s Warning Of Potential Demolition View All August 27, 2026 7:46am Story Arc Dolly Parton Miller Mobley/NBC via Getty Images UPDATE: CBS is planning another special to pay tribute to Dolly Parton, with plans to air the Entertainment Tonight special Remembering Dolly: A Rhinestone Life on Sunday. Set to air at 8 p.m. ET, the special will be hosted by Kevin Frazier and Nischelle Turner. It will feature interviews from ET , including her first appearance on the show in 1982. It also will feature interviews and new tributes from Dionne Warwick, Melissa Etheridge, Diane Warren, Debbie Allen and Jennifer Nettles. Since her death on Tuesday , all of the broadcast networks have aired primetime specials in tribute. CBS News and ABC News aired primetime specials that evening, and an NBC News special aired on Wednesday. PREVIOUSLY: CBS News and ABC News will air specials on Tuesday paying tribute to Dolly Parton, who died today at the age of 80. Watch on Deadline NBC plans a news special on Wednesday. A CBS News Special: Dolly Parton — An American Icon will air at 10 p.m. ET, with Gayle King and Tony Dokoupil along with a team of CBS News journalists commemorating Parton’s life. They will be joined by Anthony Mason, CBS News’ senior culture and senior national correspondent, and a correspondent in Dollywood in Tennessee. Related Stories News Dolly Parton Dies: Iconic “Jolene” Singer-Songwriter, ‘9 To 5’ Star & 11-Time Grammy Winner Was 80 Culture Remembering Dolly Parton: A Career in Photos The special will feature excerpts from a 2009 60 Minutes interview with Morley Safer, a 2023 CBS News Person-To-Person interview with Norah O’Donnell, as well as interviews with Dokoupil and Mason. Dokoupil anchored coverage Tuesday afternoon when the network broke into regular programming for a special report on Parton’s death. Other broadcast networks also did special reports.",0,2026-08-27 19:45:16
15,https://deadline.com/2026/08/dolly-parton-dead-1237049985/,Parton’s August 25 death at 80,Deadline,2026-08-01T00:00:00,1382,"Skip to main content By Erik Pedersen Erik Pedersen Managing Editor More Stories By Erik Peter Cullen Dies: Voice Of Optimus Prime In ‘Transformers’ Was 85 2026 Premiere Dates For New & Returning Series On Broadcast, Streaming & Cable VES Awards 2027 Date, Venue & New Categories Revealed View All August 25, 2026 11:08am Story Arc Dolly Parton Miller Mobley/NBC via Getty Images UPDATED with cause of death: Dolly Parton , the legendary singer-songwriter and 11-time Grammy winner behind such memorable hits as “Jolene,” “I Will Always Love You,” “ 9 to 5 ” and “Here You Come Again” who also was an actor, producer, playwright, philanthropist, author and theme park founder, died Tuesday in Nashville, her family said. She was 80. Parton’s family told People that she died of cancer. Related Stories News Dolly Parton: Dionne Warwick, Pedro Pascal, Carol Burnett & More Pay Tribute To “One Of One” Country Music Legend Culture Remembering Dolly Parton: A Career in Photos Parton had been dealing with health issues for the past year and was forced to postpone a planned Las Vegas residency in September before canceling the shows in May . In October, Parton’s sister issued a public call for prayers , leading the star to proclaim in an Instagram video, “I ain’t dead yet!” Last month she missed the opening of a ride at her Dollywood park , saying her doctors “clipped my wings.”",0,2026-08-27 19:45:15
14,https://deadline.com/2026/08/jamie-foxx-to-star-deadlocked-amazon-mgm-1237017119/,we announced,Deadline,2026-08-01T00:00:00,2789,"Skip to main content By Matt Grobar Matt Grobar Senior Film Reporter More Stories By Matt Andrew Bachelor Directs & Stars In Supernatural Horror Film ‘Tap Twice’ Amazon MGM Orders Penn Badgley Murder Mystery Series ‘Everyone In My Family Has Killed Someone’ From David Hemingson Jamie Dornan Joins Zoë Kravitz In Megan Park’s Mystery Apple Film View All August 4, 2026 10:15am Jamie Foxx JC Olivera/Getty Images EXCLUSIVE: Academy Award winner Jamie Foxx has found his next starring vehicle in Deadlocked , an action film that has landed at Amazon MGM Studios for worldwide distribution. Directed by Nikhil Bhat , the Indian filmmaker behind the Hindi-language action-thriller Kill , Deadlocked follows a grieving former Marine serving jury duty who is forced back into action when the trial of the century turns into a deadly hostage situation as the defendant’s daughter seizes the courthouse to free her father. Related Stories Casting Numan Acar Joins Universal’s ‘The Mummy’ As Kevin J. O’Connor And Oded Fehr Ink Deals To Return News The 64 Movies That Have Made More Than $1 Billion At The Global Box Office Set to stream globally on Prime Video, the film stems from a script by Eric Scot Anderson ( The Black Fox ) and Matt Takejiro Bosack (CBS’ NCIS: Hawai’i ), based on their original idea. Producers include Brian Kavanaugh-Jones and Fred Berger for Range and Dave Caplan for C2 — companies that previously collaborated on Oz Perkins’ Longlegs and The Monkey — along with Foxx for Foxxhole Productions. AJ Bourscheid, Liz Destro, Paul Currie and Corinne Foxx will serve as executive producers. Foxx’s recent credits include Back in Action , the 2025 action-comedy with Cameron Diaz that scored Netflix’s biggest English-language movie debut since 2022 with 46.8 million views in its first weekend. Next up, he returns to Netflix with the Olympic boxing drama Fight for ’84 , based on a true story. Foxx also exec produces and hosts the game show Beat Shazam for Fox. He is repped by CAA, LBI Entertainment and Johnson Shapiro Slewett & Kole. Bhat’s breakout feature Kill sold to Lionsgate in a mid-seven-figure deal after premiering at TIFF and had a wide theatrical release in 2024. Subsequently directing the survival thriller Apurva for Disney+/Hotstar and Cine1 in India, he is repped by Untitled and WME . Anderson is repped by Gersh, Kaplan/Perrone and Myman Greenspan Fox; Bosack by Gersh, Marathon Management and Myman Greenspan Fox. Odessa Young In Talks For Charlene Role In ‘Heat 2’; María Cid Top Choice For Gabi Paramount+ Renews Tyler Perry’s ‘Zatima’ & ‘Divorced Sistas,’ 2 Other Ex-BET+ Shows Optimus Prime Voice Actor Peter Cullen, 85; ‘Menace II Society’s Samuel Monroe Jr, 52 Awards; BBC’s ‘Top Gear’ Reboot; YouTube’s Message To Biz Read More About: Comments",0,2026-08-27 19:45:14
13,https://deadline.com/2026/08/miami-vice-85-alden-ehrenreich-michael-b-jordan-austin-butler-1237031997/,Alden Ehrenreich…,Deadline,2026-08-01T00:00:00,3092,"Skip to main content By Justin Kroll Justin Kroll Film Editor @krolljvar More Stories By Justin ‘Snoop’ Biopic At Universal Adds Laya DeLeon Hayes, Olly Sholotan, Corey Champagne And Jonica Booth To Cast Julius Onah Signs With Blue Marble Management ‘Snoop’ Movie Taps Lauren London To Play Rap Star’s Mom In Universal Biopic View All August 12, 2026 12:00pm L-R: Alden Ehrenreich, Michael B. Jordan, and Austin Butler Dia Dipasupil/WireImage/Getty Images/Frazer Harrison/WireImage EXCLUSIVE: Following his first Tony win earlier this summer, Alden Ehrenreich has zeroed in on his next big movie role and it’s a high-profile project. Sources say he is set to join Michael B. Jordan and Austin Butler in Universal Pictures’ Miami Vice ’85, an original take on the classic 1980s drama series. Joseph Kosinski is directing the pic from a script by Dan Gilroy. The film explores the glamour and corruption of mid-’80s Miami in an all-new version of Miami Vice , inspired by the pilot episode of the landmark Universal Television series that influenced culture and set the style of everything from fashion to filmmaking. Bringing current technological expertise to the sights and sounds of the series, Miami Vice ‘85 will be filmed for Imax and is set for release on May 19, 2028. Production will begin this year. Related Stories News Universal Dates Joseph Kosinski’s ‘Miami Vice’ For Late Summer 2027 News Alden Ehrenreich Says ‘Weapons’ Team Resisted Cop Mustache At First: “There’s No F***ing Way” The film is produced by Dylan Clark/Dylan Clark Productions and Kosinski. Gilroy’s script is based on characters created by Anthony Yerkovich from the series he executive produced with Michael Mann. Eric Warren Singer wrote an earlier draft of the screenplay. EVP Production Development Sara Scott and Creative Executive of Production Development Christina Hoffrogge will oversee the project for the studio. Watch on Deadline As for Ehrenreich, the role comes following his win at the Tonys in June for his role in Becky Shaw. His standout performance earned acclaim from critics. Sources said Ehrenreich had upwards of eight offers, but ultimately couldn’t resist the opportunity to star opposite Jordan and Butler in the take from Kosinski. Next up, Ehrenreich will be seen opposite Helen Mirren in Anton Corbijn’s A Talent for Murder , which will have its world premiere at the 2026 Toronto Film Festival. He will also star opposite Daisy Ridley in The Last Resort , which will be released theatrically in 2027. Other notable credits include Christopher Nolan’s Oppenheimer and Zach Cregger’s Weapons . He is repped by CAA, Linden Entertainment and Jackoway Austen Tyerman Wertheimer Mandelbaum Morris Bernstein Trainer and Klein. Odessa Young In Talks For Charlene Role In ‘Heat 2’; María Cid Top Choice For Gabi Paramount+ Renews Tyler Perry’s ‘Zatima’ & ‘Divorced Sistas,’ 2 Other Ex-BET+ Shows Optimus Prime Voice Actor Peter Cullen, 85; ‘Menace II Society’s Samuel Monroe Jr, 52 Danny Ramirez Set For ‘Miami Vice ’85’ With Michael B. Jordan And Austin Butler Read More About: 10 Comments",0,2026-08-27 19:45:13
