id,url,title,source,publication_date,text_length,full_text,is_duplicate,created_at
25,https://www.hollywoodreporter.com/movies/movie-news/tom-cruise-digger-critics-box-office-1236721806/,"Tom Cruise’s ‘Digger’ Tries New Marketing Tactic: The French Love It, Americans Don’t",Hollywood Reporter,2026-10-04T14:29:51,3030,"× Skip to main content By James Hibberd Plus Icon James Hibberd Writer-at-Large JamesHibberd Follow Sign Up View All October 4, 2026 7:29am Tom Cruise in 'Digger.' Courtesy Warner Bros. Pictures Well, maybe this one will work. Warner Bros. rolled out a new ad for Digger that is trying yet another approach to market the tough-to-sell Alejandro G. Iñárritu film. The online ad (below) shows a series of glowing quotes from critics from various countries and contrasts them with negative reviews from U.S. critics. The sort-of implication: The rest of the world loves this movie — it’s just dumb Americans who fail to appreciate its genius. At the start of the ad, Tom Cruise as Digger Rockwell says, “America has stood beside the world in its darkest of hours,” to which Riz Ahmed’s character shoots back, “Not anymore.” Related Stories Movies Tom Cruise Stands Up for 'Digger' Amid Tough Box Office: ""I'm So Proud of What We Created"" Movies Tom Cruise's 'Digger' Plunging at Box Office With Less Than $10M as 'Verity' Leads Then comes the succession of critic quotes alongside a flag representing the critic’s country. The first is from a Mexican YouTuber who called the film “Epic, Extraordinary and Biting,” followed by a Playlist quote, along with an American flag, which called the film “Grotesque, Deliberately Tacky.” Later there’s a French critic who calls Digger “A Gem of Intelligence” followed by The New York Post calling it “An Unintentionally Bad Movie.” The ad concludes with Cruise’s character declaring, “You decide which!” Digger is expected to gross only around $8 million at the domestic weekend box office, which is even lower than the studio’s meager $12-$15 million prediction, and certainly leagues lower than the film’s $125 million projected budget. Is it actually true, however, that the international press likes Digger more than the American press? There may be a little truth to this. While Rotten Tomatoes has the film at 50 percent positive, French aggregation site AlloCiné currently gives the film an average press rating of 3.2 out of 5 across 30 reviews. The two metrics aren’t directly comparable, but the French score suggests a somewhat warmer critical reception. Several top critics in Britain and Australia were notably warm towards the film, though both countries, certainly, had dissenters as well. The film’s CinemaScore in the U.S. — polled from moviegoers exiting the film on Friday — was a rather brutal C+. Cruise took to social media on Saturday to express his pride and support of the film, writing, “ Digger is officially in theaters and I am so honored to have had the opportunity to create this film alongside such talented artists. Thank you to the entire cast and crew for your dedication, hard work and joy. The experience was truly unforgettable and I’m so proud of what we created.” You decide which. DIGGER is now playing in theaters and IMAX. Get tickets now. https://t.co/oVDCbKhdrU #DiggerMovie pic.twitter.com/p0cHPHqvwe — Digger (@diggerthemovie) October 3, 2026 THR",0,2026-10-04 14:43:57
15,https://variety.com/2026/film/obituaries-people-news/singeetham-srinivasa-rao-dead-indian-filmmaker-pushpaka-vimana-1236898526/,"Singeetham Srinivasa Rao, Indian Filmmaker Behind ‘Pushpaka Vimana,’ ‘Michael Madana Kama Rajan’ and ‘Aditya 369’ Dies at 95",Variety,2026-10-04T14:02:39,4027,"Oct 4, 2026 7:02am PT Singeetham Srinivasa Rao, Indian Filmmaker Behind ‘Pushpaka Vimana,’ ‘Michael Madana Kama Rajan’ and ‘Aditya 369’ Dies at 95 By Naman Ramachandran Plus Icon Naman Ramachandran Latest Singeetham Srinivasa Rao, Indian Filmmaker Behind ‘Pushpaka Vimana,’ ‘Michael Madana Kama Rajan’ and ‘Aditya 369’ Dies at 95 30 minutes ago New York’s Inaugural Muslim Film Festival Aims to Move Past Counter-Narratives, Unveils Lineup, Jury (EXCLUSIVE) 1 day ago Stray Kids Join BTS in Sitting Out Grammy Awards 2 days ago See All Wikimedia Commons Revered Indian filmmaker Singeetham Srinivasa Rao , whose work spanned the 1957 Telugu-language classic “Mayabazar” and this year’s musical “Sing Geetham,” died Oct. 3 in Chennai following a period of ill health. He was 95. Rao made some 60 features in the Telugu, Tamil, Kannada and Hindi languages, and moved between farce, fantasy, mythology and science fiction. He also composed music for some of his films and took occasional acting roles. Related Stories 'Gremlins 3' Delayed to 2028 by Warner Bros. Mark Ruffalo Tells Rob Bonta 'Don't You Dare' Settle the Antitrust Lawsuit Against Paramount: 'Do Not Cave' “Sing Geetham,” in which the cast sings rather than speaks, reached cinemas in June this year. It was his first film as director in a decade. Popular on Variety Rao trained under director K.V. Reddy, assisting on “Mayabazar” (1957) and “Jagadeka Veeruni Katha” (1961). He stepped behind the camera himself in 1972 with the Telugu drama “Neethi Nijayithi.” His Tamil film “Dikkatra Parvathi” (1974) took the Indian National Film Award for best Tamil feature. Rao’s partnership with the actor Kamal Haasan began with the 1979 Telugu comedy “Sommokadidhi Sokokadidhi,” in which Haasan played two parts, and continued with “Raja Paarvai” (1981), Haasan’s 100th film and his first as producer. “Pushpaka Vimana” (1987) came next. Rao wrote and co-produced the comedy, and nobody in it utters a line. Haasan plays a broke graduate who passes himself off as a rich man at a hotel, with Amala Akkineni co-starring. Because there was no dialogue to translate, actors could be drawn from across India, and the film went on to win the Indian National Film Award for best popular film providing wholesome entertainment. Their Tamil run continued with “Apoorva Sagodharargal” (1989), where Haasan took three roles, among them a circus performer with dwarfism, and Indian comedy classic “Michael Madana Kama Rajan” (1990), where Haasan had four roles. They reteamed on “Magalir Mattum” and, in 2005, “Mumbai Xpress.” That Tamil turn followed Rao’s long stint in Kannada with Rajkumar. The star led seven Rao films, beginning with “Haalu Jenu” in 1982, and four of those were later redone in Telugu. In 1988, Rajkumar announced that he planned to step away from acting for a while, and that steered the director toward Tamil projects. At home in Telugu, Rao cast dancer Sudha Chandran in “Mayuri” (1985), a dramatization of her own comeback after losing a leg. It collected 14 Nandi Awards, the state honors of Andhra Pradesh, a record haul. With Nandamuri Balakrishna he made “Aditya 369” (1991), a time-travel adventure, and the folklore fantasy “Bhairava Dweepam” (1994), which earned Rao the Nandi for best director. The Film Federation of India presented him with its Life Achievement Award in 2011. He also picked up three Karnataka State Film Awards. Taylor Swift Recalls How ‘I Knew You Were Trouble’ Was Written as a ‘Really Sad Ballad’ in Grammy Museum Conversation Video Taylor Swift Praises Phoebe Bridgers’ New Album ‘Lost Weekend,’ Calls It an ‘Absolute Triumph in Every Way’ Taylor Swift Announces New Single, ‘Patient Zero,’ Coming This Week Newly Discovered Plant-Eating Insects Named After Taylor Swift Taylor Swift Pays Tribute to Dolly Parton: ‘She Was True Grace and True Grit, All in One Dazzling Person’ Taylor Swift Crashes Dakota Johnson’s ‘SNL’ Monologue as Her Breakup Therapist, Shows Travis Kelce Love with Cleveland Shoutout Loading comments...",0,2026-10-04 14:43:46
1,https://deadline.com/2026/10/weekend-update-cornell-controversy-return-of-glee-1237146124/,‘SNL’s Weekend Update Tackles Cornell Controversy & Return Of ‘Glee’,Deadline,2026-10-04T04:48:46,2894,"Skip to main content By Lynette Rice Lynette Rice Senior TV Writer @LynetteRice More Stories By Lynette ‘SNL’s Weekend Update Tackles Cornell Controversy & Return Of ‘Glee’ Taylor Swift Joins ‘SNL’ Host Dakota Johnson During Opening Monologue Jeremy Strong Says He Cares What Mark Zuckerberg Thinks About ‘The Social Reckoning’ View All October 3, 2026 9:48pm Add us as a Google Preferred Source Kam Patterson on 'SNL' NBC After cracks about Pete Hegseth, Kristi Noem and President Donald Trump’s vendetta against CNN, Michael Che on Saturday Night Live ‘s Weekend Update touched on the ongoing controversy at Cornell University and Ryan Murphy’s decision to bring back Glee . Che first served up a serious note by referencing the sexual assault case at Cornell and how “obviously we don’t want to make light of anything that happened, but it is a good time to talk about men holding other men accountable.” Related Stories Late Night TV ‘SNL’ Cold Open Goes Full MAGA Midterms Desperation With Hegseth’s “Schlong Donkeys”, Trump’s Rambles & A Sad VP Late Night TV Taylor Swift Joins ‘SNL’ Host Dakota Johnson During Opening Monologue As the camera panned toward to a silent Colin Jost , Che said, “Look, we all have that one friend that seems like a nice guy, but they’re definitely not. It could be someone you’re close to, or someone you work with. Maybe you can’t prove anything. You can just look at him and tell those weird, privileged Ivy League types always got some messed up stuff going on.” Che then turned to Jost and said, “Is there anything you want to add, Colin?” “Stop cutting to me,” Jost responded. Watch on Deadline Later, cast member Kam Patterson joined the desk to show his enthusiasm for the reboot of Glee . (Ryan Murphy recently said that he “just finished” a Glee reboot script). Che was a bit skeptical that Patterson is a true Gleek, despite Patterson claiming he was eager to find out if Rachel was still on Broadway and if Kurt and Blaine were still together. But Che wasn’t convinced. “Look, I know you man. You don’t have to say yes to every day that a white writer pitches to you …. Look Kam. I’ve worked here, what, 30, 35 years. I know what this is. Two white writers came up to you in suits, pitched you an idea about Glee , and now you’re out here saying a bunch of names you’ve never heard before, right?” Patterson admits he hasn’t and feels “pretty bad” that he “just did jazz hands on national television.” Weekend Update with Colin Jost and Michael Che! pic.twitter.com/xyQ5MjizyT — Saturday Night Live (@nbcsnl) October 4, 2026 Taylor Swift Crashes Dakota Johnson’s Monologue; Cold Open Goes Full MAGA ‘Verity’ Solid $33M+ Start; ‘Digger’ At $8M Lowest Cruise Open In 19 Years Skydance Putting All 3 TV Studios Under George Cheeks: WBTV, CBS Studios, PTVS What’s Next For De Luca, Abdy; Top Film Jobs To Greenstein, Goldberg Read More About: Comments",0,2026-10-04 14:43:30
16,https://variety.com/2026/tv/news/snl-pete-hegseth-spider-man-non-alcoholic-beer-1236898415/,"Pete Hegseth Chugs ‘Spider-Man’s Non-Alcoholic B—- Beer’ in ‘SNL’ Cold Open That Mocks Tom Holland, Mitch McConnell and JD Vance",Variety,2026-10-04T04:10:00,3299,"Oct 3, 2026 9:10pm PT Pete Hegseth Chugs ‘Spider-Man’s Non-Alcoholic B—- Beer’ in ‘SNL’ Cold Open That Mocks Tom Holland, Mitch McConnell and JD Vance By William Earl Plus Icon William Earl @beautifulbill Latest Pete Hegseth Chugs ‘Spider-Man’s Non-Alcoholic B—- Beer’ in ‘SNL’ Cold Open That Mocks Tom Holland, Mitch McConnell and JD Vance 10 hours ago ‘Digger’: How Its Big Twist Saves the Movie From Being a Complete Disaster (Opinion) 2 days ago Chris Hansen Confronts ‘Primetime’: The Tragic Ending, Seeing His Love Life Onscreen and Considering Legal Action Against A24 Because ‘They Exploited Me’ 3 days ago See All Courtesy of NBC In the Oct. 3 cold open on “ Saturday Night Live ,” Andrew Dismukes and Ashley Padilla play Republican strategists who have their work cut out for them building buzz for their party. Marcello Hernández comes in first as Marco Rubio, who speaks to constituents in Spanish, admits that Trump did not live up to expectations and his endless war is not making things better. Mikey Day then shows up as a frozen Mitch McConnell in a wheelchair, only able to give the peace sign and nearly derailing the fourth wall of the sketch when he mistakenly tries to say “Live from New York” too early. Related Stories Mark Ruffalo Tells Rob Bonta 'Don't You Dare' Settle the Antitrust Lawsuit Against Paramount: 'Do Not Cave' 'Gremlins 3' Delayed to 2028 by Warner Bros. Vice President JD Vance stopped by, played by Jeremy Culhane, and his lack of charisma was mocked when he started his camera test by saying, “Hi, I’m JD Vance,” before getting dismissed. Popular on Variety The sketch’s highlight was Colin Jost returning as Pete Hegseth , who immediately chugs one of Tom Holland ’s Bero beers, which he refers to as “Spider-Man’s new non-alcoholic bitch beer.” The sketch, which parodied his unhinged “State of the Force” address this week, he also urges Republicans to do something shocking: “I need all you patriots at home to do the gayest thing ever and vote.” He also noted that, “I’m putting God back in war and it’s working. Our soldiers are praying a lot more than they used to.” Trump, played by James Austin Johnson, also dropped by, saying, “Let me cook.” He also made fun of his real-life strategy to reimburse American voters for a Republican midterm win, saying, “If the Republicans win, I’ll give everyone $5,000 and that is not a bribe because I have no intention of following through on that promise.” The episode’s host is Dakota Johnson and the musical guest is Turnstile. Watch the cold open below. the Republican National Committee takes on midterm ad campaigns pic.twitter.com/6xn5F75XT1 — Saturday Night Live (@nbcsnl) October 4, 2026 How to Stream the 2026 MTV VMAs Live Online Dakota Johnson on Being in Taylor Swift’s ‘Patient Zero’ Music Video: ‘We Respect Each Other’s Creative Minds’ Tom Cruise Says Taylor Swift Was ‘Schooling Me on Football’ at Chiefs Game, Calls Her a ‘Brilliant Musician and Director’ Emmy Producers on Recruiting Taylor Swift, the Ideas She Brought to the Show and How This Year’s Telecast Wound Up Short Taylor Swift Breaks Two Spotify Records for 2026, Including Most-Streamed Female Artist in a Day ‘Toy Story 5’ Sets Disney+ Streaming Release Date After Making Over $1 Billion at the Box Office Loading comments...",0,2026-10-04 14:43:48
2,https://deadline.com/2026/10/snl-cold-open-trump-hegseth-midterms-1237146097/,"‘SNL’ Cold Open Goes Full MAGA Midterms Desperation With Hegseth’s “Schlong Donkeys”, Trump’s Rambles & A Sad VP",Deadline,2026-10-04T03:55:00,3970,"Skip to main content By Dominic Patten Dominic Patten Executive Editor, Legal, Labor & Politics @DeadlineDominic More Stories By Dominic Diddy In The Hole As Plethora Of Contraband Violations Revealed; Grammy Winner Faces Delayed Release Nithya Raman Reaches Out To David Ellison To Make Sure L.A Production & Jobs Return Now That ParaBros Deal Is Done Ben Affleck Doesn’t “Worry About SkyNet” When It Comes To AI; “It’s Another Form Of Computing” View All October 3, 2026 8:55pm Add us as a Google Preferred Source Just a month away from the volatile midterms and a president way down in the polls, there was once again a plethora of political material ripe for this week’s SNL cold open, and the NBC late-nighter went full MAGA, with some Mitch McConnell on the side. Played by Mickey Day, the wheelchair bound 84-year-old Kentucky senator offered a premature “Live from New York” before being cut off by RNC ad consultants desperate to turn things around for the GOP. To that, there was a “He tricked us” (in Spanish) Marco Rubio, portrayed by the always on point Marcello Hernández, and a 2028 J.D. Vance (Jeremy Culhane) that no one wanted to actually put in a spot. Related Stories Late Night TV Taylor Swift Joins ‘SNL’ Host Dakota Johnson During Opening Monologue Late Night TV ‘Saturday Night Live’ Season 52 Cast: Who’s Returning & Who Won’t Be Back? Then there was Colin Jost ’s Pete Hegseth, putting the fun in whack job Defense Secretary once again. Watch on Deadline “What’s up, schlong donkeys?” the Saturday Night Live Weekend Update co-anchor began in what might have been one of the greatest campaign ads ever (we’re talking 1954 Daisy level) if it was real. “Now listen up, okay, because I need all you patriots at home to do the gayest thing ever and vote. Thanks to me, the military finally has its priorities and sexuality straight.” Tossing in some slam poetry, Jost’s Hegseth added: “In conclusion, vote, I guess. And remember, even if you’re stationed overseas, you can still vote by mail, which is the only by mail I’m cool with.” Of course, this being a MAGA parody and being SNL , the joke had to go further. Having said that, unlike many too-long cold opens, this semi-morbid midterm skit work at the extra length – entirely because POTUS came to cook, base loathing and all. “I’m President Trump and I approve this ramble,” started a typically and wonderfully unhinged James Austin Johnson. Drawing from the fiction that is so much of Trumpland’s facts, he added in the fake ad: “We’re getting mogged out there, but not for long because I have a solution. If the Republicans win, I’ll give everyone $5,000, and that is not a bribe because I have no intention of following through on that promise.’ “So, just pretend I’m on the ballot, okay? You have to use something called imagination. Imagination makes a MAGA nation. Wow, that’s pretty good. I can already see that written on the back of an obese woman’s booty shorts in dirty, disgusting Myrtle Beach. What a hell all this country is! It’s full of awful people.” Perhaps, but not in tonight’s spot-on cold open. Delayed a tad again on the West Coast like last week’s season opener thanks to college football, tonight’s SNL is the second show of the 52 nd season. Verity star Dakota Johnson is hosting SNL for the third time. Coming off a big box office start for the Collen Hoover thriller, Johnson is joined by Turnstile as musical guest, the Maryland rockers’ SNL debut. Next week will see one-time dumped cast member Shane Gillis back for his third time hosting. The October 10 show will see the much-acclaimed Rosalía returning for her third SNL appearance. Taylor Swift Crashes Dakota Johnson’s Monologue; Cold Open Goes Full MAGA ‘Verity’ Solid $33M+ Start; ‘Digger’ At $8M Lowest Cruise Open In 19 Years Skydance Putting All 3 TV Studios Under George Cheeks: WBTV, CBS Studios, PTVS What’s Next For De Luca, Abdy; Top Film Jobs To Greenstein, Goldberg Read More About: 1 Comments",0,2026-10-04 14:43:31
3,https://deadline.com/2026/10/taylor-swift-joins-snl-host-dakota-johnson-1237146104/,Taylor Swift Joins ‘SNL’ Host Dakota Johnson During Opening Monologue,Deadline,2026-10-04T03:54:22,2323,"Skip to main content By Lynette Rice Lynette Rice Senior TV Writer @LynetteRice More Stories By Lynette Taylor Swift Joins ‘SNL’ Host Dakota Johnson During Opening Monologue Jeremy Strong Says He Cares What Mark Zuckerberg Thinks About ‘The Social Reckoning’ ‘Digger’ Star Tom Cruise Says He’s “So Proud Of What We Created” Despite Poor Open At Theaters View All October 3, 2026 8:54pm Add us as a Google Preferred Source Taylor Swift gave Dakota Johnson some pretty sweet payback for appearing in her “Patient Zero” music video: the mega-star joined the Verity actress during her opening monologue tonight on Saturday Night Live . Perhaps it was just a birthday present for Johnson, who turns 37 on Sunday. Either way, Swift came in to yuk it up with Johnson, who used her opening moment to wax on about dating musicians. Her recent beaus were Role Model and Chris Martin. Related Stories Late Night TV SNL Cold Open Goes Full MAGA Midterms Desperation With Hegseth’s “Schlong Donkeys,” Trump’s Rambles & A Sad VP News Taylor Swift Breaks Spotify Record With ‘Patient Zero’ Surprise Release; New ‘Showgirl’ Songs Take Top Four Spots On Global Streaming List “I went through two very public, very lame breakups with two very awesome musicians,” Johnson said about what she’s been doing since the last time she hosted SNL . (This is Johnson’s third appearance on the NBC show). “It’s not my fault, though,” Johnson continued. “Some people leave concerts with merch and I leave concerts with a two and a half year relationship. But I have really good friends. They don’t judge me for dating these men. They’re actually really supportive.” Watch on Deadline That’s when Swift joined her on stage. “I’m not your therapist actually,” Swift tells Johnson. “You just show up once a week at my house with an empty bottle of wine and ask if I want some.” Swift returned at the end of the show to present her buddy with a birthday cake. The Verity star made her SNL debut in season 40. See her monologue above. Taylor Swift Crashes Dakota Johnson’s Monologue; Cold Open Goes Full MAGA ‘Verity’ Solid $33M+ Start; ‘Digger’ At $8M Lowest Cruise Open In 19 Years Skydance Putting All 3 TV Studios Under George Cheeks: WBTV, CBS Studios, PTVS What’s Next For De Luca, Abdy; Top Film Jobs To Greenstein, Goldberg Read More About: Comments",0,2026-10-04 14:43:32
17,https://variety.com/2026/music/news/taylor-swift-snl-cameo-dakota-johnson-saturday-night-live-1236898411/,"Taylor Swift Crashes Dakota Johnson’s ‘SNL’ Monologue as Her Breakup Therapist, Shows Travis Kelce Love with Cleveland Shoutout",Variety,2026-10-04T03:49:52,6045,"Oct 3, 2026 8:49pm PT Taylor Swift Crashes Dakota Johnson’s ‘SNL’ Monologue as Her Breakup Therapist, Shows Travis Kelce Love with Cleveland Shoutout By Chris Willman , Pat Saperstein NBC Predictions that Taylor Swift would make a cameo on “ Saturday Night Live ” with host Dakota Johnson came to fruition when the duo appeared together in the opening monologue. After Johnson joked about her failed relationships, she said “I have really good friends. They don’t judge me, they’re really supportive. Ladies and gentlemen, my literal therapist.” Swift then appeared onscreen — in what one Swiftie on X delightedly described as a “Taylor Swift jump scare” — and said, “I’m not your therapist, actually. You just show up once a week at my house with an empty bottle of wine and ask if I want some… You flop on my couch and overshare and every so often I say ‘Damn, that’s crazy,'” Swift continued. “And then you say…” “Sleepover, yay!” said Johnson. “Then I give you Pedialyte and my security drives you home,” Swift said. Then the subject returned to Johnson’s dating life. Earlier in the monologue, after jokes about her “tight-ass latex dress” and the failure of “Madame Web,” the actress said, “What else has happened since the last time I hosted? Well, I went through two very public, very lame breakups with two very awesome musicians,” referring to Coldplay’s Chris Martin and Role Model. “Looking for a third,” she added. Mentioning that her new film “Verity” is a “psychosexual erotic thriller,” she noted, “So is dating musicians. Some of them don’t wear shoes, some of them are terrible in bed, but all of them are in my DMs. It’s not my fault, though. Some people leave concerts with merch, and I leave concerts with a two-and-a-half-year relationship.” WIth Swift beside her minutes later, Johnson picked up the subject and continued, “Just quickly while we’re on the subject of musicians, I think actually I’m doing a public service by dating them, because, ladies, I am saving you a lot of money on Zoloft. So you’re welcome, America. And also England. And parts of Ireland. And Cleveland,” a reference to Travis Kelce, which led to the rejoinder, “Allegedly.” Swift then squealed “It’s her birthday!” — just slightly prematurely, as Johnson had earlier announced her birthday would be arriving at midnight. Dakota Johnson’s monologue! pic.twitter.com/ZxOi5zVZLF — Saturday Night Live (@nbcsnl) October 4, 2026 During the goodnights at the end of the episode, Swift brought a birthday cake out for Johnson. There was no question of Swift doing a musical number on the episode, since the musical guest had long since been announced as Turnstile. But the singer turning up at some point on “SNL” this season seemed like an inevitability after Swift participated in an Easter egg-laden “Law & Order SVU” sketch on the Emmys. Behind her in the skit, a large “Saturday Night Live” emblem was tacked to a bulletin board… not her subtlest clue ever. The “SNL” episode aired live in some markets, including New York and on Peacock, while others, including NBC’s L.A. affiliate, delayed it until 11:41 p.m. ET/8:41 PT in order to get in a full half-hour of local news after a college football game between USC and Washington ended nine minutes into the 11:00 hour. It marked the second week in a row that “SNL” began late in most markets because of a USC game running over and most affiliates wanting to keep their full news programming. But it was particularly frustrating for Swifties who wanted to tune in to see if the rumors of her appearance were true. It was the second time in a week that they had to go to social media rather than live TV to find out what was happening with Swift, after her appearance last Sunday on CBS’ VMAs was also tape-delayed after a game ran long. Swift fans had recently seen her and Dakota paired up in the music video for the single “Patient Zero,” which the pop superstar directed as well as co-starred in. The video, which premiered last Sunday night on the MTV Video Music Awards, stars Johnson and Colin Ferrell as an upper-class couple whose marriage appears to be on the skids. Swift appears as a spectral figure trying to warn Johnson that, based on her own experience, her rich husband has more sinister intentions than his current bride imagines. Popular on Variety Earlier on Saturday, Swift bowed “Patient Zero (Expanded Video),” which is exclusive to Apple Music. She used her Instagram Stories to link to the new eight-minute video release, which adds making-of scenes to the original clip. Related Stories 'Gremlins 3' Delayed to 2028 by Warner Bros. Mark Ruffalo Tells Rob Bonta 'Don't You Dare' Settle the Antitrust Lawsuit Against Paramount: 'Do Not Cave' Swift had not been in studio 8H in some time. Her last on-screen appearance on the show was in October 2023, when she came on to introduce musical guest Ice Spice, with whom she’d collaborated on a remix. Her sole time hosting came in 2009. She was the musical guest on that show, an earlier episode in 2009, and subsequently in 2017, 2019 and 2021. Swift also made cameos during a monologue in 2014 and a “Californians” sketch in 2015. The singer’s latest project came out Sept. 25: “ The Life of a Showgirl: The Encore ,” an expanded edition of her 2025 with four additional tracks. Louis Messina, Taylor Swift’s Tour Promoter, Urges Judge to Reject Live Nation/Ticketmaster Antitrust Settlement: ‘I Could Go Out of Business Like Other Promoters Who Have Fallen Victim to Live Nation’ Todd Rundgren Slams Taylor Swift, Says She ‘Ruined Music’ and Is ‘the Apotheosis of Mediocrity’ Emmy Producers on Recruiting Taylor Swift, the Ideas She Brought to the Show and How This Year’s Telecast Wound Up Short Taylor Swift Surprises Emmys in ‘SVU’ Parody but Skips Show to Attend Chiefs Game With Tom Cruise Taylor Swift Announces ‘The Life of a Showgirl: The Encore’ Album With Four New Songs Taylor Swift Recalls How ‘I Knew You Were Trouble’ Was Written as a ‘Really Sad Ballad’ in Grammy Museum Conversation Video Loading comments...",0,2026-10-04 14:43:49
26,https://www.hollywoodreporter.com/tv/tv-news/taylor-swift-dakota-johnson-saturday-night-live-1236721702/,Taylor Swift Crashes Dakota Johnson’s ‘Saturday Night Live’ Hosting Stint: “My Literal Therapist!”,Hollywood Reporter,2026-10-04T03:47:27,4014,"Skip to main content By McKinley Franklin Plus Icon McKinley Franklin View All October 3, 2026 8:47pm Logo text Dakota Johnson got a special visit from Patient Zero on Saturday Night Live . Taylor Swift joined the Verity actress during her opening monologue on Saturday night’s episode, marking quite the surprise appearance. Johnson joked about having “two very public, very lame breakups with two very awesome musicians” since she’d last been on SNL , and how she had the most supportive friends who “don’t judge me for dating these men.” Cut to Swift! Johnson joked that the singer was “my literal therapist,” to which the Grammy winner responded, “I’m not your therapist. Actually, you just show up once a week at my house with an empty bottle of wine and ask if I want some.” Related Stories Movies Tom Cruise Stands Up for 'Digger' Amid Tough Box Office: ""I'm So Proud of What We Created"" Movies Tom Cruise's 'Digger' Plunging at Box Office With Less Than $10M as 'Verity' Leads “Yeah, well I have manners,” the actress said, as Swift continued, “And then you flop on my couch and overshare, and every so often I just say, ‘Damn, that’s crazy.'” “Is that not a therapist?” the Fifty Shades of Grey actress questioned. On Sunday, Swift released the music video for her new single “Patient Zero,” starring none other than Johnson and Colin Farrell. The two debuted the video at the MTV VMAs on Sunday, with the track serving as one of four new songs the musician released as part of The Life of a Showgirl : Encore Edition last Friday. To close out her monologue, Johnson concluded, “Well, just quickly, while we’re on the subject of musicians, I think actually I’m doing a public service by dating them, because ladies, I am saving you a lot of money on Zoloft. So, you’re welcome, America! And also England and parts of Ireland and Cleveland, allegedly,” Johnson said, as Swift added in a quick, “Woo-woo!” “Cleveland” is another new track from Showgirl: Encore , where Swift sings about her husband Travis Kelce and their marriage. “Now I’m wearing white (Yeah), so hate all you like (Uh-huh) / This is the love of my life (Hey, hey, hey),” Swift sings at the end of the song. At the top of her monologue, the Verity actress also addressed the box office bomb Madame Web , while noting that her last SNL appearance was tied to promotion for the film. She joked, “The last time I was here, I was promoting a movie called Madame Web . And tonight, I’m still promoting it. Because the movie hasn’t made any money yet.” Dakota Johnson’s monologue! pic.twitter.com/ZxOi5zVZLF — Saturday Night Live (@nbcsnl) October 4, 2026 The cold open saw a group of “Republican heavy hitters” get together to film ads ahead of the midterms. Among those who appeared were Marco Rubio, portrayed by Marcello Hernández. Mikey Day also joined as Mitch McConnell, and Jeremy Culhane as J.D. Vance. The last guest before James Austin Johnson’s Trump also joined was Pete Hegseth (Colin Jost). He joined the sketch with a Bero in hand, which he described as “Spider-Man’s new non-alcoholic bitch beer.” “Now listen up, OK, ’cause I need all you patriots at home to do the gayest thing ever and vote,” Jost’s Hegseth said. “Thanks to me, the military finally has its priorities — and sexuality — straight.” the Republican National Committee takes on midterm ad campaigns pic.twitter.com/6xn5F75XT1 — Saturday Night Live (@nbcsnl) October 4, 2026 Saturday night’s episode marks Johnson’s third time hosting SNL . She made her debut in February 2015, and returned once more in January 2024. She’s made several appearances throughout the years, including for the 40th anniversary special and a cameo during Josh O’Connor’s hosting stint last December. Season 52 of SNL premiered last week with New York Knicks star Jalen Brunson and Katseye. Later this season, Shane Gillis will host on Oct. 10 with musical guest Rosalia, while Obsession star Inde Navarrette makes her SNL hosting debut on the Halloween episode with Gracie Abrams. THR",0,2026-10-04 14:43:59
27,https://www.hollywoodreporter.com/movies/movie-news/freaks-zach-lipovsky-adam-b-stein-hollywood-1236721594/,How ‘Freaks’ Sent Zach Lipovsky and Adam B. Stein to Hollywood: “That Film Changed Our Lives”,Hollywood Reporter,2026-10-04T01:18:31,5023,"× Skip to main content By Etan Vlessing Plus Icon Etan Vlessing Canada Bureau Chief View All October 3, 2026 6:18pm Adam B. Stein and Zach Lipovsky Eric Charbonneau Zach Lipovsky has done good business with gory horror movies. Lipovsky and longtime collaborator Adam B. Stein ’s 2018 dark sci-fi thriller Freaks, starring Emile Hirsch and Bruce Dern, was an unlikely box office hit, having made over $375 million worldwide during its theatrical run. “That film changed our lives,” he tells The Hollywood Reporter from the Sony Pictures studio lot in Culver City, California. Freaks effectively transformed the filmmaking duo from B-movie mavens to hot commodities in Hollywood after the dystopian drama world premiered at the Vancouver Film Festival (VIFF). “I grew up in Vancouver. We made the first film in Vancouver. And as a teenager I went to the Vancouver Film Festival, and got a super pass to not only see five films a day, but go to press screenings for three weeks before the festival,” Lipovsky recalled. Related Stories Movies Sony Pictures in Talks to Acquire Michael B. Jordan 'Battlefield' Video Game Movie Movies '24 Jump Street' and Ridley Scott's 'Treasure Island' Get 2027 Release Dates From Sony That festival play gave a young Lipovsky a crash course in world cinema. “I remember seeing filmmakers up on the stage, presenting their films and wishing one day that would be me,” he added. After Freaks – — which featured 7-year-old Chloe (Lexy Kolker) being locked in a ramshackle suburban home by her protective and paranoid father, played by Hirsch — Lipovsky and Stein are returning to Vancouver with their follow-up Freak 2 to screen on Saturday night at the Rio Theatre. “The first film was very much about a girl who can’t leave her house, and really wants a mom. And in the second film, she’s now much older. So she doesn’t want a mom. What she wants is a friend,” he explained. “And how do you find a friend, and how do you build a relationship in a world where society wants you dead,” Lipovsky adds as he teases Freaks 2. Paramount Pictures has already picked up the sequel where Amanda Crew is a mother and Lorelei Olivia Mote plays her daughter, as both look to survive a world that wants to wipe out “freaks” like them as they seek vengeance for their family. Freaks 2 also follows hot on the heels of Lipovsky and Stein directing Final Destination Bloodlines, the sixth installment of the supernatural horror franchise that grossed over $285 million at the worldwide box office. “It’s very hard to believe I’m sitting here on the Sony lot where we have our first look [deal] now. And we have a whole building of people now working with us to make movies, which is very surreal,” Lipovsky adds as he and Stein met nearly 20 years ago as rival competitors on On the Lot , the Fox filmmaking competition series from Steven Spielberg and Mark Burnett. “We didn’t win, and we were off the lot,” Lipovsky recounted. But, two decades later, he and Stein are in-demand movie directors at work on projects like the Long Lost short story adaptation for Amblin and Universal, as writers on Chris Columbus’ Gremlins 3 and for Sony the animated Venom movie and Metal Gear Solid . Getting known around Hollywood still has Lipovsky pinching himself. “Over 20 years of making movies, you get very used to things not happening, and very used to people saying something’s happening, and then it doesn’t happen. So when things start to click into place, your brain has a very hard time trying to accept that it’s actually real,” he added. Lipovsky also puts himself and Stein becoming bankable in Hollywood after Freaks and Final Destination Bloodlines down to the recent summer box office success of breakout horror pics Backrooms and Obsession. “Horror is one of the few genres where it’s normal for audiences to show up in theaters for original movies,” Lipovsky argues. “It’s the voice of the authors that are creating the work that audiences are becoming attracted to, and even more so when the work is original, and Hollywood is definitely starting to pay attention to that.” Lipovsky will be accompanied at the VIFF screenings for Freaks 2 by his mother, who as a single parent cast aside her own aspirations to become a movie director to work as a TV producer at Knowledge Network, a local Vancouver network. “Becoming a director back in the [19]80s wasn’t really a career path for many women, and she’s always been there by my side, and for her to see the kind of levels to which I’ve been able to create movies has been amazing,” he recalled. One of the VIFF screenings for Freak 2 will also be at the city’s historic Park Theatre, an art deco movie house that Lipovsky helped save from closure as a private investor along with Osgood Perkins, Mike Flanagan, Sean Baker and Finn Wolfhard. “It’s very special to be able to do the screening there, with a lot of the people that made the movie and a lot of my old friends in the audience and within minutes of where we shot the movie,” he insisted. THR",0,2026-10-04 14:44:00
28,https://www.hollywoodreporter.com/movies/movie-news/jeremy-strong-method-acting-never-intention-interfere-1236721716/,Jeremy Strong Says He Doesn’t “Need to Apologize” for Method Acting: “It’s in Service of the Material”,Hollywood Reporter,2026-10-04T00:58:57,4093,"× Skip to main content By McKinley Franklin Plus Icon McKinley Franklin View All October 3, 2026 5:58pm Mark Zuckerberg (Jeremy Strong) in Columbia Pictures’ The Social Reckoning Sony Pictures Jeremy Strong says it’s “never my intention to interfere” with the people he works with when method acting, but he doesn’t believe he “need[s] to apologize” for his approach. The Succession actor is a known method actor , which he has led to criticism from his peers in the past. When speaking with David Remnick for The New Yorker Radio Hour podcast, the host asked Strong if he feels his tendency to do research on his characters and bring that knowledge into his performance is “appreciated by the people around you.” Remnick specifically cited his Oscar-nominated turn in The Apprentice , where he added a scene to the film that wasn’t in the original script. Related Stories Movies Aaron Sorkin Made a Movie About Her. She Just Hopes Mark Zuckerberg Watches. Movies Jeremy Strong Treated His 'Social Reckoning' Co-Stars ""the Way He Imagines"" Mark Zuckerberg Treats People, Aaron Sorkin Says “I think I can’t really speak to that,” the actor said. “Of course, some people seem to have been… it is never my intention to interfere with anyone else’s experience or anyone else’s way of working. First, do no harm, right? But commit to fucking what you’re doing, and utterly.” He was then asked if he gets frustrated by others who are not at the same level of commitment, to which Strong responded, “No, just meaning that I’m just there to commit utterly to serving the material.” “So, if some people feel that I’m taking it too seriously, or it changes the molecules in the room in a way that makes something uncomfortable, I guess that’s something that I don’t feel that I need to apologize for,” he said. “Because I believe, and I think the directors that I work with all believe, that it’s in service of the material, and I personally think that a lot of the reactions to it are of a personal nature.” Strong will next star in Aaron Sorkin ‘s The Social Reckoning as Meta CEO Mark Zuckerberg. The director recently told The New York Times that Strong treated his co-stars “the way he imagines Mark [Zuckerberg] treats the people around him.” Sorkin explained, “Jeremy does a lot of his own work. He does a tremendous amount of work before he shows up on your set. He did not speak in his own voice on the set or walk the way Jeremy walks.” “I told all the other actors in his scenes: ‘Guys, he’s not going to be hanging out with you at craft service. He’s not going to be yucking it up with you between takes. He’s probably not going to speak to you at all. He is going to treat you the way he imagines Mark treats the people around him,’” he added. “And that’s what happened. You cannot argue with the results.” Brian Cox, Strong’s former Succession co-star, shared his criticism of his method acting in a viral New Yorker profile , where he said, “I’ve worked with intense actors before. It’s a particularly American disease, I think, this inability to separate yourself off while you’re doing the job.” The Troy actor has made many remarks about Strong’s method, saying previously, “It’s not good for the ensemble. It creates hostility. That’s the problem.” Of his reaction to the profile, Strong previously told The Hollywood Reporter , “It was painful for it to be put out to the world, maybe in a less compassionate way than I would’ve hoped.” He added, “I felt that I had a safe forum at The New Yorker . I felt that I had a safe forum to share those things — and ultimately that experience was put in doubt.” When asked if he was hurt by his co-stars coming off as being dismissive of his process, Strong said, “Yeah,” adding, “But a lot of that is just things that are presented out of context or with a certain agenda. I know what everybody said, and there was an angle and a narrative that was being presented. Which is not to say that there was never friction between my co-stars. We’re a family in every sense of the word. But foundationally, there’s deep respect and even love.” THR",0,2026-10-04 14:44:01
18,https://variety.com/2026/film/reviews/a-statement-review-paul-rudd-paul-giamatti-nyff-1236898120/,‘A Statement’ Review: Just What We Need Right Now — Another Movie About Climate Change! But Tom McCarthy’s Historically Based Talkfest Reveals How Much We Knew in 1980,Variety,2026-10-04T00:15:11,11931,"Oct 3, 2026 5:15pm PT ‘A Statement’ Review: Just What We Need Right Now — Another Movie About Climate Change! But Tom McCarthy’s Historically Based Talkfest Reveals How Much We Knew in 1980 The film presents, exactly as it happened, a conference of officials assigned to advise Congress on the global-warming crisis. But their talk doesn't quite become action. By Owen Gleiberman Plus Icon Owen Gleiberman Chief Film Critic @OwenGleiberman Latest ‘Behemoth!’ Review: Pedro Pascal Is a Classical Cellist Skating Through a Midlife Crisis in Tony Gilroy’s Elevated Bauble of a Music Drama 2 days ago ‘Cameron Winter at Carnegie Hall’ Review: Paul Thomas Anderson Directs a Rapturous Solo Concert Movie Built Around the Songs — and Haunting Sound — of Cameron Winter 2 days ago Robert Pattinson Is a New Kind of Movie Star: The Anti-Tom Cruise 4 days ago See All Courtesy of NYFF If you see only one movie this year about a super-geek task force of scientists, academics, lawyers, activists, and bureaucrats who meet in a hotel conference room in St. Petersburg, Florida, in 1980 to hash out a manifesto about climate change, make that movie “ A Statement ” (at least, until a better one comes along). The conference I described really did take place. It was a mission dreamed up by the U.S. Congress. The issue of global warming was on the map, and the committee, gathering in Florida over a weekend for three days of meetings, was asked to devise a mission statement that would assess the dangers of climate change and make recommendations to Congress as to what, exactly, should be done about it. Related Stories Mark Ruffalo Tells Rob Bonta 'Don't You Dare' Settle the Antitrust Lawsuit Against Paramount: 'Do Not Cave' 'Gremlins 3' Delayed to 2028 by Warner Bros. “A Statement” was directed and co-written by Tom McCarthy, the sturdy carpenter of “Spotlight” and “Stillwater,” and it features some fine actors, like Paul Rudd , who plays the very diplomatic conference moderator, and Paul Giamatti , who plays a spiky Department of Energy official, and John Turturro, disarmingly elegant and funny as a professor of nuclear science at M.I.T., and Amy Ryan, as the quiet functionary who ultimately emerges as the conscience of the group. Popular on Variety The movie, as you’ve likely gathered, is not a tale of high-speed helicopter chases and daredevil heists. The conference — 20 men and women pontificating, arguing, strategizing, hashing out the truth — is the entire movie. “A Statement” is a film about conversation , so let me put my own prejudice forward: I’m utterly in favor of movies about conversation — humanistic legal showdowns like “12 Angry Men” (one of the greatest movies ever made), or a dinner-table dialogue like “My Dinner with Andre,” or “Before Sunrise” and its sequels, or the films of Eric Rohmer. I’m someone who actually thinks that talk is action (just ask any of my friends). And I love hearing issues argued over intelligently, which makes me the target audience for a movie like “A Statement.” That said, I watched the film with seriously divided feelings. On paper, “A Statement” sounds like an interesting movie, but it’s at once talky and flat, grabby and meandering, impassioned and neutral. It wants to be a “firebrand” docudrama, yet I can’t imagine who the audience is going to be for it. My heartless prediction: next to no one. Not because the film is bad, but because it’s like an endless magazine article in movie form. McCarthy and his co-screenwriters, Thomas Bidegain and Noé Debré, decided not to “dramatize” the conference. Instead, they dug the dialogue right out of the actual transcripts, presenting the conversations verbatim, which is on some level a daring choice. And McCarthy is certainly a skilled enough filmmaker to get the effect he was going for. In “A Statement,” he catches the sound and rhythm, the verbal wheel-spinning, the fuddy-duddy quibbling essence of that thing known as a strategic planning meeting . For anyone, in any profession, who has attended such a meeting (i.e., just about anyone who has ever worked for a corporation or the government or a school system, or anyone who’s ever belonged to a guild or a union), that achievement may come off as a mixed blessing. Because the not-so-dirty secret of this kind of meeting is that while it can, at its best, get things done, the truth is that sitting there and listening to the endless jawboning and jockeying for position, the heel-digging stands followed by wilting compromise, the testy yet somehow bland infighting — all of it can be enough to make you want to curl up into a ball. In “A Statement,” what we’re really watching is the quintessence of a certain kind of middle-class American entropy. To be fair, the mild fascination of “A Statement” is that we’re eavesdropping on 1980, seeing what people said and thought about climate change in that very different era. You might expect it all to sound well behind the curve. But the disquieting surprise of “A Statement” is that there’s no “Ah, if only they knew then what we know now!” factor. The movie is based, in part, on “Losing Earth: The Decade We Could Have Stopped Climate Change,” Nathaniel Rich’s 2019 book about the 1980s, and the central thesis of the book is that we knew it all then — or, at least, the most knowledgeable people did. Early on, the Turturro character, Dr. David Rose, uses an overhead projector to present five slides that he’s prepared. They display graphs that chart where the carbon dioxide levels are heading and project what the damage to the environment will be. The facts are all clear (even though there’s some minor quarreling about them): the threats to the ozone layer, the primal danger of fossil fuels, the timetable of where it’s all heading. Most of us didn’t start hearing about global warming until much later in the decade (Bill McKibben’s game-changing New York Review of Books article “Is the World Getting Hotter?” appeared in 1988), and the idea that a disparate collective like this one was fully onto it is news. So what are the people in the room arguing about? I actually wish they argued more . There’s a lot of hair-splitting, and given that the very nature of climate change is that it requires speculation, there’s a fundamental disagreement about how they should conceptualize the threat to the future. Should they say “Here’s what’s going to happen” or “Here’s what could happen”? (That’s a worthy conversation.) There are committee members who are protecting their turf, not wanting to offend the powers that be. (They include Jason Clarke as a colorfully corrupt blowhard.) But part of what we pick up on is that when it comes to the actual ideas, the voices on display aren’t really so far apart. The two most colorful characters are Turturro’s puckish professor and Rafe Pomerance, who’s the president of Friends of the Earth. Pomerance was one of the first environmental activists to speak out on climate change, and Evan Peters, in a beard and longish hair, plays him as a fuming establishment hippie, all hyped up on everything he knows. During the meeting, he bides his time before speaking his mind, but his attitude is that the time for delaying is already gone — that the committee should advise Congress as boldly as possible. It’s clear, at least to most of us, that he’s right: They should be sounding the alarm. Let Congress know how dire the situation is (or will be, if there’s a failure to act). But even if the committee members succeed in doing that (spoiler alert: they don’t), here’s a question: How should they advise Congress to take action? What, eactly, should be done? Early on, there’s a moment that foreshadows what the real debate is (or should be). When Rafe, the token counterculture tree-hugger, is first introduced to the professor and learns that he’s a nuclear scientist, he makes a joke about calling him the “Big Bad Wolf.” The professor laughs it off. This is back in the era when the simple use of the word “nuclear” could make it sound like a dirty word. But, in fact, the professor is the one who truly understands what’s going on. Decades ahead of his time, he makes the point that renewables — at the time, principally solar energy — aren’t going to cut it. There’s no way that they can begin to replace fossil fuels. And guess what? They still can’t. If you want to stand up to the oil industry, only one source of energy that exists today has the potential to get us off fossil fuels, and that’s nuclear energy. And the professor comes right out and says it. (Don’t believe him? Watch the powerful Robert Stone documentary “Pandora’s Promise” or Oliver Stone’s “Nuclear Now.” ) But the professor is dismissed — by Rafe, and also by an officious lawyer (Tatiana Maslany) who’s allergic to the word “nuclear.” I was fascinated to see this subject come up in “A Statement.” Yet it gets dropped as quickly as it’s raised, and this raises a question: What is this movie really about? When you reach the surprise ending, the message seems to be that when it comes to climate change, we’ve become a society that’s a lot like Hamlet — able to talk, unable to act. And that’s a point well worth making. But in a strange way, “A Statement” is an example of that very syndrome. On its modestly budgeted indie level, it’s yet another movie, like “Digger,” that seems to be about nothing so much as members of the Hollywood community signaling their concern. But if they’re really so concerned, why don’t they put aside the familiar tropes about climate change — the hand-wringing and the hectoring — and do something that’s really outside the box? “A Statement” catches a moment in time, and gives you an intriguing window into just how much was known at the time. Yet as a drama, the film is a bit like greenhouse gases. It traps you in a place that’s not bold enough to imagine solutions. ‘A Statement’ Review: Just What We Need Right Now — Another Movie About Climate Change! But Tom McCarthy’s Historically Based Talkfest Reveals How Much We Knew in 1980 Reviewed at New York Film Festival (Spotlight), Oct. 3, 2026. Running time: 111 MIN. Production: A Sony Pictures Classics release of an Anonymous Content, Concordia Studio, Jigsaw Productions, Artists Equity, Slow Pony, Aloe Entertainment, Hammerstone Studios, Galisteo Media, Andrew Lauren Productions production. Producers: Mary Aloe, Jonathan King, David Levine, Tom McCarthy, Jonathan Schwartz, Nick Shumaker, Jim Whitaker. Executive producers: Ben Affleck, Matt Damon, Alex Gibney, Davis Guggenheim, Rae Baron, Thomas Bidegain, Cindy Capobianco, Bard Dorros, Noé Debré, Blye Pagon Faust, Stephanie A. Frederic, Robert Kessel, Andrew Lauren, Alex Lebovici, Kevin G. Lee, Todd Lewis, Mona Mohammadi, Billy James Parrott, Richard Perello, Laurene Powell-Jobs, Melinda Quintin, Nathaniel Rich, Robert Rosenheck, Wendy Schmidt, Jeremy Strong, Zane Underwood, Lennox Yearwood. Crew: Director: Tom McCarthy. Screenplay: Tom McCarthy, Thomas Bidegain, Noé Debré. Camera: Stuart Dryburgh. Editor: Jane Rizzo. Music: Bryce Dessner. With: Paul Rudd, Paul Giamatti, Evan Peters, Tatiana Maslany, John Turturro, Amy Ryan, Dylan Baker, Jason Clarke, Zach Woods, Noah Robbins, Michael Cerveris, Mary Catherine Garrison. Taylor Swift Announces New Single, ‘Patient Zero,’ Coming This Week Madonna Leads VMAs Nominations With 11, Followed by Taylor Swift, Sabrina Carpenter, Ariana Grande Taylor Swift Has Never Won a Grammy for Record or Song of the Year. With Three No. 1 Hits Eligible for 2027, Which Will She Choose for Victory? Harry Styles Pokes Fun at Ex Taylor Swift’s Wedding During Madison Square Garden Show Taylor Swift to Attend CMA Awards for First Time in 10 Years After ‘I Knew It, I Knew You’ Nomination, Further Cementing Her Country Comeback Tom Cruise Says Taylor Swift Was ‘Schooling Me on Football’ at Chiefs Game, Calls Her a ‘Brilliant Musician and Director’ Loading comments...",0,2026-10-04 14:43:50
29,https://www.hollywoodreporter.com/movies/movie-reviews/a-statement-review-paul-rudd-amy-ryan-john-turturro-1236721637/,"‘A Statement’ Review: A Top Ensemble Including Paul Rudd, Amy Ryan and John Turturro Breathes Surprising Vitality Into Dry Docu-Drama",Hollywood Reporter,2026-10-04T00:15:00,9424,"Skip to main content By David Rooney Plus Icon David Rooney Chief Film Critic DavidCRooney1 Follow Sign Up View All October 3, 2026 5:15pm From left: Dylan Baker, Paul Giamatti and Zach Woods in 'A Statement.' Courtesy of NYFF To borrow the title of a vintage Supertramp album that predates the events of this movie by five years: “Crisis? What crisis?” In truth, that’s the attitude of a tiny minority gathered in a Florida hotel conference room for 36 hours in 1980 in Tom McCarthy ’s engrossing verbatim drama, A Statement . But it reflects the frustrating stalemate at which the group of 20 scientists, environmental activists, bureaucrats, academics and policymakers arrive after a marathon session of back-and-forth on climate change. And it typifies where we still are today as global CO2 emissions continue to hit record highs despite growing clean energy adoption. Related Stories Movies 'Behemoth!' Review: Pedro Pascal Hints at Soulful Depths, but the Drama Keeps Stalling in Tony Gilroy's Wan Character Study of a Virtuoso Cellist Movies 'Cameron Winter at Carnegie Hall' Review: Paul Thomas Anderson's Effectively Austere Concert Doc Puts You Right in the Room Echoing the methodical approach he applied to investigative journalism in Spotlight , writer-director McCarthy brings exacting attention to long stretches of wonkish process and debate, somehow making the talkathon dramatically and visually dynamic. But the film’s biggest asset is its excellent and uncommonly egalitarian ensemble cast, each of them given moments to shine in sharp characterizations. A Statement The Bottom Line Talky but stimulating and incisively acted. Venue : New York Film Festival (Spotlight) Release date : Friday, Dec. 4 Cast : Paul Rudd, Evan Peters, Amy Ryan, Paul Giamatti, John Turturro, Tatiana Maslany, Nina Arianda, Jason Clarke, Noah Robbins, Zach Woods, Mary Catherine Garrison, Michael Chernus, Dylan Baker Director : Tom McCarthy Screenwriters : Noé Debré, Thomas Bidegain, Tom McCarthy, adapted from Nathaniel Rich’s book Losing Earth: A Recent History 1 hour 51 minutes No one is going to call A Statement an exciting movie; it doesn’t have the stirring emotional pull of another film set in a Florida hotel, Regina King’s One Night in Miami , which imagined a 1964 conversation about the Black struggle between Malcolm X, Sam Cooke, Jim Brown and Cassius Clay, as the boxer was still known at that time. Unlike King’s film, which was adapted from a largely fictionalized play, McCarthy and his French co-writers Noé Debré and Thomas Bidegain took a brief chapter from Nathaniel Rich’s 2019 climate science book Losing Earth: A Recent History as their source, folding in word-for-word transcripts for sections set in the conference room of the Don CeSar Hotel, an imposing pink palace that sits on the beach in St. Petersburg. But A Statement might just as easily have been a stage play; the mere fact of having the entire principal cast in one room for much of the time contributes to the theatrical feel. McCarthy moves through the set-up with admirable economy, conveying in onscreen text that Congress, in response to reports about the effect on the climate of burning fossil fuels, assembled the group of experts with a mandate to write a statement on how best to address the problem. Or whether even to call it a problem. That turned out to be an insurmountable challenge, even if those present, after a day-and-a-half of discussion, debate and compromise, are closer to being on the same page — or at least willing to acknowledge the cause for concern. Early on, one of the participants tells a joke about how many scentists it takes to change a lightbulb: “We don’t know for sure. We need to put more money into research.” That kind of hurdle applies equally to government, chiefly represented by David Slade ( Paul Giamatti ), the cynical director of the Energy Department’s Office of Carbon Dioxide Effects. Slade is by no means alone in questioning the urgency to take action, given the uncertainties of the research; he hammers the view that America’s carbon emissions are small compared to those of other continents. But he indirectly points up the major difference that climate change was a nonpartisan issue 46 years ago, on the eve of Ronald Reagan being elected to his first term, when he observes, “Well, presidents come and go, but if there’s one thing we will always agree on, it’s science.” The presence of a rep from Exxon (Eli Bildner) anticipates the outsize influence the oil and gas industry would have on climate control. While the cast is uniformly strong and clearly bouncing off one another like theater pros, inevitably there are standouts. In addition to Giamatti, they include Paul Rudd as conference moderator Tom Jorling, struggling to keep the conversation productive, to ensure that everyone is heard, and to steer the room toward a consensus statement. Evan Peters is punchy as Rafe Pomerance, a director of Friends of the Earth, simmering with anger that so few people share his alarm. John Turturro injects sly humor into MIT nuclear engineer Dr. David Rose, a superbrain who invokes the Egyptians as a civilization that failed to heed warning signs. And Jason Clarke is amusingly flippant as John Perry, a meteorologist turned government science authority. Despite intimate knowledge of the projected patterns for global warming, Perry maintains that humanity will have roughly a century to adapt once definitive findings are released, blithely suggesting that the American population can be relocated to landlocked states. Theories like that prompt legal scholar Edith Brown Weiss ( Tatiana Maslany ) to comment during a break, “Why is there no agenda? It feels like the blind leading the annoying.” The writing in the non-transcript scenes outside the conference room is expertly chiseled, far more so than in McCarthy’s collaboration with Debré and Bidegain on 2021’s swiftly forgotten cross-cultural drama Stillwater . The women in the room are very much a minority and both Edith and public health official Annemarie Crocetti ( Amy Ryan ) at various points are made to feel out of their depth. But both speak up forcefully as the discussion wears on. Ryan is electrifying when Annemarie cuts in just as time is running out on day two, urging everyone to consider the issue a human problem. The other woman on hand is stenographer Bernadette (Nina Arianda), who becomes cozy during breaks with Robert Cunningham, a young atmospheric sciences expert played with nervy energy by a terrific Noah Robbins. When he asks Bernadette how she manages to remain detached while matters of such gravity are being discussed, the DC veteran calls it a professional necessity. But as she sits off to the side, catching every exchanged glance or nervous silence in the room, the arguments start to inch under her skin. This happens after a wonderful interlude during which Dr. Rose, Bernadette and Robert all crash a wedding downstairs in the hotel ballroom and she takes the perspectives of both men on board. As is to be expected of a meeting that took place relatively early in the climate-science trajectory, discussions of renewables are inconclusive. Dr. Rose grows frustrated when the proposed wording focuses on solar and wind energy but excludes nuclear, with someone inevitably bringing up the Three Mile Island power plant accident the previous year. He seems as surprised as Edith when she speaks up in support of his pushback against the exclusion of nuclear energy. Some will likely question the point of A Statement given that the movie ends in collective failure, with the group unable to formulate a statement. But as a microcosm for the ongoing conversation about global warming, it’s effectively sobering, enhanced immeasurably by Stuart Dryburgh’s nimble cinematography and Bryce Dessner’s appropriately pensive score. At any rate, as a reflection on the climate crisis, it has much more to say than Digger . Full credits Venue: New York Film Festival (Spotlight) Release date: Friday, Dec. 4 Production companies: Anonymous Content, Concordia Studio, Slow Pony, Aloe Entertainment, in association with Andrew Lauren Productions, Artists Equity, Astria Studios, Galisteo Media Arts, Hammerstone Studios, Jigsaw Productions Distribution: Sony Pictures Classics Cast: Paul Rudd, Evan Peters, Amy Ryan, Paul Giamatti, John Turturro, Tatiana Maslany, Nina Arianda, Jason Clarke, Noah Robbins, Zach Woods, Mary Catherine Garrison, Michael Chernus, Dylan Baker, Michael Cerveris, Alan Aisenberg, Eli Bildner, Jim Klock, Bryan Batt, Christopher Denham, Zak Orth, Billy Slaughter, Joey Slotnick, Aaron Jay Rome Director: Tom McCarthy Screenwriters: Noé Debré, Thomas Bidegain, Tom McCarthy, adapted from Nathaniel Rich’s book Losing Earth: A Recent History Producers: Jonathan King, David Levine, Jim Whitaker, Rae Baron, Tom McCarthy, Jonathan Schwartz, Nick Shumaker, Bard Dorros, Mary Aloe Executive producers: Alex Gibney, Wendy Schmidt, Richard Perello, Robert Kessel, Matt Damon, Ben Affleck, Alex Lebovici, Thomas Bidegain, Noé Debré, Nathaniel Rich, Billy James Parrott, Laurene Powell Jobs, Davis Guggenheim, Andrew Lauren, Blye Faust, Rob Rosenheck, Jeremy Strong Director of photography: Stuart Dryburgh Production designer: John P. Goldsmith Costume designer: Melissa Toth Music: Bryce Dessner Editor: Jane Rizzo Casting: Allison Estrin 1 hour 51 minutes THR",0,2026-10-04 14:44:02
4,https://deadline.com/2026/10/a-statement-review-paul-rudd-paul-giamatti-tom-mccarthy-nyff-1237145997/,"‘A Statement’ Review: Paul Rudd, Paul Giamatti And Superb Ensemble In Tom McCarthy’s Splendid Humanist Look At Climate Change – New York Film Festival",Deadline,2026-10-04T00:15:00,9795,"Skip to main content By Pete Hammond Pete Hammond Awards Columnist/Chief Film Critic @DeadlinePete More Stories By Pete ‘Behemoth!’ Review: Pedro Pascal Hits All The Right Notes In Tony Gilroy’s Lyrical Love Letter To The Music Of The Movies – New York Film Festival Kevin Feige Accepts Will Rogers Foundation Pioneer Of The Year, Promises Many More Movies To Come ‘Verity’ Review: Dakota Johnson And Anne Hathaway Play Authors In Psychological Thriller, But Are They Really Alter Egos For Colleen Hoover? View All October 3, 2026 5:15pm Add us as a Google Preferred Source L-R: Dylan Baker, Paul Giamatti and Zach Woods in 'A Statement' Sony Pictures Classics / Everett Collection On paper, director Tom McCarthy ‘s latest film, A Statement might appear to be a dense polemic, hardly the stuff of exciting moviemaking. It centers on a 1980 Florida conference dealing with the effects of Carbon Dioxide emissions on the environment, gathering politicians, academics, scientists and environmentalists from around the U.S. to talk about the subject for four sessions over two days, and tasked with coming up with an agreed-upon statement on how to deal with the problem. The screenplay is largely taken from actual transcripts of the meeting, and is an adaptation by McCarthy and his co-writers Thomas Bidegan and Noé Debré of the Nathaniel Rich book, “Losing Earth: A Recent History”. Ready to line up for this one, folks? Even though the density of the subject matter made my eyelids droop Trump-style a bit in the beginning, I have to say just trust in McCarthy whose very urgent Spotlight won the 2015 Best Picture Oscar and whose filmography includes such rich character studies as Win Win, The Station Agent, and The Visitor. His movies are all about people, and so, not surprisingly, is this one. Although this is all largely set around a large table in the St. Pete Beach Ce Sar Hotel conference room, and deals with a lot of dialogue around various conceits that might sail over your head, thanks to a smart approach to the basic material and the outstanding cast of wonderful actors hired to bring it to life, this becomes anything but a polemic. It is an entertaining, sly, humorous, enlightening, and even moving story of an effort by a group of mere human beings trying to come together for the good of the planet and deliver a simple statement on how to save us from ourselves. It is a quirky and unexpected period piece about a time when we weren’t so divided that it could be possible to have a civil discourse, even on a hot button topic. Ah, the good old days. Watch on Deadline Related Stories Reviews ‘Behemoth!’ Review: Pedro Pascal Hits All The Right Notes In Tony Gilroy’s Lyrical Love Letter To The Music Of The Movies – New York Film Festival News Pedro Pascal Was Surprised Tony Gilroy Made ‘Behemoth!’ “So Intimate And Healing”: “I Thought You Were Gonna Be Mean” Taking place in late October of 1980, just days before Ronald Reagan would defeat Jimmy Carter to become President, the timing of this conference in retrospect was crucial. The dawning impact of climate change was just coming into view (a global climate conference preceded this one a year earlier), but it was a time well before it would become such a polarizing political issue pitting us against each other on an issue about which there should be no argument. Seeing it play out now 46 years later, it is a bit mind boggling to see how far we haven’t come under a President and current administration that twice has canceled us out of the Paris Climate Agreement and enthusiastically welcomed the return of fossil fuels, coal, no regulations, and free reign for corporate America. Viewed now this film’s simple truths and debate over these inconvenient truths take on an importance and realization that not only have we not made much progress after four and a half decades, but we are sailing backwards to oblivion. If that sounds depressing, think again. A Statement , with its modest ambitions, comes just at the right time to remind us that no matter how divided we can be, we do share a common humanity – or once did – that hopefully can make a difference. The actual end result of this conference may not have been encouraging at the time, but by focusing on the people and disparate personalities who at least tried to come together in a room with potato salad and cold coffee we get the feeling all is not lost – even now when it all seems so dire. Guess I am an eternal optimist. I have to be. This is actually, oddly, a feel good movie in its own peculiar way. Beware: A Statement does not follow a familiar usual three act structure for a movie. It all takes place at this hotel, where there is also a wedding going on that will figure delightfully as the weekend progresses, but basically the participants enter the room, introduce themselves, and start talking serious issues, no back stories on any of them. The Master Of Ceremonies here is ever confident Tom Jorling ( Paul Rudd ), assisted by atmospheric science expert Robert Cunningham (Noah Robbins) in keeping it all on track and power- pointing all the ideas that come up. Among the most prominently focused on here are an engaged activist with Friends Of The Earth, Rafe Pomerance ( Evan Peters ); Department Of Energy Carbon expert Dr. David Slade ( Paul Giamatti ) who may be out of a job after the election; a didactic M.I.T. Nuclear Engineer Dr. David Rose ( John Turturro ) with a lot of definite opinions; Public Health scholar Anne Marie Crocetti ( Amy Ryan ) who doesn’t say much until she does; legal scholar from Commission on Air Quality Edith Brown Weiss (Tatiana Maslany) who may not be board; and personable but skeptical staff member John Perry (Jason Clarke), all among many others we meet and hear from. Somehow, with major help from ace cinematographer Stuart Dryburgh, McCarthy keeps this all on track as a movie, a story of us , a group of unique personalities, strangers who come together with one purpose but also, in the end, show us we are, first and foremost more alike than not. A Statement is truly cinematic, even if the bones of it looks like it could have been a play. Reminiscent in some ways of Sidney Lumet’s landmark first feature, 12 Angry Men, McCarthy finds an exciting way to shoot this tight room without ever being rote. Although using the actual transcript can be challenging the filmmaker has found a clever way in as a human experience, and when you have actors on the level of Rudd, Giamatti, Turturro, Ryan, and on and on delivering the text we are in good hands. McCarthy and his writers also smartly take us out of the conference room at the end of day one and invent interactions between the group into the night that also lets us get to personally know some of these people who likely will not see each other again. A lot of it is quite amusing. Who knew the M.I.T. guy Turturro plays could also be a hell of a wedding party crasher, or that the terrific scene-stealing Robbins’ atmospheric science expert Rob would hook up, so to speak, with the older stenographer Bernadette (played by the magnificent Nina Arianda). Their budding connection is ultimately quite a touching one. Ryan’s character is a largely quiet participant given a come-to-jesus moment toward the end that rivals Atticus Finch. Maslany delivers the tough love from her character with deep conviction that keeps us riveted. The can-do-no-wrong Giamatti scores again here as the Energy Department veteran who has been to 300 of these types of conferences and has another lined up in December, just par for the course for a dedicated public servant hoping to make a difference in his – and our – humdrum life. You get the feeling everyone in this room hopes to make a difference, and what they each have to say should be heard, but it is, in the end, the human comedy McCarthy untangles in bringing all of them together for a single collective goal that makes A Statement such a rewarding and heartfelt experience. I wanted to spend more time with this bunch, i was sorry to see them all go off to their own lives somewhere, maybe with a bit more knowledge that the mission that brought them to this Florida beach hotel conference room is one still worth pursuing. Interestingly on the same weekend Alejandro G. Inarritu’s Digger opens, a divisive satire with a sober message about the devastating costs of ignoring the climate crisis, that film feels, to use earthquake terminology, like an aftershock to a calamity for the human race who stuck their heads in the sand and ignored the warnings. A Statement , very different in tone and attitude, and taking place right at the beginning when something could still be done, is the foreshock. Attention must be paid. A Statement had its World Premiere today at the New York Film Festival and will be released in 2027. It is a gem. Producers are Jonathan King, David Levine, Jim Whitaker, Rae Baron, McCarthy, Jonathan Schwartz, Nick Shumaker, Bard Dorros and Mary Aloe. Title: A Statement Festival: New York Film Festival Distributor: Sony Pictures Classics Director: Tom McCarthy Screenwriters: Thomas Bidegan, Noé Debré and McCarthy Cast: Paul Rudd, Evan Peters, Amy Ryan, Paul Giamatti, John Turturro, Tatiana Maslany, Jason Clarke, Noah Robbins, Zach Woods, Nina Arianda, Mary Catherine Garrison, Michael Chernus, Tom McPherson, Dylan Baker, Michael Cerveris, Alan Eisenberg, Christopher Denham, Adrian Martinez Running time: 1 hr 44 mins Taylor Swift Crashes Dakota Johnson’s Monologue; Cold Open Goes Full MAGA ‘Verity’ Solid $33M+ Start; ‘Digger’ At $8M Lowest Cruise Open In 19 Years Skydance Putting All 3 TV Studios Under George Cheeks: WBTV, CBS Studios, PTVS What’s Next For De Luca, Abdy; Top Film Jobs To Greenstein, Goldberg Read More About: 1 Comments",0,2026-10-04 14:43:33
19,https://variety.com/2026/music/news/lawrence-rothman-here-lies-love-album-producer-americana-1236898339/,"Lawrence Rothman on Their New Album, ‘Here Lives Love/Sawdust to Stardust,’ a Growing Legacy Producing Other Artists, and the Talk with Bowie That Changed Everything",Variety,2026-10-03T23:50:49,24054,"Oct 3, 2026 4:50pm PT Lawrence Rothman on Their New Album, ‘Here Lives Love/Sawdust to Stardust,’ a Growing Legacy Producing Other Artists, and the Talk with Bowie That Changed Everything By Chris Willman Plus Icon Chris Willman Senior Music Writer and Chief Music Critic ChrisWillman Latest Taylor Swift Crashes Dakota Johnson’s ‘SNL’ Monologue as Her Breakup Therapist, Shows Travis Kelce Love with Cleveland Shoutout 11 hours ago Zach Bryan Wears ‘Free Palestine’ Shirt While Headlining Robert Kraft’s Gillette Stadium; Drummer Honors Slain Palestinian Girl 22 hours ago There Is Precedent for Taylor Swift’s ‘Cleveland!’ Making the World Go Crazy: Paul McCartney’s ‘Silly Love Songs’ Era 3 days ago See All Mary Rozzi Lawrence Rothman has a lot of nerve, starting an album with a song called “The Meaning,” and then daring to ask some of the questions inherent in the big picture created by those two words — like, if not what is the meaning of life, then what is the meaning of music? (Of course, for a lot of musicians and music lovers, those two questions might as well be synonymous.) But thoughtfulness and intent are never far away from Rothman’s music, or at least hasn’t been since they made a shift about five years ago toward recording in Nashville and feeling the embrace of the Americana community, as opposed to drifting through a series of rock ‘n’ roll bands and personas in L.A. for a lot of years prior. Related Stories Mark Ruffalo Tells Rob Bonta 'Don't You Dare' Settle the Antitrust Lawsuit Against Paramount: 'Do Not Cave' 'Gremlins 3' Delayed to 2028 by Warner Bros. “The Meaning” kicks off Rothman’s new album, “Here Lives Love/Sawdust to Stardust,” which they consider the completion of a trilogy of Americana-rooted albums that tell the story of the singer’s life and career to date. (Rothman suggests the music being formulated for the next album actually has more of a jazz flavor, though they’re convinced that belongs as much in Americana as the acoustic singer/songwriter material being emphasized at present.) Popular on Variety During the recent AmericanaFest in Nashville, Variety sat down to talk with Rothman not just about wrapping up the fruitful trilogy with “Here Lives Love/Sawdust to Stardust” but about a rich and growing side career producing other artists, including Amanda Shires ‘ 2025 confessional album “Nobody’s Girl” (and “Take It Like a Man” before it), Maggie Rose ‘s vivacious “Half Moon” and Tift Merritt ‘s comeback, “Sugar.” When Rothman begins the new album asking the most core question of them all, “Why am I breathing?,” any of these albums — the ones produced for others, and their own new one — offers a substantial and worthy enough answer. To ask first about your production work: You work with a lot of great singer-songwriters, and there’s a lot of versatility in the types of sounds you get with different people. No one would mistake an Amanda Shires record for the Maggie Rose album you just had come out. I don’t know if it’s the Gemini in me, but I’ve loved so many different types of music. my entire life. So to produce and to be able to add sounds, textures and treatments to things that are in a new style every month — because I produce something once a month — helps keep me alive, really, and eep my inspiration up. Amanda Shires makes poetic songs that are just these heartbreaking stories, done in a way that’s so classy, and like Leonard Cohen. It is such a great thing to immerse myself in, because I love sad music, and she definitely makes some beautifully sad songs. You can do that for a while and you’re in that zone, and then it’s great to be able to pop out and do something like Maggie Rose, where it’s more of a celebratory thing of being a mother and this new stage of her life, where it’s about a weird youthfulness in the energy a family gives back to you. T hat record feels very celebratory, and very different than the Tiff Merritt record I made earlier in the year, which was more of a look at the life of an artist, much like myself — what I’ve gone through and what she went through, in a heavy lyrical mode. I’m a little Method when I produce. I have to feel like I’m in the band. As a sensitive artist yourself, when you’re with all these musicians and you’re getting Method with them, you can lose yourself in it and start to feel a bit like you’re taking on everybody’s trauma. So it’s nice to be able to go amongst these groups of musicians that I work with who telling their truths and spilling their drama and their sadness. They’re all such great people that when you leave those sessions, it’s almost like you’ve been acting in a film, crying and singing and laughing with them, and then at the end of it, you can walk away like yourself again. And I feel like all those artists that I work with, when they’re done, it’s like a clean reset. They got it out of them. I got it out of myself. It’s like a little bit of a demon that you dance with, when you’re producing things. Lawrence Rothman Mary Rozzi How do you make yourself “part of the band”? Is that literally through playing an instrument as part of the sessions? Like I said, I like to be immersive with it, and I don’t want to feel like I’m the producer behind the glass. I stand in the recording room, not the control room, when I’m producing. If a singer’s singing, I’m right next to them. Sometimes I’ll take my shirt off and dance. I’ll do whatever it takes to get it to have an energy. Because there’s something so clinical, almost like a doctor, about being behind a glass, and they’re in the distance — it just feels odd to me. So I’ve never been one to not just immerse myself physically in the room. If I’m not playing something, I’m tapping something or just getting people to get going. You’ve talked with liking having women’s voices on your own albums … I like to frame my voice. My voice is so low that a woman’s texture, or that range, always complements my voice well. So for this record, I have Amanda and Jillian Jacqueline and Katie Pruitt singing on some song, and I got to sing with Sarah Klang (as a duet on “A Fire Test”). The artists we were just talking about you producing recently — Amanda, Maggie, Tift — are all women. Not that that would be solely your focus, but do you find you gravitate toward women artists more than others? Yeah, I don’t look at it like that at all. I have to just love the music. And I’m not doing producing to become a millionaire of any sort. I’m doing it because I want to help this singer express what they’re doing in a way that feels like, are we pushing the envelope in some direction that’s forward? And with Americana music, funny enough, I think it’s the most forward-thinking music of any genre right now — because you can be R&B, you can be rock ‘n’ roll, singer-songwriter, folk, you can even be a little bit jazz, and it’s all accepted in the community of Americana. And I think the term Americana is being reinvented as different than what it started as. and now it’s the place for people who want to take all the styles that have sort of, I guess, begun in America or become more mainstream through American culture, and mashing them up to be something that’s uniquely its own. I think some of the freshest and most exciting music I’ve heard in the last five years has come out of the Americana quote-unquote “scene.” So I find myself working and producing a lot of artists that are under that umbrella. But to me, they’re also all, like, either a rock ‘n’ roll artist or someone like Maggie Rose, who is like soul meets singer-songwriter. So when you’re asking me about, is it women, or… For me, I think right now it’s that it has to resonate in a way that’s pushing genre forward. And if we’re gonna still use use those genre terms like Americana, pop and alt rock, Americana is the place where I feel like you can kind of be anything. I wouldn’t be shocked if somebody put out a space-dance-country-folk record. You can kind of be anything in it and you’re welcomed into the party, as long as the thing that ties it together is the music’s played by real people. There’s great lyrics, whether it’s storytelling or more abstract. And I’m not anti-AI, but I feel like gives the identity to Americana music is that humans created it all. It’s the human touch music. You have come to feel very comfortable in Americana, though it’s not at all where you started. And with your new album being pretty acoustic, you’re pretty in the pocket with that at the moment. Yeah, the last three albums, I’ve pretty much focused on that, and that’s been the community that’s welcomed me, so it’s the one I want to identify myself with and support. But if I want to go make a jazz record for the next one, I’m gonna go make it. If it’s called jazz or Americana, I don’t really care. It’s come up a lot that it’s been hard to label what I do, and that’s fine with me. I love Beck, and Beck’s hard to label as well. David Bowie, I don’t even know what the label of that music would be, you know?. He started as a folk artist, and then was a rocker, and then was a pop star, and then was kind of an abstraction star. Lawrence Rothman Mary Rozzi You met and talked with David Bowie, and he had an impact on your thinking about things,, right? I met David Bowie early on when I was starting my solo career. I’d disbanded my band with my brothers called Living Things that we were doing for 13 years, and I was exhausted. I’d met David Bowie, and I had a song that I had just written called “Montauk Fling,” and I showed it to him. I said, “Hey, I think I’m starting this new chapter of my musical existence, and what do you think of this?” Because it was very different from what I’d done before. And he listened to it, and gave me some great advice. He was just like, “The chorus that you’re singing about there, and the verses, do you mean it?” And I’m like, “Well, yeah!” And he’s like, “But what’s the meaning of it?” So I had to explain it to him. And he’s like, “Well, I don’t think you hit the meaning of it. You need to be more direct.” And so I went back in and rewrote that chorus, and I was very direct. The chorus (ended up being) “Why do you want to fuck like strangers?” I got right to the meaning of what I was trying to say. But that was a really interesting exercise from such an icon, because I had never really looked at David Bowie’s lyrics as I do Leonard Cohen’s per se. At that point he was about to do “Blackstar,” and when you listen to that record, it’s very much him, autobiographical. He’s about to die. And so I guess he was at a point of what is the meaning of all of what we’re doing in art? — and he was examining it in his own self with “Blackstar.” And I wrote that down in my journal at the time: “David Bowie says, ‘What’s the meaning of all of this?'” It led me to start writing this song called “Glory,” which was on my album “Good Morning America.” A lot of people responded well to it, so when I got to this new record, I wanted to keep exploring what Bowie had said with that. I started the record with the song “The Meaning,” because it’s like, what is the meaning of me putting out music, or any of us putting out music? It’s very ego-driven. As a musician, you’re out there playing rock star — or you’re not, and that’s also playing rock star. If it’s all performance, what is the meaning of doing any of it? With him, I felt like I got to a result of, like, the meaning of doing any of it is just to tell some kind of solid story that somebody can understand, that when they’re going through it, they can go, “That’s pulling me through this hard time.” For Bowie with “Blackstar,” obviously that was cathartic to write about death because he was dying. With “The Meaning,” I wrote about, why am I putting this album out right now? Why am I doing this music? I’m doing it because it’s my primal scream. It’s my therapy. You are calling this album, “Here Lies Love/Sawdust to Stardust,” the conclusion to a triology, which began for you with 2021’s “Good Morning, America” and had its middle part with 2024’s “The Plow That Broke the Plains,” which we previously discussed for Variety. Why do you think of them as a trilogy? Henry Miller is one of my favorite writers of all time, and his his trilogy called “Sexus, Plexus and Nexus” was in my psyche my whole life. I thought, “One day I want to make a record that has the feeling of that, as far as telling a story across three pieces of work.” So when I went into the first record, “Good Morning America,” that was the clean slate. I said to myself, “I’m gonna do this trilogy now, starting with the South,” and it brought me to Nashville. I knew that I wanted to get back to letting songs and lyrics be the forefront of what I was doing as an artist; less so, production, because I had been doing records where I felt the production was kind of the centerpiece. I had gotten to a stage in my life where storytelling and the lyrics and presenting things that were the true me. At the beginning of my career, I was nine different people. I used prosthetics and I had nine different names and I performed different concerts as different alters, as I called them. I did that for seven years and it kind of just overtook my whole lifestyle. So at the top of that 2021 record, I wanted to get back to “this is what I’m going through” on the page with some chords behind it. So the start of the trilogy was with that idea, and I connected with Lucinda Williams, who has been a huge influence on my life on every level. On that record, she sang with me on a song called “Decent Man,” and that brought me to Nashville. I’d come here as a kid to record, I fell back in love with the city and the scene, and then that record just sort of dictated where I was gonna go. I started writing more songs from that record that appeared on the last record, “The Plow That Broke the Plains,” and then a few of those songs I wrote during that period have appeared now on this one. I brought back some of the same collaborators throughout the three records. Katie Pruitt is on the first one, and now she’s on the last one with me. Amanda Shires is on all three. And Jason Isbell is on the last one and the new one. We wrote a song called “Nothing Like Shakespeare” together in the same three hours that we wrote a song off my last record called “Poster Child.” Both of those songs, “Nothing Like Shakespeare” and “Poster Child,” sort of tell my origin story. “Poster Child” tells the story of what I went through as an artist at a young age, being signed at eight different major labels and getting dropped and getting signed again, and them sort of using my story as fodder for press and things like that, and how I felt like I got a little bit taken advantage of. “Nothing Like Shakespeare” is how I got to L.A. to get that first record deal. I lived with this girl who was the first love of my life, and we broke up when we got to L.A. In the lyric, I say, “I took the bus, she took the house,” because that’s what literally happened. I got a new record deal with a band with my brothers, and I’ll never forget the bus pulling up at our house, and I came out with everything I had, and it was done. So, that’s the backstory with the trilogy situation. I hope one day people have the attention span to sit with it and listen from song one, which was “Thrash the West” on that first record in 2021, to the final song on this record, which is “Sawdust to Stardust.” Because basically that is the opening and the ending of this sort of filmic record that I’ve made that tells my complete adulthood story of the trials and tribulations I went through and how I got into music. Is it a cathartic story, overall? You know, it’s been a painful experience being in music, I’m not gonna lie. But it’s something that I can’t live without. Every time through the years that I’ve gone “I give up,” the next morning I wake up and I’m at the piano or guitar. My wife laughs at me about it because I give up, like, once a year. But I can’t get away from it. I’ve been on stage playing music since I was 8 years old; got my first record deal at 16. And it has more to do with the act of creation than it has to do with the fame or the fortune. I always say to my wife, “You can’t have a little hallelujah without a little hell.” I’ve been on this journey a long time, and I’ve never gotten famous, and that’s never been my goal. There’s a lot of expectations you get from family members and things like that of like, “Why don’t I see you on late night TV?” Or “Why aren’t you over here on the radio?” That’s part of what I call the stress pool of making art, is the expectations of your audience, of your family, of your friends. For me, art’s always been about the act of creation. I don’t really care about who likes it or who doesn’t. There’s many people who only like my first album that I did, which was very indie pop, and all this newer singer-songwriter stuff, they don’t like. I lost probably thousands and thousands of fans, but I don’t care. It’s not why I’ve gotten into this. … When you’re in the mercy seat as a musician, and there’s all this expectation, regardless if you’re famous or not famous, but you always have a fan base. And I just find I have to stay true to myself, and with that brings a lot of hell, you know? I don’t think I can really write stories about other people. Unless it’s a friend of mine and I’m observing it, it has to be something connected to me. Those types of writers that can just kind of observe from afar and write about it, that to me is more like work, and I can do that for other people, because I write a lot for other people. But for me, when I’m writing my own songs, if there’s not some weight behind it that’s resonant with my real life, I feel like it’s empty words. So it’ll always be autobiographical, I think. But hopefully, next time, I’m thinking it’s gonna be happy. Maybe I’ll have my Bobby McFerrin moment, you know? Going back to the song “The Meaning,” a press release said you were donating proceeds to the Trevor Project. Why that cause? I’m doing a portion of my whole album for it, but for that one song, I’m giving the full. If let’s say it got synced in a movie or something — which is hopefully what will happen; Madi Diaz and I originally wrote it for a movie that got shelved — I’m giving the full fee to the Trevor Project. You know, growing up being torn apart to pieces daily, it’s part of why I moved to L.A., because it was a little bit more acceptable to just be yourself. So I feel like I want to support what they’re doing as much as I possibly can. I’m not a rich person, but, I do put out art, and I can afford to help in the way that I can help, which is through my art, basically. And I’ve had a lot of people reach out to me since (the song went online). It’s ticking the box where somebody will listen to it, they’re having a bad day, and it’s lifting them. So I felt like that’s an appropriate song for that cause, because a lot of those kids are really going through it, and the song mirrors that there’s hope, you know? I went through it, and I’m still here. And I’m glad I did. I found meaning in my existence of why I was a little bit different growing up than everybody else. That created who I am today, which is completely unique. Back in the day, people picking on my physical appearance used to kill me. Now I take all that and I just put it in a song. So that’s the meaning of me being a little bit odder than everybody else. You look like a rock star now, but if that’s how you looked growing up, there are reasons to understand why that might not have been the popular thing. Missouri is not the rock star milieu. It was a lot of shit. You know, my mom was always the type of person where it’s like, “Be you. You’re an individual. Be yourself.” And I could wear a dress; I could wear a cowboy hat and no shirt with cut-off jean shorts if I wanted. She didn’t give a shit. I could put makeup on, do whatever I wanted to do, so I was always super eccentric. Back then, the word everybody would use was “androgynous.” That was how I was defined in the ’90s growing up, is like, “Oh, that’s the androgynous kid.” Growing up in Missouri, and you get a lot of heat for being not an athlete or at least dressing like an athlete. To ask about another song on the new album, “Worn Out Woman” — was that inspired by anyone in particular? I’m glad you brought up that one. Nobody’s asked about that, and that’s one of my favorite ones. It’s about my wife ( Floria Sigismondi , known as the writer-director of “The Runaways” and dozens of music videos going back to the early ’90s). She’s a director and photographer, and she’s been doing it professionally for about 35 years, and is highly successful at it. She actually grew up in a time when there were no women directors, and came to work with people from Bowie to Rihanna. As time went on, I could tell that the weight of misogyny in the business of film was hitting her hard. and one night she was in the process of making her upcoming movie and a lot of stuff was being thrown at her. Her mother was dying. I sat at the piano and started to come up with that, and I kept it in my back pocket. I got together with a great songwriter called Amy Wadge (known as the co-author of Ed Sheeran’s “Thinking Out Loud”), who came over to my house the next week. She was like, “Let me hear it,” and afterward, she was like, “I’m gonna cry. That’s me.” And so I said, “Well, let’s write that. Let’s finish that.” Amy’s got a record coming out, too, and she’s about the same age as my wife. She was telling me the parallel story of how she’s been the head of the family, or the light bearer, and that’s the same with my wife. My wife grew up with her sister and her parents, and she was like the parent. And that, mixed with being a woman director in Hollywood, is intense. She ironically directed three episodes of “The Handmaid’s Tale.” And she did this thing for Sigur Rós where it was like gas masks and art sort of become reality. She was like, “I don’t know about that song. I don’t want that to become my reality, (that) I’m worn out.” I’m like, “No, no! We’re just doing the the primal scream. We’re just screaming out the bad vibes on it and now it’s gone. Now you’re not worn out…” I told her, “I think a lot of other women will feel similar and see themselves in it.” It’s a testimony. About another new song, “A Word’s a Weapon” — was that prompted by contemporary discourse? It’s a saying that I’ve said my whole life, actually. I would just be like, your words are weapons and they go cut through me like a knife. I don’t know why it never dawned on me to write it in a song. But the political state that we’re in right now is so loaded and so huge and so even sometimes even beyond my comprehension. The one thing I know for sure, especially in the United States of America, is that people can hurt each other, like on steroids, 10 times more, by the things that they say than actually pushing them down the stairs. It’s really hard sometimes to wash off what somebody said to you, because it cuts harder than a punch or a fall or even getting stabbed. It’s just something that really psychologically changes you. And the way Americans speak to each other is so rancid and vile. I’n this country, I think everybody just needs to wash their mouths off with soap and pick up some books and just relearn how to talk to one another. Taylor Swift Announces ‘The Life of a Showgirl: The Encore’ Album With Four New Songs Taylor Swift Pays Tribute to Dolly Parton: ‘She Was True Grace and True Grit, All in One Dazzling Person’ How to Stream the 2026 MTV VMAs Live Online Dakota Johnson on Being in Taylor Swift’s ‘Patient Zero’ Music Video: ‘We Respect Each Other’s Creative Minds’ Taylor Swift Crashes Dakota Johnson’s ‘SNL’ Monologue as Her Breakup Therapist, Shows Travis Kelce Love with Cleveland Shoutout Madonna Leads VMAs Nominations With 11, Followed by Taylor Swift, Sabrina Carpenter, Ariana Grande Loading comments...",0,2026-10-04 14:43:51
5,https://deadline.com/2026/10/jeremy-strong-mark-zuckerberg-the-social-reckoning-1237146074/,Jeremy Strong Says He Cares What Mark Zuckerberg Thinks About ‘The Social Reckoning’,Deadline,2026-10-03T23:48:44,3779,"Skip to main content By Lynette Rice Lynette Rice Senior TV Writer @LynetteRice More Stories By Lynette ‘SNL’s Weekend Update Tackles Cornell Controversy & Return Of ‘Glee’ Taylor Swift Joins ‘SNL’ Host Dakota Johnson During Opening Monologue Jeremy Strong Says He Cares What Mark Zuckerberg Thinks About ‘The Social Reckoning’ View All October 3, 2026 4:48pm Add us as a Google Preferred Source Jeremy Strong as Mark Zuckerberg in 'The Social Reckoning' Leah Gallo/Columbia Pictures/Everett Collection There were times Jeremy Strong actually sent emails to Aaron Sorkin as if he were Mark Zuckerberg himself. So when Strong was asked by The New Yorker ‘s David Remnick whether he cares how Zuckerberg will react to The Social Reckoning , Strong said yes; that’s why he reached out to the Facebook founder in the first place. “I was defending him a lot when we were making the film, to my director,” Strong recalled of his interactions with writer/director Sorkin while talking to The New Yorker Radio Hour Oct. 2. “I mean, I think my hope is that the film is a dialectic rather than a polemic, rather than there’s a kind of trend generally of like, it’s all Facebook’s fault, like all of it, everything. When we talk about truth decay and the deterioration of civil discourse, our storytelling plays a really important role in that … That’s why I reached out to Mark, and my feelings as we were doing it, is I was defending him a lot when we were making the film, to my director.” Related Stories News Aaron Sorkin Says ""It Never Occurred To Me"" That Jesse Eisenberg Wouldn't Want To Return For 'The Social Reckoning' News Aaron Sorkin Clarifies He ""Was Never Asked"" To Omit Trump From 'The Social Reckoning' But Film Is ""Not A Red-Blue Thing"" Out Oct. 9, The Social Reckoning dramatizes the 2021 Facebook leak by the whistleblower Frances Haugen and Jeff Horwitz. When he would channel Zuckerberg when reaching out to Sorkin, Strong explained he would take “Jeremy out of this at that point, which I know sounds crazy, but it’s really not. It’s about sort of negative space.” Watch on Deadline Strong also talked about his penchant for intense method acting. Remnick asked him to address the time he wanted Sorkin to spray him with actual tear gas during the making of The Trial of the Chicago 7 . Strong, who played Jerry Rubin in the Netflix film that Sorkin also wrote and helmed, explained that his request wasn’t meant to put anyone in harm’s way. “I want to kind of demythologize that a little bit because, you know, first of all, what you’re alluding to is what happened in Grant Park between the Chicago police and the Yippies and everyone,” Strong told Remnick. “Everyone who was protesting the war in Vietnam and the Democratic Convention. And, you know, if you watch Haskell Wexler’s incredible documentary medium, cool, you’re right in there and you feel this sort of authoritarian police state and the incredible violence that was happening. So, I think what I want to do is capture what was at stake and what was happening and what those people were putting themselves through, what they were putting on the line. Now … I want to be very clear, involved no one else and would have involved no one else. It was, you know, for the purpose of a close up and to have the physiological effects of what that would be.” The Social Reckoning also stars Mikey Madison, Jeremy Allen White, Bill Burr, Wunmi Mosaku, Billy Magnussen and Betty Gilpin. Taylor Swift Crashes Dakota Johnson’s Monologue; Cold Open Goes Full MAGA ‘Verity’ Solid $33M+ Start; ‘Digger’ At $8M Lowest Cruise Open In 19 Years Skydance Putting All 3 TV Studios Under George Cheeks: WBTV, CBS Studios, PTVS What’s Next For De Luca, Abdy; Top Film Jobs To Greenstein, Goldberg Read More About: 4 Comments",0,2026-10-04 14:43:34
20,https://variety.com/2026/film/news/paul-rudd-phone-addiction-a-statement-nyff-1236898348/,Paul Rudd Says He Stopped Bringing His Phone to Film Sets Because He’s ‘Addicted Like Everybody Else’: ‘They’re Facilitating Our Own Destruction’,Variety,2026-10-03T23:43:13,3826,"Oct 3, 2026 4:43pm PT Paul Rudd Says He Stopped Bringing His Phone to Film Sets Because He’s ‘Addicted Like Everybody Else’: ‘They’re Facilitating Our Own Destruction’ By Antonio Ferme Plus Icon Antonio Ferme Latest Paul Rudd Says He Stopped Bringing His Phone to Film Sets Because He’s ‘Addicted Like Everybody Else’: ‘They’re Facilitating Our Own Destruction’ 15 hours ago Tony Gilroy Says Paramount-Warner Bros. Merger Will ‘Destroy’ a ‘Healthy and Beautiful Business’ in ‘The Name of Venture Capital’: ‘It’s Tragic’ 19 hours ago Sylvester Stallone Says Superhero Movie Bodies Aren’t ‘Natural’ and Taking Steroids to Bulk Up Is Like ‘Putting on Part of a Costume’ 5 days ago See All Getty Images Paul Rudd plays the moderator of the first-ever meeting dedicated to solving America’s climate crisis in “ A Statement ,” the latest film from Oscar-winning director Tom McCarthy . Set at a Florida beachside resort in 1980, the film follows 20 experts who spend a weekend in a conference room and — analogous to “12 Angry Men” — hash out their differences over how to draft a statement to Congress about the effects of carbon dioxide emissions on the climate. Related Stories Mark Ruffalo Tells Rob Bonta 'Don't You Dare' Settle the Antitrust Lawsuit Against Paramount: 'Do Not Cave' 'Gremlins 3' Delayed to 2028 by Warner Bros. Rudd found himself more connected to the sprawling ensemble cast, which includes Paul Giamatti, Tatiana Maslany and John Turturro, by leaving his smartphone in his trailer, a practice he claims he’s now followed for some time. “I don’t go to sets with a phone. I haven’t done that for a while now,” he told Variety Saturday evening during the film’s world premiere at the New York Film Festival . “It’s important to put it down. Anytime. They’re horrible things. I’m addicted to it like everybody else. They’re facilitating our own destruction.” Popular on Variety Rudd revealed that McCarthy enforced a “very strict no phones policy” on the set of “A Statement,” which he found brought his castmates closer together and made filming feel more like a play. “The world has changed since cell phones have existed. We don’t look at each other or talk to each other quite the same way,” Rudd said. “Now, [with the phone ban], we were forced to really spend time with each other and talk. Working on a movie set in 1980, we’re dressed in a certain kind of way. It felt like, ‘Oh, yeah. I remember this. This feels like it used to feel when people sat around and spoke to one another.’” Amy Ryan, whose character delivers a sobering wake-up call to the group at the film’s climax, encouraged other filmmakers to follow McCarthy’s lead. The absence of notifications and doomscrolling, she said, “definitely made the work much more rich.” “What happens is there’s a five-minute break and people are connected. ‘Hey, what are you doing? How’s your morning? What do you think of this scene?’” Ryan explained. “I equate it to like when you quit sugar. In three days, it’s out of your system. You don’t miss it! And hopefully, it becomes like a toy you’re gonna get sick of.” Taylor Swift Breaks Two Spotify Records for 2026, Including Most-Streamed Female Artist in a Day ‘Toy Story 5’ Sets Disney+ Streaming Release Date After Making Over $1 Billion at the Box Office Taylor Swift’s ‘Patient Zero’ Music Video, Starring Dakota Johnson and Colin Farrell, to Debut at VMAs Taylor Swift Still Has Unfinished Business With Her Exes — Thank God! — While Also Mooning Over Her Groom in ‘The Life of a Showgirl: The Encore’: New Tracks Review Dakota Johnson on Being in Taylor Swift’s ‘Patient Zero’ Music Video: ‘We Respect Each Other’s Creative Minds’ Taylor Swift to Attend CMA Awards for First Time in 10 Years After ‘I Knew It, I Knew You’ Nomination, Further Cementing Her Country Comeback Loading comments...",0,2026-10-04 14:43:52
21,https://variety.com/2026/film/news/jeremy-strong-defends-method-acting-social-reckoning-1236898328/,"Jeremy Strong Defends Method Acting, Says He Doesn’t Feel the Need to ‘Apologize’ to Co-Stars Who May Think ‘I’m Taking It Too Seriously’",Variety,2026-10-03T23:05:10,4037,"Oct 3, 2026 4:05pm PT Jeremy Strong Defends Method Acting, Says He Doesn’t Feel the Need to ‘Apologize’ to Co-Stars Who May Think ‘I’m Taking It Too Seriously’ By Payton Turkeltaub Plus Icon Payton Turkeltaub Latest Jeremy Strong Defends Method Acting, Says He Doesn’t Feel the Need to ‘Apologize’ to Co-Stars Who May Think ‘I’m Taking It Too Seriously’ 16 hours ago Aaron Sorkin Says It ‘Never Occurred’ to Him That Jesse Eisenberg Wouldn’t Play Mark Zuckerberg in ‘The Social Reckoning,’ Claims the Paycheck Was a ‘Disincentive’ 21 hours ago Box Office: ‘Digger’ Nosediving With $3.4 Million on Opening Day, ‘Verity’ Lands at No. 1 With $15.1 Million on Friday 23 hours ago See All Getty Images Jeremy Strong , now infamous for his dedication to method acting, recently admitted he doesn’t feel the “need to apologize” to those he works with who may feel he is taking the process “too seriously” on a recent episode of The New Yorker Radio Hour podcast . The actor, who stepped into the role of tech billionaire Mark Zuckerberg for Aaron Sorkin’s “The Social Reckoning,” out Oct. 9, was asked by podcast host and New Yorker editor-in-chief David Remnick how much he feels his method approach is helpful to the director and fellow castmates when filming, or, on the opposite end of the spectrum, how much it might throw them off. Related Stories 'Gremlins 3' Delayed to 2028 by Warner Bros. Mark Ruffalo Tells Rob Bonta 'Don't You Dare' Settle the Antitrust Lawsuit Against Paramount: 'Do Not Cave' “I think I can’t really speak to that,” Strong began. “Of course, it is never my intention to interfere with anyone else’s experience or anyone else’s way of working. First, do no harm, right? But commit to fucking what you’re doing, and utterly.” Remnick then interjects to ask whether Strong gets frustrated with others on set who may not be so committed, to which the “Succession” actor responds, “No, just meaning that I’m just there to commit utterly to serving the material.” Popular on Variety He continued: “So, if some people feel that I’m taking it too seriously, or it changes the molecules in the room in a way that makes something uncomfortable, I guess that’s something that I don’t feel that I need to apologize for, because I believe, and I think the directors that I work with all believe, that it’s in service of the material, and I personally think that a lot of the reactions to it are of a personal nature.” Strong’s method acting antics have long made headlines. In Sept., Sorkin told The New York Times that Strong was treating his co-stars “the way he imagines” Zuckerberg would treat them during filming. Strong’s “Succession” co-star Brian Cox has repeatedly criticized the actor’s method acting, calling it “ fucking annoying ,” though he also noted in a later interview that Strong “was wonderful to act with.” “I had no argument with Jeremy’s acting,” Cox said. “He would be an even better actor if he just got rid of that so there would be much more inclusiveness in what he did.” Strong, Jeremy Allen White, Mikey Madison, Bill Burr, Betty Gilpin and Billy Magnussen star in “ The Social Reckoning ,” which follows whistleblower Frances Haugen, who teams up with Wall Street Journal reporter Jeff Horwitz to expose the inner workings of Zuckerberg’s Facebook. Taylor Swift’s ‘Patient Zero’ Music Video, Starring Dakota Johnson and Colin Farrell, to Debut at VMAs There Is Precedent for Taylor Swift’s ‘Cleveland!’ Making the World Go Crazy: Paul McCartney’s ‘Silly Love Songs’ Era Taylor Swift to Be Honored at 2026 MTV VMAs With Inaugural Artist-Director Award Taylor Swift Praises Phoebe Bridgers’ New Album ‘Lost Weekend,’ Calls It an ‘Absolute Triumph in Every Way’ Travis Kelce Breaks Down Wedding to Taylor Swift and Says Adam Sandler Officiating Was ‘Absolutely Insane’: ‘He’s the F—ing Best Person on This Planet’ Taylor Swift Still Has Unfinished Business With Her Exes — Thank God! — While Also Mooning Over Her Groom in ‘The Life of a Showgirl: The Encore’: New Tracks Review Loading comments...",0,2026-10-04 14:43:53
30,https://www.hollywoodreporter.com/tv/tv-features/florence-pugh-east-of-eden-zoe-kazan-boosted-confidence-1236721680/,Florence Pugh on How Zoe Kazan ‘East of Eden’ Collaboration Helped Boost Her Confidence,Hollywood Reporter,2026-10-03T22:06:56,4159,"Skip to main content By Hilary Lewis Plus Icon Hilary Lewis Deputy Editor, East Coast hilarylewis Follow Sign Up View All October 3, 2026 3:06pm Florence Pugh with Christopher Abbott in 'East of Eden' on Netflix. Courtesy of Netflix Logo text When Zoe Kazan set out to adapt East of Eden into what would become the seven-episode Netflix limited series, she only had one actress in mind for the central role of Cathy Ames: Florence Pugh . “I didn’t have a backup,” Kazan previously told Netflix . “I didn’t have another person that I thought would be just as good. She is the exact right person to play Cathy.” Elaborating on what it was about Pugh that stood out, Kazan said the actress embodied how John Steinbeck described the character in the novel. Related Stories TV 'A Different World' Earns Fast Season 2 Renewal at Netflix Movies Ben Affleck Explains His Approach to Using AI Ethically on New Movie 'Animals': ""It's Not About Making Fake People or Replacing Anybody, Ever"" “The way that Cathy Ames is described in the book is kind of doll-like but with something icy or steely underneath,” Kazan told The Hollywood Reporter at East of Eden ‘s New York premiere Wednesday night. “And I felt in Florence this mix of a very feminine presentation with, in a Jungian sense not in a gender sense, of masculinity to her soul. That she had a lot of raw emotion and agency and action, which is very Cathy to me.” Kazan was also struck by Pugh’s performance in 2019’s Midsommar . “I feel like that performance announced a generational talent,” she said. “I think she’s a genius. It was very clear to me that, even though that character is very different from Cathy, if she can do that magic trick of a performance, she can do this.” Kazan sought to center Cathy’s perspective and understand more of the motivations behind the complicated antihero. Pugh also serves as an executive producer on East of Eden , taking on a central role in the creation of the series since she was brought on in 2020. Pugh “felt very honored” when Kazan approached her. “I couldn’t believe that she was wanting to cast me,” Pugh told THR on the East of Eden premiere red carpet . Beyond that, though, being able to help shape the adaptation through the executive producer role, Pugh said, helped boost her confidence. “She really wanted me to be a part of the process; she wanted to create it with me. And that was just huge,” Pugh said. “At that time in my career and in my life, I was being given an opportunity that was a massive moment for me to step up and to lead in a different way. Those moments in people’s careers are the beginning of feeling truly confident about yourself. This project has meant a lot to me.” Pugh also wrote about her long journey with East of Eden on Instagram , saying of Kazan, “Zoe Kazan has poured her heart and soul into this project, I wouldn’t have been able to do any of this without her. She was my protector, my work wife, my cheerleader, my confidence. She created something so epic we all wanted to work on it.” In East of Eden ‘s stellar reviews (the limited series boasts an 85 percent freshness rating on Rotten Tomatoes), Pugh in particular is praised for her performance. In his review of East of Eden for THR , chief TV critic Dan Fienberg writes that Pugh, “tears into one of fiction’s great and confounding antagonists, a woman so determined and determinedly wicked that she makes Becky Sharp from Vanity Fair look like a Girl Scout. … Having Pugh playing a character who is, by her very nature, hesitant to reveal her truth is an interesting choice that puts the onus on everybody around her who doesn’t recognize what is so obvious to viewers. Cathy is scary when she lies, but she’s scarier when she tells the truth, with an unobscured honesty that is purely Pugh-ian. She’s so good that even in the second half of the series, when Cathy ages past the point at which Pugh is convincing, it still works.” Esquire calls Pugh’s performance a “career best,” with USA Today saying that she makes the show a “must see.” From left: Zoe Kazan and Florence Pugh at the East of Eden NY premiere on Sept. 30. Arturo Holmes/Getty Images THR",0,2026-10-04 14:44:03
6,https://deadline.com/2026/10/tom-cruise-proud-of-digger-opening-weekend-1237146055/,‘Digger’ Star Tom Cruise Says He’s “So Proud Of What We Created” Despite Poor Open At Theaters,Deadline,2026-10-03T21:54:02,2058,"Skip to main content By Lynette Rice Lynette Rice Senior TV Writer @LynetteRice More Stories By Lynette ‘SNL’s Weekend Update Tackles Cornell Controversy & Return Of ‘Glee’ Taylor Swift Joins ‘SNL’ Host Dakota Johnson During Opening Monologue Jeremy Strong Says He Cares What Mark Zuckerberg Thinks About ‘The Social Reckoning’ View All October 3, 2026 2:54pm Add us as a Google Preferred Source DIGGER, Tom Cruise, 2026. © Warner Bros. / courtesy Everett Collection Digger may be the lowest opening for a Tom Cruise joint since 2007’s Lions for Lambs, but the mega-star has only mad respect for those who joined him on the Alejandro G. Iñárritu-directed film. In an Instagram post, Cruise said that “I am so honored to have had the opportunity to create this film alongside such talented artists. Thank you to the entire cast and crew for your dedication, hard work, and joy. The experience was truly unforgettable and I’m so proud of what we created.” View this post on Instagram Earlier Saturday, Deadline’s Anthony D’Alessandro reported that Cruise’s satirical comedy had an $8 million opening. Iñárritu has said that he made the movie for the Gen Z generation; 60 percent of those who bought were between 18-34. More than 70 percent of the audience has been male. The dark comedy that stars Cruise as wealthy oil tycoon Digger Rockwell earned a C+ from CinemaScore. The movie is playing on the coasts with AMC Lincoln Square counting the best sum for the film. Watch on Deadline In his review, Deadline’s Pete Hammond said Digger “is unlike any film coming from a major Hollywood studio in years” and that Iñárritu “takes things much further and thus could be one of the more divisive movies for the masses in a very long time.: Taylor Swift Crashes Dakota Johnson’s Monologue; Cold Open Goes Full MAGA ‘Verity’ Solid $33M+ Start; ‘Digger’ At $8M Lowest Cruise Open In 19 Years Skydance Putting All 3 TV Studios Under George Cheeks: WBTV, CBS Studios, PTVS What’s Next For De Luca, Abdy; Top Film Jobs To Greenstein, Goldberg Read More About: 3 Comments",0,2026-10-04 14:43:35
31,https://www.hollywoodreporter.com/movies/movie-features/annabelle-wallis-unabomber-netflix-1236720760/,"Annabelle Wallis on the Defining Question of ‘Unabomber,’ a Potential James Wan Reunion and ‘Peaky Blinders’ What-Ifs",Hollywood Reporter,2026-10-03T21:15:42,24158,"× Skip to main content By Brian Davids Plus Icon Brian Davids Writer PickYourBrian Follow Sign Up View All October 3, 2026 2:15pm Annabelle Wallis Shane Anthony Sinclair/Getty Images Logo text Annabelle Wallis has long considered herself an outsider, but she still has a knack for getting inside Hollywood’s most impenetrable personas. She may look like she’s from Southern California and sound quintessentially English, but the Oxford-born actor’s heart and sensibility belong to Portugal, where she spent her formative years before returning to the U.K. at 17 to pursue an acting career. That cultural duality made her early casting endeavors more challenging than anticipated. “I was expected to be a very classical, conventional period drama actress, but I had a very Latin life. So it became very confusing for me to understand why casting directors found it so hard to place me in things,” Wallis tells The Hollywood Reporter in support of Unabomber . Related Stories Next Big Thing Alexander Ludwig Was Frustrated by a Lack of Good Roles. Then Mike White Called Movies 'Unabomber' Review: Jacob Tremblay and Russell Crowe in a Facile Rendering of Ted Kaczynski's College Days The end of 2013 proved to be a game-changer when she debuted as an undercover Irish cop named Grace Burgess opposite Cillian Murphy’s Tommy Shelby in Steven Knight’s BBC series Peaky Blinders . Posing as a barmaid at the Birmingham gangster’s favorite watering hole, she soon found herself caught between her assignment and her growing feelings for Tommy, eventually becoming the love of his life. The first season was critically well received, but it wasn’t a ratings juggernaut (yet). Nonetheless, Wallis’ status as an early fan favorite likely helped land her another major role just a couple of months after Peaky Blinders season one concluded. Producer James Wan and director John R. Leonetti cast her as the lead of Annabelle , the first spinoff in the Conjuring universe, which went on to gross $257 million against a $6.5 million budget. Its runaway success paved the way for seven more films, and pound-for-pound and dollar-for-dollar, the Conjuring series might now be the most successful cinematic universe outside of Marvel. It was through her collaboration with the famously introverted Murphy that Wallis began to develop a reputation for working well with stars who have distinct personas. Murphy may be the anti-movie star compared with the larger-than-life personas of Tom Cruise, Russell Crowe , Jason Statham, Sacha Baron Cohen and Jude Law, but Wallis has shown a natural ability to get past each of their defenses. Wallis credits her “tomboy” childhood in Portugal, as well as growing up in a social household where she, her brother and their friends spent a lot of time together. “People say, ‘Annabelle’s great with these big alpha males.’ I want to connect to who they really are in their essence, and you can’t avoid it with me. There’s no escaping it,” Wallis says. “I will etch away at their being until they give me that kernel of humanity. It’s a je ne sais quoi that I’m very comfortable in, and it’s become a niche.” At the start of Peaky Blinders season three (2016), Wallis’ character, the newly minted Mrs. Tommy Shelby, was murdered in heartbreaking fashion. With Tommy being a tormented World War I veteran turned brilliant criminal, Wallis understood that happiness could only be temporary in his cutthroat world. She had also begun receiving other major studio film offers around the same time, including The Mummy with Cruise, so she was already looking ahead. What nobody could have known was that season three would transform Peaky Blinders into a global cultural phenomenon via Netflix. And in the years that followed, Knight came to understand just how deeply audiences had connected with Grace. Wallis would return as an apparition in season five, but she says Knight still has regrets about the decision to kill her off. “Steve and I remain very close, and he has always said to me, ‘I think I messed up with Grace. If I had known Grace and Tommy would be a dynamic that people longed for all these years later, I would’ve perhaps done something very different,’” Wallis shares. In 2019, Wallis reunited with her other The Mummy co-star Crowe in Showtime’s The Loudest Voice , playing Laurie Luhn, the Fox News booker who accused CEO Roger Ailes (Crowe) of sexual harassment over two decades. Wan was so taken with Wallis’ performance that he rehired her to lead Malignant , his bonkers horror movie that became a cult hit despite being released as part of Warner Bros.’ pandemic-era day-and-date experiment, dubbed Project Popcorn. Wallis now says she and Wan might be reteaming on something else soon. “James actually sent me a message the other day: ‘Annabelle, watch this space. I’m about to tell you something,’” Wallis says. “So, for the fans out there, who knows? He might ask me to trust him again, and I bloody will. I cannot wait to see what James brings to me.” Currently, Wallis can be seen next to Crowe for the third time in Janus Metz Pedersen’s Netflix chart-topper, Unabomber . She portrays Christiana Morgan, the co-creator of the Thematic Apperception Test (TAT), a psychological test that asks people to interpret ambiguous images. Morgan developed the test with her longtime collaborator and romantic partner, Harvard psychology professor Henry Murray (Crowe). In the late 1950s, they oversaw the grueling and highly controversial personality experiment involving a teenage Harvard student named Ted Kaczynski. The 16-year-old was subjected to severe psychological stress over a series of sessions spanning 200 hours, raising the disturbing question of how much influence Morgan and Murray actually had on the young man who would go on to become the infamous Unabomber. The real Kaczynski has referred to the study as the “worst experience of his life,” but he denied the notion that it helped turn him into a domestic terrorist. Wallis, however, believes the study left a lasting psychological imprint, whether he realized it or not. “In my opinion, I do believe that the study had an impact. Adolescence is such a pivotal moment in all our lives. If you were subjected to that kind of pressure at 16, what would become of you?” Wallis asks rhetorically. “So, of course, he would deny its impact. He became so unwell that how would he even know? How would he be able to reflect and recollect?” Below, in a conversation with THR , Wallis also discusses Morgan’s inner life before remembering her late friend and Peaky co-star Sam Neill . *** You and Russell Crowe share the screen for the third time in Unabomber , but it’s your fourth time in the same cast. The first glimpse of you in a studio movie was Ridley Scott’s Body of Lies with Crowe and DiCaprio. Wow, I had totally forgotten about that. Thank you for the reminder. Body of Lies is interesting. I was cast for this whole other segment of the movie, but then, for either budgetary reasons or so many other reasons that I’m not even aware of, they cut that whole section. I was out in Morocco for a long time, just waiting to be used. ( Laughs. ) I remember Mark Strong. I remember Leonardo DiCaprio. I remember being on that big set, but Russell had fallen by the wayside in my mind. God, I’m going to have to tell him about this. Russell Crowe as Henry Murray and Annabelle Wallis as Christiana Morgan in Unabomber . Philippe Bosse/Netflix The main three projects — The Mummy , The Loudest Voice and Unabomber — each involve monsters in various forms. And like The Mummy , Unabomber has the two of you conducting a study of another monster — teenage Ted Kaczynski at Harvard in the late 1950s. So, to start with the defining question of Unabomber , how much influence do you think that study had on the horrors to come? We’re all born with a bedrock of genetic code, epigenetics, that makes us susceptible to high-pressure situations. There are circumstances in life that one can’t control, and he might have had the bedrock that allowed him to be the perfect candidate to then become the Unabomber. Therefore, in my opinion, I do believe that the study had an impact. When you subject someone to a study like this, you have no idea where they come from, what their epigenetic line is and what cellular trauma can be triggered. So there’s no doubt in my mind that it affected him later on in life. The real Kaczynski said that the study had no bearing on him becoming the Unabomber, but we can’t exactly trust his own self-diagnosis. Can you imagine going to Harvard as a 16-year-old boy? He had immigrant parents, and he was the first in his family to go to such a prestigious school. The societal pressures and the weight that he bore must have made him so vulnerable. And whether or not he was conscious of that, clearly he wasn’t if he denies it. Adolescence is such a pivotal moment in all our lives. If you were subjected to that kind of pressure at 16, what would become of you? So, of course, he would deny its impact. He became so unwell that how would he even know? How would he be able to reflect and recollect? Annabelle Wallis as Christiana Morgan and Jacob Tremblay as Ted Kaczynski in Unabomber . Philippe Bosse/Netflix In her private moments, do you imagine your Christiana Morgan felt guilty about how much she and Henry Murray (Crowe) manipulated and misled this 16-year-old boy? I do. It’s the only way I could relate to a woman who was able to subject a young boy to this. It’s the only way I could empathize with her. There’s no doubt that she felt guilt. How could you not? She led a very unconventional life. She had an open marriage with Henry Murray for more than 20 years while being academic colleagues. She also had a son, and she was perhaps not the most loving mother, from what I’ve read in the family accounts that I was able to get. For a woman in that time to even get to her position at Harvard, you’d have to have been so intellectually savvy and so emotionally intelligent to rise through the ranks within that male-dominated environment. The mercurial aspect of the ego wants so much to be validated, respected and understood for a pursuit. And she might’ve felt like this was her chance to stand amongst the greats. So I have no doubt that in her private moments she wondered about the decisions she made through her academic ego. You are often paired with leading men like Russell who have reputations that precede them: Jason Statham, Jude Law, Sacha Baron Cohen and Tom Cruise. I would also add Cillian Murphy to the list just because his introverted self is the stuff of legend on the internet. ( Laughs. ) Yes. Have you noticed this pattern by now? It’s interesting, because when you bring it up, it makes me reflect on how unconscious it was. I didn’t really think about it much at the time, but I have heard people lead with that line. They’ll say, “Annabelle’s great with these big alpha males.” I think I’m a strong woman, and I always try to be equal to those I work with. And I wonder if it’s the fact that there’s a level ground when you are not overwhelmed by the stature of the person in front of you. When you play the truth so wholly, it allows them to play the truth, and you can both separate the persona that they walk into the room with. I’m always so curious about humanity. I want to connect with the human being in front of me so much that I can’t fake anything. When I meet someone or work with someone, I really want to connect to who they really are in their essence, and you can’t avoid it with me. There’s no escaping it. I will etch away at their being until they give me that kernel of humanity that I’m looking to connect with in the scene. So I treat them nicely, and they feel safe enough to expose something that works on screen. Therefore I get cast onward. It’s a je ne sais quoi that I’m very comfortable in, and it’s become a niche, I suppose. You were able to crack Cruise’s shell in a way that few have. For example, you got him laughing about stories he wouldn’t normally volunteer. Whenever we’d go on a chat show, he’d say, “If you dare say that we did this on set …” And I’d say, “Well, well, Tom, now I’m going to say it.” ( Laughs. ) I’m a contrarian by nature. I’m very mischievous, and so are all these men. I grew up in Portugal, I did motocross. I rode horses. I was a real tomboy, even though my aesthetic is very feminine. I grew up in a house where a lot of kids came over because they perhaps didn’t have as nurturing a dynamic in their home. So we had a lot of other kids around, and it became a lot of boys because I have a brother. But I didn’t realize then what an asset it would be to be able to rough and tumble in this vehicle of femininity. With these big personas, everyone has all these ideas about them, but I’m not interested in the ideas. I’m interested in how they treat me and how they are in the scene with me and how close we can get to the humanity of it. So I’ve been fortunate that the people I’ve worked with have responded, and I’m proud of all the work that we’ve done together. Annabelle Wallis and Tom Cruise in The Mummy Courtesy of Universal Pictures You touched on it already with Christiana Morgan, but you’re often asked to play women in male-dominated arenas. Besides Morgan, Angie Ellis from Mutiny fits that description, as does Grace from Peaky Blinders and Alice from The Silencing . So I wonder if your upbringing is helping influence that in some intangible way. I do think my upbringing informs the work now. Starting out in the U.K., I remember feeling very much like an outsider compared to the classical actresses I was up against because I’d grown up in a Latin country. I was expected to be a very classical, conventional period drama actress, but I had a very Latin movement and passion and life. So it became very confusing for me to understand why casting directors found it so hard to place me in things. That’s still true to this day. And when you look a certain way, they want to cast you in a certain role or certain stereotype, but then you don’t quite fit because of the way you speak or your intellect or the way you see the world. So it’s been a very interesting journey just to observe how people view you in ways you don’t expect. In my mind, I’m a character actor who is longing to be seen as a character actor, but the vehicle that I’m in confuses people. So there’s a pigeonholing that’s forced upon you that you’re constantly up against. But through the vehicle of these men you named, I get to show a different side, a strength, that is innately honest. So I’ve really had to find a little niche for myself. A few years ago, your Mutiny director Jean-François Richet made a film called Plane with Gerard Butler, and he was going to executive produce a sequel called Ship until Butler reportedly dropped out a couple weeks before cameras rolled. Do you know if Richet repurposed that script into Mutiny ? Firstly, I had no idea about that bit of information. It’s been known to happen, especially with Statham. He’s made a couple other movies that were originally designed for Sylvester Stallone. That’s very interesting. Maybe it was fate. But I don’t think so. I think the powers that be at Lionsgate had something cooking themselves, but that would’ve been a good story. We’ve reached the Peaky Blinders portion of the interview. Can I first get your take on The Immortal Man ? ( Wallis breaks the news gently .) I didn’t watch it. What!? You’re Grace Shelby. You can’t say that. ( Laughs .) There were conversations about different versions, and so I know about those films. Obviously, none of them transpired. They weren’t the right directions to take. I’m still friends with everyone from the core season one and two group, and we all have the best memories. But from what I’ve heard and what I’ve sensed from people who’ve watched it is that perhaps they were longing for a throwback to the earlier characters or things like that. Look, Peaky Blinders stands alone. The brand, the IP, can go anywhere. And with Steve Knight at the helm, he’s unstoppable. He’s such a talent. But I did get the sense that people had waited all these years for some answers and perhaps they didn’t get them. So who knows? You never know what Steve is up to. He might feed them to fans later in some other way. Annabelle Wallis and Cillian Murphy’s Grace and Tommy Shelby in Peaky Blinders . Robert Viglasky/Netflix My one hang-up with the movie is that several people, including Ghost Grace, were absent from a particular moment in which they really should have been present. Thank you. It’s amazing when people resonate with a piece of work. I remember being like, Oh, I’ve done this great piece that I love. There’ll be so much more of this caliber. And I’ve had to reconcile with the fact that it’s very rare for things to come together like that. It’s rare that you get actors who are involved in things for the right reasons and with that kind of passion behind it. It was very special for all of us. Cillian calls it the gift that keeps on giving. The seismic loss of Helen McCrory led to the final season being rewritten. Were you slated to come back for that original iteration? Steve and I remain very close, and he has always said to me, “I think I messed up with Grace.” You have to remember, nobody watched Peaky Blinders when it came out on BBC. It wasn’t a popular show, so decisions were made without an understanding of the audience at the time. It took a few seasons to really gain momentum. Once it got bought by Netflix before season two, it was off and running by season three. Steve sent me this video where the public got to vote on their favorite scene of all time, and the “already broken” moment was number one. Tommy and Grace are in the pub, and she stands to sing to him. None of us could have imagined the chemistry and the ease between Cillian and me, considering it was a storyline that was written in the moment. They had no idea what they were going to do with Grace at first, but they responded to the rushes [dailies] so much that they used Grace to propel Tommy’s story. So Steve is often like, “If I had known Grace and Tommy would be a dynamic that people longed for all these years later, I would’ve perhaps done something very different.” But because he did [kill her off at the start of season three], it created a deep longing and a deep wound for the audience and their leading man’s journey. So Grace’s death was a very useful tool for the show. The Peaky family endured another huge loss recently in Sam Neill. You worked together quite a bit in the first two seasons. Do you have a memory that you keep coming back to in recent months? What a life he lived. He was such a lovely man. He nurtured young talent, and he was so generous and so kind. He’d be like, “Annabelle, we’re in Liverpool. Let’s go to a cathedral.” He had an obsession with cathedrals. Then he’d take me to all the wine shops that sold his wine, Two Paddocks, and we’d go in to do our sell-the-wine schtick. He always checked in, and he always stayed connected. It was just a great, great loss for so many people. Every actor that I’ve worked with either has a story about Sam Neill, or they loved him as much as I did. He was a great friend, and he’ll be very much missed. I interviewed him in the summer of 2022, and he was an absolute delight. He cracked himself up numerous times, and he seemed without a care in the world. It wasn’t until months later that we all learned he’d been going through cancer treatment during that exact time period. He didn’t tell any of us — and same with Helen McCrory. She didn’t say a word. God bless both of them. Annabelle Wallis’ Mia in Annabelle Warner Bros./Photofest In 2020, there was a viral news story about the Annabelle doll escaping from the Warren Museum in Connecticut. Many fact-checking websites then sprang into action and traced the root of this obviously bogus story to an interview being mistranslated overseas. There seems to be a lot of that lately. ( Laughs. ) Well, the root cause of that particular Annabelle story was my last interview with you. Stop it! We talked about the Annabelle doll because you starred in the first Annabelle , and then we talked about how Annabelle the actor pulled off the rare feat of running side by side with Tom Cruise. Somehow, those ingredients were garbled up, leading to headlines about Annabelle the doll escaping her museum. So that viral story was partially our fault. We went viral — and I didn’t even know it! Oh my God, that’s wild. That shows you the madness of the time that we’re in. Maybe we’ll start something in another part of the world with this interview. What might the miscommunication be now? Let’s wait and see what France has in store for us. ( Laughs .) Exactly. I’m surprised it hasn’t happened more given the name overlap. There was such a bizarre synergy between that film and being the same namesake as this doll. I’m very spiritual. I like to think there’s a message out there for you in that way. And while I don’t believe in ghosts or negative spirits, bizarre things definitely happened on that film. [ Writer’s Note: Priests started blessing all the future Conjuring universe sets .] We shot in some of Koreatown’s old Art Deco buildings, and someone would say, “Oh, someone was murdered here.” And when we would go over time, these lights would flicker, amongst other things . It’s a testament to James Wan, [director] John Leonetti and the world they created really creeping into your being to where it’s never forgotten. I still hear from people about Annabelle . Around Halloween, around right now, I see the residuals and the appetite for those films. ( Laughs. ) So I like to think I’ve transmuted something terrifying into a blessing. I have to pay my belated respects to your work in Malignant . The pandemic robbed us of many riches, and while I’ll always wish I could have experienced it in a packed house, it was nevertheless one of the few silver linings of that time. That’s really kind of you to say. I remember sitting down with James Wan, and he was like, “Annabelle, do you trust me?” And I was like, “Yeah.” And he was like, “Are we going to go for this?” And I was like, “ Yeah .” And we went wild . There were options for certain moments, and it was always like, “Let’s go for the strongest, most giallo-inspired, most outrageous thing that we can do.” I feel really proud of that fearless expression. It’s so rare, especially now, in the fear culture of Hollywood and the consolidation that’s happening. It’s so rare to ever be in the presence of someone who has the freedom to go wild, and I love that. And for women, we don’t often get the opportunity to play rage and darkness in that way where you’re physically embodying it. It was such a fun riot. James actually sent me a message the other day. He was like, “Annabelle, watch this space. I’m about to tell you something.” So, for the fans out there, who knows? He might ask me to trust him again, and I bloody will. Yeah, we were robbed of an opportunity [for a proper Malignant release], but regardless, I cherish the closeness I have with him, his wife, Ingrid [Bisu], and the whole Atomic Monster team. I love to see them thrive, and I cannot wait to see what James brings to me. Annabelle Wallis in James Wan’s Malignant . Courtesy Warner Bros. Pictures He just regained creative control of the Saw franchise he created, and even though he’s not directing the next one, I wonder if that’s what he’s thinking. I would love to try a bit of everything. It’s important to embrace all the genres. I don’t have that tactic like some other actors who are so clear about the one direction they want to go. I would like to try all of it and then see what lands. If something does, it does. But at least there’s movement, expression and a deep dive into the psyche of all things. I’m not a linear person, so a movie like that really represents the left turn that I can make in a moment. Some people are fearful of that, but I’m not. Not at all. *** Unabomber is now streaming on Netflix . THR",0,2026-10-04 14:44:04
22,https://variety.com/2026/gaming/news/runescape-animation-series-lyrical-animation-jagex-1236898308/,‘RuneScape’-Inspired Animation Series in the Works From Lyrical Animation and Jagex,Variety,2026-10-03T21:00:00,3577,"Oct 3, 2026 2:00pm PT ‘RuneScape’-Inspired Animation Series in the Works From Lyrical Animation and Jagex By Payton Turkeltaub Plus Icon Payton Turkeltaub Latest Jeremy Strong Defends Method Acting, Says He Doesn’t Feel the Need to ‘Apologize’ to Co-Stars Who May Think ‘I’m Taking It Too Seriously’ 15 hours ago ‘RuneScape’-Inspired Animation Series in the Works From Lyrical Animation and Jagex 17 hours ago Box Office: ‘Digger’ Nosediving With $3.4 Million on Opening Day, ‘Verity’ Lands at No. 1 With $15.1 Million on Friday 23 hours ago See All Jagex Lyrical Animation is developing a new animation series based on “ RuneScape ” in partnership with creator Charlie “MoistCr1TiKaL” White and game developer Jagex, the company’s CEO Jon Bellamy announced on stage at RuneFest in Birmingham, UK, on Saturday. The project will bring the world of Gielinor to the screen, and marks a new step in Jagex’s ambition to expand the “RuneScape” world beyond the gaming ecosystem. Related Stories 'Gremlins 3' Delayed to 2028 by Warner Bros. Mark Ruffalo Tells Rob Bonta 'Don't You Dare' Settle the Antitrust Lawsuit Against Paramount: 'Do Not Cave' “For 25 years, our players have helped shape ‘RuneScape’s’ extraordinary world, its characters and its stories,” said Bellamy. “When we talk about the future of ‘RuneScape,’ we don’t just mean games. We see huge potential to bring Gielinor to life in new ways, both for the millions who already know and love it and for a whole new audience. It’s early days, but we’re excited to explore that potential with Charlie and the team at Lyrical Animation, and we wanted our players to be the first to know.” Popular on Variety Jagex first released “RuneScape” in 2001, and it has grown into a massively popular fantasy multiplayer online role-playing game. Through quests, combat, exploration and cooperative adventures, players can forge their own paths through the medieval fantasy world of Gielinor. The franchise now includes “RuneScape,” “Old School RuneScape” and “ RuneScape Dragonwilds .” White is a longtime member of the “RuneScape” community and has amassed more than 25 million followers across his channels and platforms. “I’ve been playing RuneScape for 22 years, and it’s one of my favorite IPs ever,” said White. “I’m so excited to be working with the team on this project.” “RuneScape has such a unique storytelling voice, at once laugh-out-loud funny and effortlessly insightful,” said Daniel Dominguez, creative director of Lyrical Animation. “To be allowed to help bring that to life for its millions of fans alongside our dear friend Charlie again is a dream come true.” Lyrical Animation will produce the project alongside White’s Meatier Productions. Development is in its early stages, and the company expects to reveal more details in 2027. Taylor Swift Premieres ‘Patient Zero’ Music Video at VMAs, Turning Her New ‘Showgirl: Encore’ Single Into a Dramatic Ghost Story VMAs Producer Van Toffler on Madonna’s Return, the Taylor Takeover and Why He Brought the Show West Again: ‘L.A. and Snoop Is a Lethal Combo’ Taylor Swift Has Never Won a Grammy for Record or Song of the Year. With Three No. 1 Hits Eligible for 2027, Which Will She Choose for Victory? ‘Toy Story 5’ Sets Disney+ Streaming Release Date After Making Over $1 Billion at the Box Office Graham Norton Shoots Down ‘Conspiracy Theory’ That Taylor Swift’s ‘Opalite’ Video Was Shot Before She Came on His Show Taylor Swift Recalls How ‘I Knew You Were Trouble’ Was Written as a ‘Really Sad Ballad’ in Grammy Museum Conversation Video Loading comments...",0,2026-10-04 14:43:54
7,https://deadline.com/2026/10/aaron-sorkin-never-occurred-jesse-eisenberg-social-reckoning-1237146050/,Aaron Sorkin Says “It Never Occurred To Me” That Jesse Eisenberg Wouldn’t Want To Return For ‘The Social Reckoning’,Deadline,2026-10-03T20:55:05,3549,"Skip to main content By Glenn Garner Glenn Garner Associate Editor @xoxo_glenn More Stories By Glenn Aaron Sorkin Says “It Never Occurred To Me” That Jesse Eisenberg Wouldn’t Want To Return For ‘The Social Reckoning’ ‘X-Men’s Christopher Abbott Admits He “Hasn’t Read Anything” Yet But “Can’t Wait” To Play Professor X ‘Barbershop’ Teaser: Jermaine Fowler Struggles To Win Over Calvin’s New Barbers In Prime Series — Watch View All October 3, 2026 1:55pm Add us as a Google Preferred Source Aaron Sorkin recalls his attempts to persuade Jesse Eisenberg to return for 'The Social Reckoning'. Leah Gallo/Columbia Pictures/Courtesy Everett Collection/Columbia Pictures/Courtesy Everett Collection As Aaron Sorkin logged back into Facebook for The Social Reckoning , his friend request to Jesse Eisenberg was denied. The Oscar-winning screenwriter of The Social Network (2010) explained that “it never occurred” to him that Eisenberg wouldn’t want to reprise his portrayal of Meta mogul Mark Zuckerberg in the sequel, which premieres Oct. 9 in theaters. “I knew what the studio was offering him to do it, but money does not motivate Jesse. It’s infuriating,” he told Entertainment Weekly . “If anything, money is a disincentive for him. It’s admirable. He’s very concerned about raising his kids with too much money.” Related Stories News Jesse Eisenberg Turned Down ‘The Social Reckoning’, Aaron Sorkin Says He Was Tired Of Being “Conflated” With Mark Zuckerberg News Everything We Know About Aaron Sorkin’s ‘The Social Reckoning’ So Far Sorkin said he was “just a couple of pages from being done” with the script for The Social Reckoning when he ran into the actor “and said, ‘I’m gonna be sending you something in a couple of weeks.’ And he smiled and nodded, and I sent it to him. It never occurred to me that he wouldn’t wanna do it.” Watch on Deadline Before ultimately casting Jeremy Strong as Zuckerberg last September, Sorkin spent a three-day weekend attempting to persuade Eisenberg to return. Aaron Sorkin attends ‘The Social Reckoning’ gala screening on Sept. 29, 2026 in London, England. Tristan Fewings/Getty Images “This is the only time I’ve written myself an outline. I don’t do it for the movies, but I did it for my conversations with Jesse,” he noted. “It was arguments for why he should do it. They included, ‘We already know you’re gonna be great because you were already once.’ You know, ‘Here are the great moments that you’re gonna get to play in the movie.’ And I laid it out for him.” Sorkin added, “He just doesn’t like being conflated with Mark Zuckerberg anymore. He doesn’t like that he kinda resembles the guy physically; that role is probably what he’s most known for.” After The Social Network (2010) recounted Mark Zuckerberg’s creation of Facebook and the controversy that ensued, Sorkin returned to write and direct the upcoming sequel, which focuses on a 2021 document leak that exposed harm Facebook caused on society. In The Social Reckoning , Facebook engineer Frances Haugen (Mikey Madison) goes to Wall Street Journal reporter Jeff Horwitz (Jeremy Allen White) with the social media platform’s most guarded secrets. Bill Burr, Wunmi Mosaku, Billy Magnussen and Betty Gilpin also star. Taylor Swift Crashes Dakota Johnson’s Monologue; Cold Open Goes Full MAGA ‘Verity’ Solid $33M+ Start; ‘Digger’ At $8M Lowest Cruise Open In 19 Years Skydance Putting All 3 TV Studios Under George Cheeks: WBTV, CBS Studios, PTVS What’s Next For De Luca, Abdy; Top Film Jobs To Greenstein, Goldberg Read More About: 3 Comments",0,2026-10-04 14:43:36
23,https://variety.com/2026/film/news/guillermo-del-toro-defends-digger-1236898266/,"Guillermo Del Toro Defends ‘Digger,’ Calls the Film ‘Daring, Bold and Cinematically Complex’",Variety,2026-10-03T19:55:38,4303,"Oct 3, 2026 12:55pm PT Guillermo Del Toro Defends ‘Digger,’ Calls the Film ‘Daring, Bold and Cinematically Complex’ By Tanya Fedak Plus Icon Tanya Fedak Latest Guillermo Del Toro Defends ‘Digger,’ Calls the Film ‘Daring, Bold and Cinematically Complex’ 19 hours ago Jerry Golod, Producer of ‘Tales From the Darkside’ and Former CBS And NBC Executive, Dies at 87 20 hours ago Jessica Lange to Receive Lifetime Achievement Award at SCAD Savannah Film Festival 2 days ago See All Getty Images for BFI Guillermo Del Toro is publicly declaring his love for “ Digger .” Del Toro took to X to call out naysayers of Alejandro G. Iñárritu’s film ahead of its Friday release. “Entirely Petty headline,” the director wrote in response to a review of Warner Bros.’ R-rated black comedy. “Love it or not. And yes, I do. The film delivers in scale, ambition and reach at a theatrical screen level. Daring, bold and cinematically complex. Decidedly a theatrical experience.” Related Stories 'Gremlins 3' Delayed to 2028 by Warner Bros. Mark Ruffalo Tells Rob Bonta 'Don't You Dare' Settle the Antitrust Lawsuit Against Paramount: 'Do Not Cave' Del Toro has also reposted others’ positive reviews, including one praising Tom Cruise’s performance as the film’s lead. Popular on Variety “Funny, I go into the platform and without even scrolling down, these are popping at the top of my timeline…” he wrote alongside the repost. “So… I will just keep posting them. Tune in or drop out—” In another repost, he wrote , “Dig or Die – c’mon!” Funny, I go into the platform and without even scrolling down, these are popping at the top of my timeline… So… I will just keep posting them. Tune in or drop out- https://t.co/sEgiticKRa — Guillermo del Toro (@RealGDT) October 2, 2026 Del Toro also compared the negative reviews of “Digger” to those of “The Big Lebowski,” “The King of Comedy,” and “The Counselor,” all of which drew scrutiny at release but later found appreciation with audiences. I remember the review for BIG LEBOWSKI and KING OF COMEDY and a few more… to me (I know it is still not accepted) THE COUNSELOR and all the ones in your list. https://t.co/1dnvUdlzKj — Guillermo del Toro (@RealGDT) October 2, 2026 “Digger” is currently at just 51% on Rotten Tomatoes. Variety ’s chief film critic Owen Gleiberman said that, although the film feels like a comedy, it failed to actually be funny. “I’m not sure that ‘Digger’ is going to connect, because it’s so full of itself — so top-heavy with importance,” Gleiberman wrote in his review . “The movie cost north of $125 million to make, and that figure is not only too big to probably justify itself; it’s a testament to the arrogance of the filmmakers — to the assumption that we’ll turn out in droves for this ponderous absurdist lecture.” The film generated just $3.4 million domestically at the box office on Friday following a slew of negative reviews and divided word of mouth ahead of its opening. The film is shaping up to be one of the year’s biggest flops, with estimates of just $7.5 million domestically in its opening weekend. Cruise also took to X on Saturday in support of “Digger,” writing that he was “honored to have had the opportunity to create this film alongside such talented artists.” DIGGER is officially in theaters and I am so honored to have had the opportunity to create this film alongside such talented artists. Thank you to the entire cast and crew for your dedication, hard work, and joy. The experience was truly unforgettable and I’m so proud of what we… pic.twitter.com/3YBblCnL3E — Tom Cruise (@TomCruise) October 3, 2026 Taylor Swift Has Never Won a Grammy for Record or Song of the Year. With Three No. 1 Hits Eligible for 2027, Which Will She Choose for Victory? Taylor Swift Breaks Two Spotify Records for 2026, Including Most-Streamed Female Artist in a Day Tom Cruise Says Taylor Swift Was ‘Schooling Me on Football’ at Chiefs Game, Calls Her a ‘Brilliant Musician and Director’ Graham Norton Shoots Down ‘Conspiracy Theory’ That Taylor Swift’s ‘Opalite’ Video Was Shot Before She Came on His Show Taylor Swift Praises Phoebe Bridgers’ New Album ‘Lost Weekend,’ Calls It an ‘Absolute Triumph in Every Way’ ‘Toy Story 5’ Sets Disney+ Streaming Release Date After Making Over $1 Billion at the Box Office Loading comments...",0,2026-10-04 14:43:55
32,https://www.hollywoodreporter.com/movies/movie-news/tom-cruise-digger-social-media-box-office-opening-1236721639/,Tom Cruise Stands Up for ‘Digger’ Amid Tough Box Office: “I’m So Proud of What We Created”,Hollywood Reporter,2026-10-03T19:24:13,3209,"× Skip to main content By Ryan Gajewski Plus Icon Ryan Gajewski Senior Entertainment Reporter View All October 3, 2026 12:24pm Tom Cruise in 'Digger.' Courtesy of Warner Bros. Tom Cruise isn’t prepared to bury Digger just yet, despite the movie’s disappointing box office opening. The star took to social media on Saturday morning to share behind-the-scenes photos from the film’s shoot and express his appreciation to the cast and crew. Centering on an egotistical oil tycoon who causes a natural disaster, director Alejandro G. Iñárritu ‘s $125 million-budgeted satire is heading to around $8 million in a rough debut weekend for the ambitious project. “ Digger is officially in theaters and I am so honored to have had the opportunity to create this film alongside such talented artists,” Cruise posted . “Thank you to the entire cast and crew for your dedication, hard work and joy. The experience was truly unforgettable and I’m so proud of what we created.” Related Stories Movies Tom Cruise's 'Digger' Plunging at Box Office With Less Than $10M as 'Verity' Leads Business How a 100-Year-Old Indie Movie Theater Stays In Business Warner Bros. released the movie Friday in 3,300 North American theaters, with the studio seeing the project as a big creative swing that it hopes to carry awards potential. Alas, its path appears quite challenging , given that Digger earned a C+ CinemaScore from audiences and holds a 51 percent approval from reviewers on Rotten Tomatoes. In his review for The Hollywood Reporter , chief film critic David Rooney dismissed the film as “dead and buried.” Riz Ahmed, John Goodman and Sandra Hüller round out the cast. DIGGER is officially in theaters and I am so honored to have had the opportunity to create this film alongside such talented artists. Thank you to the entire cast and crew for your dedication, hard work, and joy. The experience was truly unforgettable and I’m so proud of what we… pic.twitter.com/3YBblCnL3E — Tom Cruise (@TomCruise) October 3, 2026 Digger sees a portly, balding Cruise taking a break from the action-loaded franchise features that his audience has come to expect, as the new movie harkens back to his earlier-career focus on filmmaker-forward projects like Rain Man , Born on the Fourth of July and Magnolia . The star won’t wait too long to get back to IP-driven action fare, as Days of Thunder 2 soon revs up production. Amazon MGM Studios’ Anne Hathaway-led thriller Verity , which adapts the Colleen Hoover novel, will open atop the domestic box office chart with around $33 million. Digger is likely to mark the lowest opening weekend for Cruise since 2007’s war drama Lions for Lambs , which debuted with $6.7 million from a far smaller budget. During an onstage conversation earlier in the week following a Los Angeles screening of Digger , Cruise discussed his pursuit of success throughout his career after having started in the business at a young age. “My hope is always that the films would do well enough that I would have that opportunity to do it again,” the actor said of making movies. “People want to see real things. This career, we have to work to do it. It was never handed to any of us. I want you to know that.” THR",0,2026-10-04 14:44:05
8,https://deadline.com/2026/10/x-men-christopher-abbott-hasnt-read-anything-1237146033/,‘X-Men’s Christopher Abbott Admits He “Hasn’t Read Anything” Yet But “Can’t Wait” To Play Professor X,Deadline,2026-10-03T19:18:56,2313,"Skip to main content By Glenn Garner Glenn Garner Associate Editor @xoxo_glenn More Stories By Glenn Aaron Sorkin Says “It Never Occurred To Me” That Jesse Eisenberg Wouldn’t Want To Return For ‘The Social Reckoning’ ‘X-Men’s Christopher Abbott Admits He “Hasn’t Read Anything” Yet But “Can’t Wait” To Play Professor X ‘Barbershop’ Teaser: Jermaine Fowler Struggles To Win Over Calvin’s New Barbers In Prime Series — Watch View All October 3, 2026 12:18pm Add us as a Google Preferred Source Christopher Abbott attends Netflix’s 'East of Eden' premiere on Sept. 30, 2026 in New York City. Kristina Bumphrey/PMC Although Charles Xavier has the power to read minds, Christopher Abbott is being kept in the dark about his next big role. The actor, who was cast as Professor X in Marvel Studios ‘ X-Men movie, recently noted he’s “very much” excited to get to work on the Jake Schreier -helmed superhero movie, despite still having not seen a script. “I haven’t read anything yet. Nothing,” Abbott told Entertainment Tonight . “I’m not even being coy. It’s true, I haven’t read anything. But I’m excited to work with Jake Schreier, I think he’s a great director, and that cast is really good. I can’t wait. I love X-Men.” Related Stories News Meet The New ‘X-Men’: See The Actors Who’ve Been Cast & The Characters They Play News Everything We Know About Marvel’s Upcoming ‘X-Men’ Movie So Far Taking over the role of Charles Xavier/Professor X from Sir Patrick Stewart and James McAvoy, Abbott’s casting was announced in August. Watch on Deadline Abbott joins Adam Driver as Nathaniel Millbury/Mister Sinister, Inde Navarrette as Rogue, Maya Boyd as Storm, Kit Connor as Cyclops, Sadie Sink as Jean Grey, Samara Weaving as Emma Frost and Asa Germann as Angel. Scheduled to premiere May 5, 2028 in theaters, Marvel tapped Schreier to direct X-Men last May after his previous MCU title Thunderbolts* premiered. Beef creator Lee Sung Jin and The Bear showrunner Joanna Calo are writing the script. Taylor Swift Crashes Dakota Johnson’s Monologue; Cold Open Goes Full MAGA ‘Verity’ Solid $33M+ Start; ‘Digger’ At $8M Lowest Cruise Open In 19 Years Skydance Putting All 3 TV Studios Under George Cheeks: WBTV, CBS Studios, PTVS What’s Next For De Luca, Abdy; Top Film Jobs To Greenstein, Goldberg Read More About: Comments",0,2026-10-04 14:43:38
24,https://variety.com/2026/film/news/tony-gilroy-paramount-warner-bros-merger-behemoth-nyff-1236898132/,Tony Gilroy Says Paramount-Warner Bros. Merger Will ‘Destroy’ a ‘Healthy and Beautiful Business’ in ‘The Name of Venture Capital’: ‘It’s Tragic’,Variety,2026-10-03T19:15:41,4992,"Oct 3, 2026 12:15pm PT Tony Gilroy Says Paramount-Warner Bros. Merger Will ‘Destroy’ a ‘Healthy and Beautiful Business’ in ‘The Name of Venture Capital’: ‘It’s Tragic’ By Antonio Ferme Plus Icon Antonio Ferme Latest Tony Gilroy Says Paramount-Warner Bros. Merger Will ‘Destroy’ a ‘Healthy and Beautiful Business’ in ‘The Name of Venture Capital’: ‘It’s Tragic’ 19 hours ago Sylvester Stallone Says Superhero Movie Bodies Aren’t ‘Natural’ and Taking Steroids to Bulk Up Is Like ‘Putting on Part of a Costume’ 5 days ago Chris Rock Says Infidelity and Struggling to ‘Make It’ Aren’t Just Hollywood Problems: ‘If You Got No Love, You’re Broke as F—k’ 7 days ago See All Getty Images for FLC Tony Gilroy blasted the “tragic” nature of the Paramount-Warner Bros. merger at the world premiere of his new film, “ Behemoth! ” Produced on a $36 million budget , “Behemoth!” is representative of the mid-budget, adult-oriented drama that once sustained Hollywood’s theatrical business — and allowed filmmakers like Gilroy to make a name for themselves in the industry. He fears the impending merger (which David Ellison just announced would place both of the historic movie studios under a company named Skydance) threatens to dismantle the very “healthy and beautiful business” he has worked in for over three decades. Related Stories 'Gremlins 3' Delayed to 2028 by Warner Bros. Mark Ruffalo Tells Rob Bonta 'Don't You Dare' Settle the Antitrust Lawsuit Against Paramount: 'Do Not Cave' “People say the movie business is in trouble,” Gilroy told Variety Friday night at Alice Tully Hall. “You go around, you stand anywhere you want, what do people talk about? Did you see this? Did you see that? What episode are you on? The business is solid, and to destroy the architecture that made it so in the name of venture capital, it’s tragic.” Starring Pedro Pascal as a gifted cellist re-immersing himself in the world of Hollywood film scoring, “Behemoth!” marks Gilroy’s first major project since completing his work on the Emmy-winning series “Andor.” It was also selected as the centerpiece of the 64th New York Film Festival , following James Gray’s star-studded opening-night film “Paper Tiger” and preceding Ava DuVernay’s closing-night documentary “14th.” While introducing his new film, Gilroy praised the festival’s lineup as a bright spot amid an increasingly turbulent Hollywood landscape . Popular on Variety “Thank you for making [the festival] so elegant and glamorous, and for surrounding us with so many amazing films,” Gilroy told the crowd. “The way this is curated this year, this is a freakin’ lineup! Holy sh*t. And everybody knows it. When so many things go to shit in Hollywood, this is like a thank you. Thank you for letting us bring our soufflé to your groovy party.” Gilroy also thanked Matt Greenfield and his partners at Searchlight Pictures, the indie studio owned by the Walt Disney Company, which also produced “Andor.” “This is not an easy movie to greenlight, and it’s not an easy movie to sell,” he concluded. “But here we are. We’re here. We got here calmly, gracefully, no drama, and our joie de vivre intact.” Tony Gilroy introduces his new film “Behemoth!” at its worldwide premiere at #NYFF : “This is a hard movie to green light, and a hard movie to sell. And here we are.” pic.twitter.com/WeHLKyJ8Gc — Variety (@Variety) October 2, 2026 Skydance has tentatively set Tuesday, Oct. 6, to close the merger, which will consolidate Hollywood’s traditional Big Five studios (Disney, Universal, Sony, Warner Bros. and Paramount) under just four corporate owners. While Ellison has maintained that Paramount and Warner Bros. will retain their separate studio identities under Skydance, industry figures — including “Behemoth!” producer Sanne Wohlenberg — fear the consolidation will make the “possibilities for a filmmaker alarmingly limited.” “God, it’s certainly turbulent and uncertain times, isn’t it? It never seems to get any easier,” Wohlenberg said. “I do think you have to take a deep breath and keep believing that things will be circular and come back. When you look at history, there have been many, many bad times. Sadly, we are steering into one, which will make the competitive nature of the industry and possibilities for a filmmaker alarmingly limited. And it shouldn’t be like that. I think we will survive it and I hope for better times.” Travis Kelce Speaks Out on Wedding to Taylor Swift: ‘Best Night of My Life’ and ‘It Was Cool to Live Out My Childhood Dream’ of Being in MSG Tom Cruise Says Taylor Swift Was ‘Schooling Me on Football’ at Chiefs Game, Calls Her a ‘Brilliant Musician and Director’ Taylor Swift Announces New Single, ‘Patient Zero,’ Coming This Week Newly Discovered Plant-Eating Insects Named After Taylor Swift Todd Rundgren Slams Taylor Swift, Says She ‘Ruined Music’ and Is ‘the Apotheosis of Mediocrity’ Taylor Swift’s ‘Patient Zero’ Music Video, Starring Dakota Johnson and Colin Farrell, to Debut at VMAs Loading comments...",0,2026-10-04 14:43:56
9,https://deadline.com/2026/10/pete-townshend-behind-blue-eyes-interview-frank-marshall-nigel-sinclair-cassidy-hartmann-1237146014/,"Brilliance Of The Who’s Leader Shines In ‘Pete Townshend: Behind Blue Eyes,’ Screening At Hamptons & Mill Valley",Deadline,2026-10-03T18:13:33,9302,"Skip to main content By Matthew Carey Matthew Carey Documentary Editor, Awards @mattcarey More Stories By Matthew ‘Speak.’ Is Spoken For: Documentary+ To Stream Film About High School Oratory Competitors Obscured Releasing Acquires NA Rights To ‘The Drug In Our Pocket’ Ahead Of Hamptons World Premiere Oscars: Pakistan Picks Mo Naqvi’s Doc Thriller ‘Hanging By A Wire’ As Best International Feature Entry View All October 3, 2026 11:13am Add us as a Google Preferred Source Pete Townshend Pulse Lifehouse Production Ltd. The British invasion of the mid-1960s was a multi-pronged attack, an assault led above all by The Beatles, The Rolling Stones, and The Who . Their seismic impact on American and world culture has been well documented. But of the leaders of those three mega-bands, perhaps the most mysterious remains Pete Townshend, The Who’s songwriter and enigmatic eminence, thrashing chords and smashing guitars while Roger Daltry handled lead vocals. His sheer brilliance and rock innovation is captured in the documentary Pete Townshend: Behind Blue Eyes , which held its world premiere at the Telluride Film Festival . It’s directed by Frank Marshall ( The Bee Gees: How Can You Mend a Broken Heart ) and Nigel Sinclair (producer, Billy Preston: That’s the Way God Planned It ). Despite the enormity of The Who’s success – the rock operas Tommy and Quadrophenia , songs “Won’t Get Fooled Again,” “My Generation,” “Love Reign O’er Me” and so many others – somehow the band’s primary creative engine can remain obscured. Related Stories Acquisitions Obscured Releasing Acquires NA Rights To 'The Drug In Our Pocket' Ahead Of Hamptons World Premiere Documentary 'Burgundy' Cheers Moviegoers With Tale Of Old School Values And Grand Cru Wine - Telluride Film Festival “A lot of people, when we say, ‘Oh, Pete wrote all the songs,’ they go, ‘What?’ They don’t understand because Pete’s also very quiet,” Marshall says in an interview at his home in Telluride. “He’s not the front man. Roger’s the front man… So, I do feel he’s underappreciated.” Watch on Deadline Pete Townshend in Paris, August 1972. Michael Putland/Getty Images Key to understanding Townshend, as the film explores, is his background as an artist. He studied at Ealing Art College as a teenager and absorbed lessons from a teacher there, Roy Ascott, who propounded theories of technology and consciousness that would deeply influence Townshend. An exercise at Ealing in “auto-destruction,” where students smashed up pianos or other musical instruments, would lead to Townshend’s signature move with The Who, destroying his guitar at the end of performances. “Actually, I have one of those smashed guitars, which I had a guitar builder lay out in an exposed frame like a skeleton,” Sinclair tells us. Smashing instruments “became a habit in shows. Obviously, in that club on Goldhawk Road, [Townshend] didn’t intend to do anything. His guitar went up into the ceiling and broke through cheap, old fashioned kind of stuff — with asbestos in those days. And it crumbled on Pete — the guitar and the neck was tipped over. So, he just threw it on the ground and smashed it. That was the first time. And the audience and Roger and the other [band members] are genuinely thinking, ‘What is he doing?’ And then [Keith] Moon, who only takes him about half a millisecond to tack, immediately started smashing his drum kit.” The Who’s Pete Townshend smashes a guitar against an amplifier at a UK club on March 13, 1967. Chris Morphet/Redferns More than mere theatrics, the frenetic smashing of instruments and The Who’s music itself, written by Townshend, channeled the sense of rage, frustration and angst felt by so many young British people in that post-war period of crumbled empire and dwindling opportunity. “We see it in that first [Who] song, ‘Can’t Explain,’ when somebody said to him, ‘You’re expressing what we all feel and that connection,’” Marshall comments. “And he didn’t even know, but he was, as an artist, taking what was happening and channeling it into a song.” Pete Townshend: Behind Blue Eyes contains remarkable archive footage of the band in private moments and on stage, material unseen for decades. Archival producers Kate Griffiths and Catalina Curbishley were key to unearthing it. Portrait of English rock band The Who, standing in front of flags wearing mod clothing, London, circa 1966. (L-R) Keith Moon, Pete Townshend, Roger Daltrey, John Entwistle. The Visualeyes Archive/Redferns “The Who had actually put all of their assets in frozen storage back in the ’80s. It’s in this house, in somebody’s back garden,” says producer Cassidy Hartmann . “Our team actually went in there and sorted through everything and found this material and we were able to transfer it. And once we saw it, of course we were astounded at what was there because it’s like the dream of every documentary filmmaker to find something like this that no one’s ever seen.” “The treasure chest,” Marshall says. Pete Townshend of The Who pictured playing an acoustic guitar with his father Cliff Townshend (1916-1986), saxophone player with the Squadronaires, at home in London on March 30, 1966. Larry Ellis/Daily Express/Hulton Archive/Getty Images Townshend was born in West London in May 1945, just days before Germany’s surrender, to musical parents – his father a professional saxophonist and his mother a singer. His parents’ marriage was a rocky one and as a small boy, Pete was sent to live with his maternal grandmother, a woman he would later describe as “clinically insane.” That devastating experience would unconsciously inform Tommy , the rock opera about a “deaf, dumb, and blind kid” who becomes a pinball wizard. “A big part of our approach to the film was surrounding this idea of Pete as two people, as this divided person,” observes Hartmann, who co-wrote the film with Sam Bridger. “And I think the trauma speaks to that. He says, ‘I divided then back when I was a kid and became this introverted, imaginative writer person.’ And then of course he also becomes this rock star on stage. And I think a big part of the tension in the film that we were interested in was that contradiction between those two sides of himself and his struggle to kind of reconcile those.” Pete Townshend: Behind Blue Eyes screens Saturday and Sunday at the Hamptons International Film Festival in New York. It also screens Sunday on the other side of the country – at the Mill Valley Film Festival in Northern California. “Behind Blue Eyes,” of course, is one of Townshend’s greatest compositions, a song at times plaintive and reflective, at other moments ferocious in its anger. That, and “Going Mobile,” “Baba O’Riley,” and “Won’t Get Fooled Again” were written for Lifehouse , a kind of futuristic rock opera Townshend created after Tommy . It was his single most ambitious project (which is saying something) but never came to fruition, for reasons explored in the film. Lifehouse remains the great white whale of Townshend’s career, and a narrative thread throughout the documentary. Director Frank Marshall on June 23, 2025 in New York City. John Nacion/Variety via Getty Images “The engine for us was once we realized that he wants to feature this abandoned project, Lifehouse — which is quite hard to understand and of course collapsed for a number of reasons over the years — but it’s incredibly important to him,” Sinclair says. “It’s an itch that he never stops scratching… Frank said we needed to actually explore Pete as a person because what’s interesting about Lifehouse is it’s so important to him. That’s what drives [the film].” Distribution plans for the documentary are pending. Given the track record of Marshall, Sinclair ( Wilder , David Frost Vs. ) and Hartmann ( The Apollo , Lilith Fair: Building a Mystery ), optimism on that front seems warranted. Marshall, a five-time Oscar nominee and six-time Primetime Emmy nominee is one of the top producers in motion picture history. At Telluride, the film became a hot ticket, generating interest from festival-goers including a certain Oscar-winning director , who had his own film in the festival, Ink . Producer Cassidy Hartmann and director Nigel Sinclair attend the Telluride Film Festival on September 4, 2026. Vivien Killilea/Getty Images “Danny Boyle was over there saying, ‘I’ve got to see the Townshend film,’” Sinclair reports. “So I spoke to him and said, ‘If you can’t see here, I’ll send you a link.’ So we’re feeling pretty good about getting it placed.” Hartmann was born after the height of The Who’s success. “I learned a lot on this project. I developed a deep affection for Pete especially. And I did see an opportunity to introduce the band to a younger generation,” she notes. “I thought there was an opportunity for that to connect with a bigger audience than just The Who fan base. There was something relatable and universal in Pete’s story for anyone who’s a creative person trying to do something in the world.” Taylor Swift Crashes Dakota Johnson’s Monologue; Cold Open Goes Full MAGA ‘Verity’ Solid $33M+ Start; ‘Digger’ At $8M Lowest Cruise Open In 19 Years Skydance Putting All 3 TV Studios Under George Cheeks: WBTV, CBS Studios, PTVS What’s Next For De Luca, Abdy; Top Film Jobs To Greenstein, Goldberg Read More About: 1 Comments",0,2026-10-04 14:43:39
10,https://deadline.com/2026/10/barbershop-teaser-jermaine-fowler-prime-video-series-1237146012/,‘Barbershop’ Teaser: Jermaine Fowler Struggles To Win Over Calvin’s New Barbers In Prime Series — Watch,Deadline,2026-10-03T17:56:44,3098,"Skip to main content By Glenn Garner Glenn Garner Associate Editor @xoxo_glenn More Stories By Glenn Aaron Sorkin Says “It Never Occurred To Me” That Jesse Eisenberg Wouldn’t Want To Return For ‘The Social Reckoning’ ‘X-Men’s Christopher Abbott Admits He “Hasn’t Read Anything” Yet But “Can’t Wait” To Play Professor X ‘Barbershop’ Teaser: Jermaine Fowler Struggles To Win Over Calvin’s New Barbers In Prime Series — Watch View All October 3, 2026 10:56am Add us as a Google Preferred Source Calvin’s is taking walk-ins once again as Barbershop returns to screens with a new eight-episode show. On Saturday at CultureCon, Prime Video shared the first teaser for the series adaptation of the comedy-drama film franchise that launched in 2002, revealing the barbershop’s new owner in the show, all episodes of which premiere Feb. 10, 2027 on the streaming platform. The TV adaptation stars Jermaine Fowler as Travis “Trav” Porter, who endeavors to follow in the footsteps of his grandfather Eddie (played in the movies by Cedric the Entertainer), a legendary barber at the iconic Calvin’s barbershop in Chicago. And while the barbers are new, the shop remains just as lively, the customers just as argumentative, and the fades are still the dopest in the city — because at Calvin’s, the community comes together for way more than just a haircut. Related Stories News ‘Barbershop’ Comedy Series Gets Prime Video Release Date; First Look At Jermaine Fowler News ‘Barbershop’ TV Series Starring Jermaine Fowler Based On Movie Franchise Ordered By Amazon Fowler stars in the series alongside Brett Gray, Punkie Johnson, Roy Wood Jr., E.J. Bonilla, Bresha Webb, Bokeem Woodbine, Tiana Okoye and Langston Kerman, with guest stars including Zack Fox, Ego Nwodim, Diallo Riddle, Ziwe, Tituss Burgess, Comedian CP, Devon Walker and Belmont Cameli. Watch on Deadline Marshall Todd, who co-wrote the original film, serves as writer, EP and co-showrunner alongside Max Searle. Jermaine Fowler in Prime Video’s ‘Barbershop’ Elizabeth Sisson/Prime From Amazon MGM Studios and MGM Television, producers include Kevin Hart, Bryan Smiley, Mike Stein and Tiffany Brown for Hartbeat; Bradley Gardner for Busy B Entertainment; Cameron Burnett and Autumn Bailey-Ford for Prominent Productions; and George L. Tillman and Robert Teitel for State Street Pictures; plus Fowler and director Oz Rodriguez. Launching with 2002’s Barbershop , and featuring a star-studded ensemble led by Ice Cube as Calvin, the franchise also includes the sequels Barbershop 2: Back in Business (2004) and Barbershop: The Next Cut (2016), as well as the 2005 spin-off Beauty Shop , starring Queen Latifah. In 2005, Showtime adapted Barbershop into a series with Omar Gooding as Calvin, but the show ended after one season. Taylor Swift Crashes Dakota Johnson’s Monologue; Cold Open Goes Full MAGA ‘Verity’ Solid $33M+ Start; ‘Digger’ At $8M Lowest Cruise Open In 19 Years Skydance Putting All 3 TV Studios Under George Cheeks: WBTV, CBS Studios, PTVS What’s Next For De Luca, Abdy; Top Film Jobs To Greenstein, Goldberg Read More About: Comments",0,2026-10-04 14:43:40
11,https://deadline.com/2026/10/jerry-golod-dies-1237145992/,Jerry Golod Dies: ‘Tales from the Darkside’ EP Was 87,Deadline,2026-10-03T17:13:19,2225,"Skip to main content By Glenn Garner Glenn Garner Associate Editor @xoxo_glenn More Stories By Glenn Aaron Sorkin Says “It Never Occurred To Me” That Jesse Eisenberg Wouldn’t Want To Return For ‘The Social Reckoning’ ‘X-Men’s Christopher Abbott Admits He “Hasn’t Read Anything” Yet But “Can’t Wait” To Play Professor X ‘Barbershop’ Teaser: Jermaine Fowler Struggles To Win Over Calvin’s New Barbers In Prime Series — Watch View All October 3, 2026 10:13am Add us as a Google Preferred Source 'Tales from the Darkside' Laurel Entertainment Jerry Golod , an executive producer behind Tales from the Darkside and Return to Green Acres , has died. He was 87. The producer’s daughter Dori Golod Howell announced that he died on Wednesday at his Rancho Mirage home, following a brief battle with cancer, according to The Hollywood Reporter . Born Dec. 26, 1938 in the Bronx, Golod began his career in advertising, during which he led an ad agency’s TV production company before becoming vice president of children’s programs at CBS in 1975. Following George A. Romero’s 1982 Stephen King-penned horror anthology Creepshow , Golod helped EPs Romero and Richard P. Rubinstein bring the EC comics adaptation to TV in the form of the 1983-’88 Tales from the Darkside syndicated television show. In 2013, Golod was part of the producing team behind CBS Television Studios and CW’s reboot of Tales from the Darkside , which ultimately did not get picked up to series. Watch on Deadline Golod was an EP on the 1990 CBS TV movie Return to Green Acres , reuniting Eddie Albert and Eva Gabor from the 1965-’71 series. He was also behind ABC’s 1991-’92 series remake of Land of the Lost . Additionally, Golod served as an executive producer on the 1985 TV movies Brass and Condor , and he was instrumental in helping author Elliott Baker adapt his 1971 novel Pocock & Pitt into the Canadian series Adderly (1986-’88). Taylor Swift Crashes Dakota Johnson’s Monologue; Cold Open Goes Full MAGA ‘Verity’ Solid $33M+ Start; ‘Digger’ At $8M Lowest Cruise Open In 19 Years Skydance Putting All 3 TV Studios Under George Cheeks: WBTV, CBS Studios, PTVS What’s Next For De Luca, Abdy; Top Film Jobs To Greenstein, Goldberg Read More About: 2 Comments",0,2026-10-04 14:43:41
12,https://deadline.com/2026/10/guillermo-del-toro-digger-praise-slams-petty-review-1237145972/,"Guillermo Del Toro Buries ‘Digger’ In Praise, Slams “Petty” Review: “Decidedly A Theatrical Experience”",Deadline,2026-10-03T16:04:12,3308,"Skip to main content By Glenn Garner Glenn Garner Associate Editor @xoxo_glenn More Stories By Glenn Aaron Sorkin Says “It Never Occurred To Me” That Jesse Eisenberg Wouldn’t Want To Return For ‘The Social Reckoning’ ‘X-Men’s Christopher Abbott Admits He “Hasn’t Read Anything” Yet But “Can’t Wait” To Play Professor X ‘Barbershop’ Teaser: Jermaine Fowler Struggles To Win Over Calvin’s New Barbers In Prime Series — Watch View All October 3, 2026 9:04am Add us as a Google Preferred Source Guillermo Del Toro praises 'Digger' on social media. Warner Bros/Courtesy Everett Collection/Jesse Grant/PMC Although Digger has premiered this weekend to mixed reviews, Guillermo Del Toro is a confirmed fan of the Alejandro G. Iñárritu satire. The 3x Oscar winner has taken to social media to heap praise on Tom Cruise ‘s latest after responding to a critic that called the film “far from a must-watch” and recommended viewers wait for it to hit streaming. “Entirely Petty headline,” wrote Del Toro in response to IGN’s review. “Love it or not. And, yes, I do. The film delivers in scale, ambition and reach at a theatrical screen level. Daring, bold and cinematically complex. Decidedly a theatrical experience.” Related Stories Reviews ‘Digger’ Review: Tom Cruise Explodes In Alejandro G. Iñárritu’s Surprising And Urgent Disaster Movie Satire News ‘Verity’ Solid $33M+ Start; ‘Digger’ At $8M Is Tom Cruise’s Lowest Opening In 19 Years; Both Pics Get C+ CinemaScores – Box Office Update It turns out the algorithm was listening, as the Pan’s Labyrinth auteur has since continued reposting other fans’ praise of the Warner Bros. movie, which is now in theaters. Watch on Deadline “Funny, I go into the platform and without even scrolling down, these are popping at the top of my timeline…” he wrote with one repost . “So… I will just keep posting them. Tune in or drop out-“ Entirely Petty headline. Love it or not. And, yes, I do. The film delivers in scale, ambition and reach at a theatrical screen level. Daring, bold and Cinematically complex. Decidedly a Theatrical experience. https://t.co/Gby9ykcj9A — Guillermo del Toro (@RealGDT) October 1, 2026 Funny, I go into the platform and without even scrolling down, these are popping at the top of my timeline… So… I will just keep posting them. Tune in or drop out- https://t.co/sEgiticKRa — Guillermo del Toro (@RealGDT) October 2, 2026 Dig or Die – c'mon! https://t.co/NvwC826iWm — Guillermo del Toro (@RealGDT) October 2, 2026 “Dig or Die – c’mon!” Del Toro wrote with another . Sitting at a 51% critic rating on Rotten Tomatoes with a C+ CinemaScore, Del Toro compared the bad reviews for Digger to the criticism that surrounded The King of Comedy (1982), The Big Lebowski (1998) and The Counselor (2013), all having since become appreciated by audiences years later. In Digger , Cruise stars as the titular oil tycoon Digger Rockwell, who races to fix a catastrophe he caused so he can avoid blame and be seen as humanity’s savior. Taylor Swift Crashes Dakota Johnson’s Monologue; Cold Open Goes Full MAGA ‘Verity’ Solid $33M+ Start; ‘Digger’ At $8M Lowest Cruise Open In 19 Years Skydance Putting All 3 TV Studios Under George Cheeks: WBTV, CBS Studios, PTVS What’s Next For De Luca, Abdy; Top Film Jobs To Greenstein, Goldberg Read More About: 9 Comments",0,2026-10-04 14:43:42
33,https://www.hollywoodreporter.com/movies/movie-news/tom-cruise-digger-box-office-opening-verity-2-1236721548/,Tom Cruise’s ‘Digger’ Plunging at Box Office With Less Than $10M as ‘Verity’ Leads,Hollywood Reporter,2026-10-03T16:02:54,5020,"× Skip to main content By Ryan Gajewski Plus Icon Ryan Gajewski Senior Entertainment Reporter View All October 3, 2026 9:02am Tom Cruise in 'Digger.' Courtesy Warner Bros. Logo text Tom Cruise ‘s big-budget Digger finds itself in quite a hole with its opening weekend at the box office . From filmmaker Alejandro G. Iñárritu , Digger grossed $3.3 million on Friday, including Thursday previews , as the film is expected to open with around $8 million from 3,300 North American theaters. This stands even below the meager $12 million to $15 million range that Warner Bros. had been projecting and would represent a crushing launch for the project that carries a $125 million production budget. Digger is headed for the lowest opening weekend for Cruise since 2007’s war drama Lions for Lambs , which debuted with $6.7 million from a much smaller budget. Related Stories TV Taylor Swift Crashes Dakota Johnson's 'Saturday Night Live' Hosting Stint: ""My Literal Therapist!"" Movies Tom Cruise Stands Up for 'Digger' Amid Tough Box Office: ""I'm So Proud of What We Created"" With a C+ CinemaScore from audiences that marks one of the worst grades of the star’s high-powered career (and is the same as that of Lions for Lambs ), Digger is clearly a polarizing title and marks a huge creative swing, as Cruise transformed himself into an overweight and balding oil tycoon. Riz Ahmed, John Goodman and Sandra Hüller also star in the satire centering on Cruise’s titular character having caused a natural disaster. Although the studio holds out hope that awards buzz could help the film have some legs as audiences discover it, critics have been divided, with Digger holding a 51 percent approval from reviewers on Rotten Tomatoes. In his review for The Hollywood Reporter , chief film critic David Rooney deemed it “dead and buried.” Tom Cruise and Sandra Hüller in Digger. Seoju Park/Warner Bros. Pictures Digger marks an inauspicious final release for Warner Bros. as a stand-alone studio, as Paramount Skydance’s $111 billion merger with the studio is expected to be finalized Oct. 6. News broke days ago that Warner Bros. film chiefs Michael De Luca and Pamela Abdy are exiting the studio, with Dana Goldberg and Josh Greenstein set to take over. De Luca and Abdy’s dazzling 2025 included the success of acclaimed Oscar winners One Battle After Another and Sinners , while 2026’s releases have seen far less encouraging results. Although Cruise was known earlier in his career for taking chances with filmmaker-driven features, ranging from Born on the Fourth of July to Magnolia , the star’s fans lately have been more used to seeing him in action-packed franchise fare, and indeed, he is soon to begin filming Days of Thunder 2 . As Rentrak’s Paul Dergarabedian told THR , “We have to place our expectations around what this movie is and what it’s trying to be, rather than what the name Tom Cruise might normally be expected to deliver at the box office.” Amazon MGM Studios’ Verity is expected to win the weekend as the adaptation of Colleen Hoover’s novel kicks off spooky season. Starring Anne Hathaway , Dakota Johnson and Josh Hartnett, director Michael Showalter’s thriller collected $15.1 million on Friday, including Thursday previews, and will finish the frame at No. 1 domestically with an estimated $33.6 million from 3,510 North American locations. Dakota Johnson in Verity . Alisha Wetherill/Amazon MGM Studios Like Digger , Verity earned a disappointing C+ CinemaScore from audiences for the story of struggling writer Lowen Ashleigh (Johnson) taking a job as a ghostwriter for acclaimed author Verity Crawford (Hathaway). Verity holds a 34 percent Rotten Tomatoes score from reviewers, with critic Richard Lawson writing for THR that it’s a “literary misfire.” Holding its ground at No. 2 in its third frame is Sony’s Resident Evil , which is expected to gross $12 million to bring its domestic total to around $124.3 million. Austin Abrams leads director Zach Cregger’s successful reboot of the video game property. Paramount’s Heart of the Beast is rounding up around $11 million in its second weekend for a cume of roughly $38 million. David Ayer’s movie stars Brad Pitt as a Special Forces officer stranded with his combat dog in the wilderness. Also in its sophomore frame is A24’s Primetime , which heads to $8 million to bring its domestic total to roughly $34 million. Robert Pattinson stars as journalist Chris Hansen in Lance Oppenheim’s fact-based thriller that is likely to place above Digger for the weekend. Another newcomer in wide release this weekend is Lionsgate’s Beware Boiúna , which opens quietly with around $500,000 from 1,121 North American theaters. Mike P. Nelson, who has been tapped to helm the next Saw , directed Kiana Madeira and Jessica Rothe in the horror offering about a giant snake. Beware Boiúna has a 55 critics score on Rotten Tomatoes. Next weekend’s notable releases include the Jessica Chastain-led chiller Other Mommy and Aaron Sorkin’s The Social Reckoning . THR",0,2026-10-04 14:44:06
34,https://www.hollywoodreporter.com/tv/tv-news/jerry-golod-dead-tales-from-the-darkside-producer-1236721586/,"Jerry Golod, ‘Tales From the Darkside’ Producer, Dies at 87",Hollywood Reporter,2026-10-03T15:58:10,4555,"Skip to main content By Mike Barnes Plus Icon Mike Barnes Senior Editor mikebarnes4 Follow Sign Up View All October 3, 2026 8:58am Jerry Golod Courtesy Golod Family Jerry Golod, who helped bring George A. Romero ’s Creepshow to television in the form of Tales From the Darkside and also produced Adderly , Return to Green Acres and a rebooted Land of the Lost , has died. He was 87. Golod died Wednesday at his home in Rancho Mirage after a brief battle with cancer, his daughter, Dori Golod Howell, told The Hollywood Reporter . In a career that spanned more than four decades, Golod served as an executive at CBS and NBC before launching JayGee Productions in the early 1980s. He had a knack for identifying an unconventional idea and finding a way to bring it to the small screen. Related Stories Movies Mary Louise Weller, Actress in 'Animal House,' Dies at 79 Business Martin A. Grove, Longtime Columnist for The Hollywood Reporter, Dies at 83 After the Stephen King -scripted horror comedy anthology Creepshow (1982) became a hit at the box office, Golod approached director Romero and producer Richard P. Rubinstein with the idea of bringing the film’s sensibility to television. Rights issues prevented them from simply making a version of Creepshow , but their idea evolved into Tales From the Darkside . Romero co-wrote the pilot, “Trick or Treat,” directed by Bob Balaban, and the show played in first-run syndication for four seasons (1983-89), becoming a cult favorite and attracting stories and scripts associated with the likes of King, Harlan Ellison , Clive Barker, Robert Bloch and Michael McDowell. While reading Elliott Baker’s 1971 book, Pocock and Pitt , Golod became intrigued by a secondary character named Adderly, an intelligence operative whose injured hand had altered the course of his career. From that came the adventure series Adderly , starring Winston Rekert. Produced in Toronto in association with Orion Television, it was an early example of creating original dramatic programming in Canada at substantially lower costs when compared with Hollywood productions. It lasted two seasons (1986-88) and aired on CBS in late night and in a summer primetime run. Born in the Bronx on Dec. 26, 1938, Jerome Golod graduated from DeWitt Clinton High School and City College of New York. He began his career at the advertising agency Dancer Fitzgerald Sample and by the early 1970s was vice president and associate director of programming. He also spent three years heading a TV production company affiliated with the agency. Golod moved to CBS in 1975 as vice president of children’s programs, and he oversaw a slate that included Captain Kangaroo , CBS Children’s Film Festival , CBS Festival of Lively Arts for Young People , the news specials What’s It All About? and In the News broadcasts. Other programs introduced youngsters to the Alvin Ailey dance company and the New York Philharmonic, including programs conducted by Michael Tilson Thomas . After being given oversight of primetime variety development, Golod moved to NBC Entertainment in 1979 as vice president and national program director, where his responsibilities included daytime and children’s programming, specials, variety and West Coast late-night programming. He remained at NBC through 1980. For CBS, Golod executive produced the 1985 telefilm Brass , starring Carroll O’Connor, Lois Nettleton and Vincent Gardenia, and the 1990 telefilm Return to Green Acres , reuniting Eddie Albert and Eva Gabor with other castmembers of the 1960s sitcom. Golod later was an executive producer on the 1991 revival of Sid and Marty Krofft ’s Land of the Lost . The reimagined children’s adventure series introduced a new family of characters to the dinosaur-filled universe of the original ’70s series and ran for two seasons. Also in the ’90s, Golod was involved with the proposed Pet Television Network as co-chairman and co-owner of a cable/satellite service devoted to animal enthusiasts. In 2013, CBS Television Studios and The CW began developing a new incarnation of Tales From the Darksid e, with Golod, fellow producers Alex Kurtzman and Roberto Orci and writer Joe Hill (son of King) among those involved. A pilot was produced in 2015, but the revival did not make it to series. Survivors include his wife of 59 years, Ruth; their children, Dori and Jason; son-in-law Doug; daughter-in-law Danielle; grandchildren Gavin, Ramey, Morgan and Madison; great-grandsons Everett and Winslow; and nieces and nephews Jill, David, Elise, Renee, Celia, Ari and Ava. THR",0,2026-10-04 14:44:07
14,https://deadline.com/2026/10/page/2/,More Stories,Deadline,2026-10-01T00:00:00,7708,"Skip to main content Latest in ‘Verity’ Solid $33M+ Start; ‘Digger’ At $8M Is Tom Cruise’s Lowest Opening In 19 Years; Both Pics Get C+ CinemaScores – Box Office Update SATURDAY AM: Warner Bros’ very original, very expensive auteur feature, Digger , is filing an $8M opening, which is still the lowest for Tom Cruise since 2007’s much cheaper Lions for Lambs at $6.7M. In hindsight, Amazon MGM Studios was bold to date on top of a big budget Cruise movie with the… By Anthony D'Alessandro Oct 3, 2026 8:16 am Print Print ‘Verity’ Solid $33M+ Start; ‘Digger’ At $8M Is Tom Cruise’s Lowest Opening In 19 Years; Both Pics Get C+ CinemaScores – Box Office Update Read the full story Box Office DOJ Argues CNN & Other Outlets Can Be Banned From White House If Trump Determines They Didn’t Meet “Minimum Requirements Of Professionalism” The Justice Department argued that Donald Trump can legally ban CNN, MS NOW and Politico from the White House because he determined that they didn’t meet the “minimum requirements of professionalism.” Last month, a federal judge granted the three outlets a temporary restraining order that forced… By Ted Johnson Oct 2, 2026 9:36 pm Print Print DOJ Argues CNN & Other Outlets Can Be Banned From White House If Trump Determines They Didn’t Meet “Minimum Requirements Of Professionalism” Read the full story Business Zach Bryan Dons “Free Palestine” Shirt For Concert At Robert Kraft’s Gillette Stadium Following Robert Kraft’s campaign against Macklemore, Zach Bryan made a statement with his performance at Gillette Stadium. During Friday’s stop at the Kraft-owned venue for his With Heaven on Tour, the Grammy winner stepped onto the stage with a “Free Palestine” shirt after Kraft and other… By Glenn Garner Oct 2, 2026 8:34 pm Print Print Zach Bryan Dons “Free Palestine” Shirt For Concert At Robert Kraft’s Gillette Stadium Read the full story Music Pedro Pascal Was Surprised Tony Gilroy Made ‘Behemoth!’ “So Intimate And Healing”: “I Thought You Were Gonna Be Mean” With the world premiere of Behemoth! , Pedro Pascal is praising Tony Gilroy for the intimate drama. During a Q&A after the film’s premiere screening at the New York Film Festival, the Golden Globe-nominated actor admitted he thought Gilroy was “gonna be kinda mean” before they worked… By Glenn Garner Oct 2, 2026 7:53 pm Print Print Pedro Pascal Was Surprised Tony Gilroy Made ‘Behemoth!’ “So Intimate And Healing”: “I Thought You Were Gonna Be Mean” Read the full story Film ‘Real Time’: Bill Maher Tells New Skydance Bosses “Don’t Believe What Trump Is Tweeting About Me” As the Paramount-Warner Bros merger goes through, Bill Maher has a message for his new Skydance bosses. On Friday’s episode of Real Time , the comedian pleaded with the Ellisons not to listen to their pal Trump’s criticism of him now that they own his show’s longtime home HBO. “The merger… By Glenn Garner Oct 2, 2026 7:32 pm Print Print ‘Real Time’: Bill Maher Tells New Skydance Bosses “Don’t Believe What Trump Is Tweeting About Me” Read the full story Business Post-Merger Skydance Keeping Both HBO Max & Paramount+ Streaming Brands More indication that the newly-christened combined Paramount-Warner Bros. Discovery company would bundle the two flagship streamers, Paramount+ and HBO Max, instead of merging them into one. The video released earlier today by Paramount CEO David Ellison to announce that the new company will… By Nellie Andreeva Oct 2, 2026 5:33 pm Print Print Post-Merger Skydance Keeping Both HBO Max & Paramount+ Streaming Brands Read the full story TV Story Arc: Paramount WB October 2, 2026 Skydance Putting All 3 TV Studios Under George Cheeks: Warner Bros. TV, CBS Studios, PTVS – The… October 2, 2026 New Line Boss Richard Brener Poised To Jump To Merged Paramount-Warner Bros – The Dish October 2, 2026 James Gunn & Peter Safran To Stay At DC Studios After Paramount-Warner Bros Merger October 2, 2026 Josh Greenstein & Dana Goldberg Poised To Run Combined Paramount Warner Bros Film Unit ‘Behemoth!’ Review: Pedro Pascal Hits All The Right Notes In Tony Gilroy’s Lyrical Love Letter To The Music Of The Movies – New York Film Festival It has been 14 years since Tony Gilroy last directed a feature film, 2012’s The Bourne Legacy. Before that was Duplicity and in 2007 his sensational Oscar-nominated Michael Clayton. He has been busy though, notably the critically acclaimed TV series Ando… By Pete Hammond Oct 2, 2026 5:00 pm Print Print ‘Behemoth!’ Review: Pedro Pascal Hits All The Right Notes In Tony Gilroy’s Lyrical Love Letter To The Music Of The Movies – New York Film Festival Read the full story Film Michael De Luca & Pamela Abdy: When They Are Leaving Warner Bros & What’s Next For Them Warner Bros Motion Picture Chiefs Michael De Luca and Pamela Abdy’s last day will be Tuesday, which essentially is Day 1 of Skydance , the merged Paramount-Warner Bros company. The move ends months of speculation as to whether the duo would make the post-merger jump, given the down box office… By Anthony D'Alessandro Oct 2, 2026 4:39 pm Print Print Michael De Luca & Pamela Abdy: When They Are Leaving Warner Bros & What’s Next For Them Read the full story Film Venice Prize-Winner ‘NAZA’ Brings Explosive Gaza Exposé to U.S. Theaters – Specialty Preview NAZA , written and directed by Yuval Abraham and Rachel Szor, has started its U.S. run, playing at the IFC Center in New York since Wednesday. That followed fast on a New York Film Festival screening last weekend and a Special Jury Prize at its Venice world premiere last month with a record 25-minute s… By Jill Goldsmith Oct 2, 2026 4:15 pm Print Print Venice Prize-Winner ‘NAZA’ Brings Explosive Gaza Exposé to U.S. Theaters – Specialty Preview Read the full story Box Office Selma Blair Announces ‘Hineni’ Doc About Antisemitism After She Was “Erased” Over Islamophobic Comments More than two years later, Selma Blair is taking the fallout over her Islamophobic comments and channeling it into a documentary about antisemitism. On Thursday, the actress announced at the ADL State of the Arts Reception in New York City that she’s making a documentary entitled Hineni ( Here I… By Glenn Garner Oct 2, 2026 4:11 pm Print Print Selma Blair Announces ‘Hineni’ Doc About Antisemitism After She Was “Erased” Over Islamophobic Comments Read the full story Film Mary Louise Weller Dies: ‘Animal House’s Mandy Pepperidge Was 79 Mary Louise Weller, who played sorority girl Mandy Pepperidge in the 1978 comedy classic Animal House and had two dozen other film and TV credits, died October 1 after a brief illness — one day before her 80th birthday. Weller had played bit roles in a pair of movies and guested on TV dramas… By Erik Pedersen Oct 2, 2026 3:50 pm Print Print Mary Louise Weller Dies: ‘Animal House’s Mandy Pepperidge Was 79 Read the full story Film Montana Locals Protest Daily Wire’s Pro-ICE Production As Filming Disrupts Businesses With Apparent Dramatization Of Renée Good Shooting Daily Wire’s new pro-ICE movie production has attracted local protesters in Livingston, Montana. Filming under the working title Pawn Shop , the latest project from Ben Shapiro’s Daily Wire and Dallas Sonnier’s Bonfire Legend has upset locals — not just because of its alleged use of blank… By Glenn Garner Oct 2, 2026 3:12 pm Print Print Montana Locals Protest Daily Wire’s Pro-ICE Production As Filming Disrupts Businesses With Apparent Dramatization Of Renée Good Shooting Read the full story Film Previous page of stories Previous Next page of stories Next Sidebar Newswire PMC Deadline is a part of PMX Global, LLC, a subsidiary of Penske Media Corporation. © 2026 Deadline Hollywood, LLC. All rights reserved. Powered by WordPress.com VIP Site",0,2026-10-04 14:43:45
13,https://deadline.com/2026/08/x-men-christopher-abbott-adam-driver-1237012957/,cast as Professor X,Deadline,2026-10-01T00:00:00,870,"Skip to main content By Justin Kroll , Anthony D'Alessandro August 14, 2026 9:17pm Add us as a Google Preferred Source From left: Maya Boyd, Adam Driver, Inde Navarrette and Christopher Abbott Patrick Donovan/Michael Buckner/PMC/Gilbert Flores/PMC/Kristina Bumphrey/PMC Christopher Abbott has been tapped to play Charles Xavier aka Professor X in Marvel Studios ‘ X-Men movie. Also joining the film’s are Adam Driver , Obsession breakout Inde Navarette and & Juliet star Maya Boyd . The castings and a release date of May 5, 2028, were unveiled Friday at Disney ‘s D23 event in Anaheim. Related Stories News Meet The New ‘X-Men’: See The Actors Who’ve Been Cast & The Characters They Play News Everything We Know About Marvel’s Upcoming ‘X-Men’ Movie So Far Driver beamed in to announce that he’s playing Magneto, before pausing and adding, “No wait, Nathaniel Milbury.”",0,2026-10-04 14:43:43
