id,url,title,source,publication_date,text_length,full_text,is_duplicate,created_at
35,https://www.hollywoodreporter.com/movies/movie-news/cute-danish-drama-film-san-sebastian-festival-lyngstad-1236703340/,‘Cute’: Danish Drama Tackling Sexual Taboos Launches Trailer Ahead of San Sebastian Premiere (Exclusive),Hollywood Reporter,2026-09-16T14:00:00,2339,"× Skip to main content By Lily Ford Plus Icon Lily Ford @lilyfordtweets Follow Sign Up View All September 16, 2026 7:00am 'Cute' San Sebastian Film Festival The Hollywood Reporter can unveil the trailer for Marlene Emilie Lyngstad’s debut feature Cute , set to premiere at the San Sebastian Film Festival this week. The Danish film, a bold confrontation of sexual taboos, fetishisation and adult attraction to children, is written by Lyngstad and Emilie Koefoed Larse. It follows a man called Richard (Jan Gunnar Røise) who is troubled by forbidden feelings for his seven-year-old stepdaughter. He decides to leave his girlfriend and retreats to his childhood home to renovate it ahead of its sale, but his self-imposed exile is disrupted by the childlike presence of his mother’s caregiver, Stella. Related Stories Movies Why 'Sense and Sensibility' Star George MacKay Still Hasn't Watched Ang Lee's Oscar-Winning Classic Movies Avi Nesher on Bringing an Israeli Film to TIFF: ""You Don't Boycott the Art"" Richard soon discovers her double life as a Lolita camgirl, and the two develop a transgressive surrogate father-daughter relationship. Their constructed reality begins to unravel when the stepdaughter he left behind reaches out. The Nordisk Film Production, co-producing with Film i Väst and Amarcord, co-stars Gina Jaqueline, a social media influencer and OnlyFans creator making her feature film debut. Karin Bertling, Molly Kirk Rasmussen and Kitt Maiken Mortensen also feature. “I have accepted that I am unable to ignore the things that scare and sadden me,” said the Norwegian filmmaker Lyngstad. “This is why, through my films, I attempt to reshape apathy and melancholia into curiosity.” “Something that especially scares me is the blurred line between romantic love and fetishisation. Cute is an attempt to examine this line,” she continues. “It is a story of two people who, more than anything, long for authentic intimacy, but who can’t avoid humiliating each other in their pursuit of it.” Carl Osbæck Adelkild’s serves as producer, alongside co-producers Thomas Robsahm, Thomas Heinesen, Kristina Börjeson, Evelina Jacobsson and Johanna Bergenstråhle. Cute will premiere at the San Sebastian Film Festival on Sept. 20 in the New Directors section. The Spanish festival runs Sept. 18-26. Check out the trailer below. THR",0,2026-09-16 14:08:47
34,https://www.hollywoodreporter.com/lifestyle/shopping/olivia-jade-reformation-college-crewneck-fall-2026-campaign-1236703008/,Operation Varsity Crew: Olivia Jade Sports a College Sweatshirt in Reformation’s Subtlety-Free Fall Campaign,Hollywood Reporter,2026-09-16T14:00:00,2268,"× Skip to main content By Erin Lassner Plus Icon Erin Lassner E-Commerce Writer View All September 16, 2026 7:00am Courtesy of Reformation If you purchase an independently reviewed product or service through a link on our website, The Hollywood Reporter may receive an affiliate commission. With its classroom-set imagery, blunt website copy, back-to-school-esque styling and that heather gray “College” crewneck , Reformation’s fall campaign, Good Sport starring Olivia Jade , is laying it all out there, whether you like it or not. Debuting online on Sept. 16, the sustainable fashion brand’s seasonal edit sees the content creator and daughter of actress Lori Loughlin and fashion designer Mossimo Giannulli front and center, accompanied by a campaign description reading, “We brought her back to campus for a lesson in dressing for sport.” Related Stories Lifestyle Chopard Drafts Bella Hadid and Liu Wen for 50th Anniversary of Happy Diamonds Collection Lifestyle Parke's Internet-Famous Sweatshirts Get Fresh Shades for Fall Central to the clothing capsule is the limited-release College Crew that “suits her better than the other kind,” per Reformation’s website copy. (As mentioned, the campaign is deeply unambiguous and not at all subtle.) Olivia Jade pairs College Crew ($128) with Jill Cropped Knit Pant ($128) and Calista Flat ($328). Reformation All net proceeds from said sweatshirt will go to YES Scholars , a nonprofit with the mission to identify “high-potential students from low-income communities in Los Angeles, New York City and rural Appalachian North Carolina, and provide them with the long-term support, resources and educational access required for success through high school, college and career.” Olivia Jade wears Frances Low Rise Relaxed Pant ($218) with Barney Cotton Quarter-Zip Sweater ($198) and Kaylee Loafer ($298). Reformation Olivia Jade pairs Jonie Cashmere Oversized Scoop Neck ($398) with Veda Rory Leather Short ($398) and Kaylee Loafer ($298). Reformation Other pieces in the Fall Prep drop , all modeled by Giannulli, include midi dresses, sweaters, outerwear and a small assortment of accessories: a shoulder bag, a pair of kitten heels and an embossed leather clutch . Visit Reformation.com to see the full campaign. THR",0,2026-09-16 14:08:46
33,https://www.hollywoodreporter.com/business/business-news/bob-iger-disney-power-struggle-book-1236702290/,Unauthorized Book on Bob Iger’s Disney Power Struggle Gets Release Date (Exclusive),Hollywood Reporter,2026-09-16T14:00:00,3525,"× Skip to main content By Alex Weprin Plus Icon Alex Weprin Senior Editor alexweprin Follow Sign Up View All September 16, 2026 7:00am Wall Street Journal reporter Robbie Whelan is behind 'The House of Mouse.' Courtesy of HarperCollins An upcoming and unauthorized book about Bob Iger and his tenure atop The Walt Disney Co. has Hollywood buzzing. The book, titled The House of Mouse: Bob Iger and The War of Succession at Disney , is slated for release on Dec. 1, 2026, The Hollywood Reporter has learned, with a provocative cover design featuring a Mickey Mouse-adorned crown sitting atop a red pillow (with a conspicuous bite taken out of one of the ears). Authored by Wall Street Journal reporter Robbie Whelan, THR hears that among the topics set to be covered will be Iger’s friendship-turned-rivalry with former Marvel chief Ike Perlmutter. Iger of course orchestrated the $4 billion Marvel deal in 2009, making Perlmutter one of the company’s largest shareholders. They are said to have been close, with Iger providing notes on Marvel projects and griping about compensation issues to the comic book impresario (both topics expected to be addressed in the book). Ultimately, of course, the two would be at odds, with Perlmutter helping his friend Nelson Peltz lead an activist campaign against Disney and Iger, with the billionaire being shown the door from Disney in 2023. According to the The House of Mouse’s description from publisher HarperCollins (owned by Rupert Murdoch’s News Corp., for those wondering), Whelan’s book relies “on hundreds of interviews with key figures in Iger’s orbit and thousands of pages of documentary evidence, including sensitive corporate communications and internal memos that have never been reported before.” “Whelan unspools the tale of how Iger molded Disney so tightly in his image that he became convinced that only he could run the company,” the description continues. “Iger’s reluctance to give up control led to a decade-long, Machiavellian power struggle for which Disney executives, employees, and shareholders ultimately paid dearly.” Whelan’s book concerned Disney enough that the company is said to have hired attorney Charles Harder to push for fact-checking and details on what it contains, with speculation about who some of Whelan’s sources may be, according to Puck. “At its heart, The House of Mouse is a deeply human story about the tension between creative human endeavors and the harsh realities of running a media business in the twenty-first century, and how one man struggled—as the monarch of any great kingdom must—to balance the needs of the many constituencies who love and depend on Mickey, Minnie, and the rest of Disney’s stable of beloved stories, characters, experiences, and products,” the HarperCollins description adds. Disney, it turns out, is becoming ripe fodder for the publishing world. Former CEO Bob Chapek, who was Iger’s successor in 2020 only to be ousted two years later when Iger returned, has his own tell-all called Behind the Castle Walls , which will be released later this month. “Was he really given a fair shot or was he set up to fail? What drove his ousting and Bob Iger’s return? What happened behind the scenes at Disney during COVID, and how did those decisions impact what we see today?” Chapek’s publisher says of that book. And Iger himself is said to once again be working on another book (it would be his second after the 2019 memoir The Ride of a Lifetime ), though there is no title or release date as of yet. THR",0,2026-09-16 14:08:45
23,https://variety.com/2026/film/global/ozzy-osbourne-black-sabbath-concert-film-october-release-date-1236863996/,Ozzy Osbourne and Black Sabbath’s Final Concert Film Sets October Release Date,Variety,2026-09-16T14:00:00,3577,"Sep 16, 2026 7:00am PT Ozzy Osbourne and Black Sabbath’s Final Concert Film Sets October Release Date By K.J. Yossman Plus Icon K.J. Yossman @KJYossman Latest ‘70 Up’ Producer on How the Series Survived Six Decades and Became the ‘Definitive Longitudinal Documentary’: ‘To See a Whole Life Change in Front of You Is a Mindf—’ 23 hours ago How British Comedy Show ‘Mock the Week’ Found New Life on TLC After BBC Cancellation: ‘Absence Makes the Heart Grow Fonder’ 2 days ago ‘Sunday in the Park With George’ London Revival Canceled After Ariana Grande, Jonathan Bailey Exit 2 days ago See All Ross Halfin The long-awaited film of Ozzy Osbourne and Black Sabbath ‘s final concert has finally set a release date for later this year. The movie, now titled “Ozzy & Black Sabbath: Back to the Beginning,” will bow in theaters worldwide on Oct. 28. It is directed by Ben Wainwright-Pearce, who also helmed “Taylor Swift: The Eras Tour” for Disney+, with the press release promising a “fully immersive audio-visual experience.” Related Stories Seth Green Says He Was Never Invited Back for the Canceled 'Buffy the Vampire Slayer' Reboot Filmed just 17 days before Osbourne died , the concert in Birmingham, U.K. functioned as both a homecoming and farewell for the heavy metal legend, who performed a solo set as well as playing with original Black Sabbath members Tony Iommi, Geezer Butler and Bill Ward for the first time in 20 years. Popular on Variety “’Back to the Beginning’ came about because I asked Ozzy what would really make him happy,” Sharon Osbourne, Ozzy’s wife and manager, said in a statement. “And he said the only thing that would make him happy was if he could perform again and say goodbye to his fans. That’s all he wanted to do. He wanted to say goodbye and thank you.” Osbourne died on July 22, 2025 following a yearslong struggle with Parkinson’s disease. The concert, which was hosted by Jason Momoa, also saw an array of other metal and alternative artists performing throughout the event, including Disturbed’s David Draiman, Halestorm, Travis Barker, Steven Tyler of Aerosmith, Slayer, Pantera, Tool and Alice in Chains. 42,000 people attended the event in person at Birmingham’s Villa Park stadium on July 5 last year with another 3 million watching via a paid livestream. Tim van Someren directed the live concert, which was produced by Jim Parsons, Jamie Silk and Dan Seliger. Trafalgar Releasing are distributing the film, which was produced by Mercury Studios. Tickets are set to go on sale on Sept. 24 via backtothebeginning.com . “Ozzy Osbourne and Black Sabbath’s Back to the Beginning concert was a landmark cultural moment,” said Marc Allenby, CEO of Trafalgar Releasing. “Bringing it to cinemas worldwide is an opportunity to further cement Ozzy’s legacy and impact. We are really looking forward to giving fans around the world a chance to experience this final celebration of Ozzy and Black Sabbath together on the big screen.” Shudder Nabs U.S. Rights to ‘Bloody Tennis’ and Horror Film Grabs Buyers in Other Major Territories Ahead of Locarno World Premiere (EXCLUSIVE) ‘V/H/S/MIXTAPE’ Set at Shudder; Ninth Chapter of Horror Anthology Features RZA, Ernest Dickerson, Flying Lotus and More (EXCLUSIVE) Loading comments... More From Our Brands Rolling Stone CBGB’s Owners Are Trying to Reopen the Famous Punk Club. They’re Starting With a Festival Robb Report Tyrese Gibson and Cody Walker on Bringing the ‘Fast & Furious’ Franchise to Life With Their FuelFest Tour Sportico Do More Eligible Players Improve College Sports? The NCAA Argues No",0,2026-09-16 14:08:34
24,https://variety.com/2026/film/reviews/the-secret-lives-of-baba-segis-wives-review-1236858707/,‘The Secret Lives of Baba Segi’s Wives’ Review: A Twisty Nigerian Melodrama That Could Use More Mischief,Variety,2026-09-16T13:59:48,6766,"Sep 16, 2026 6:59am PT ‘The Secret Lives of Baba Segi’s Wives’ Review: A Twisty Nigerian Melodrama That Could Use More Mischief Filmmaker Daniel Oriahi crafts a spirited tale that refuses to trust its own welcome excesses. By Murtada Elfadl Plus Icon Murtada Elfadl Latest ‘Masc’ Review: A Sensitive Character Study Where Identity is Found in Imitation and Observation 3 days ago ‘What Will I Become?’ Review: Transmasculine Lives Take Center Stage in a Poignant Portrait of Loss 4 weeks ago ‘Bouchra’ Review: Animated Memoir Explores Diasporic Queer Identity and the Fraught Bonds Between Mothers and Daughters 3 months ago See All Courtesy of TIFF One of three Nigerian films playing at this year’s Toronto Film Festival , “The Secret Lives of Baba Segi’s Wives” immediately throws the audience into the central dilemma of its plotty narrative. In the first scene, post copulation, Baga Segi (Odunlade Adekola) demands that his fourth and youngest wife Bolanle (Omowunmi Dada) see someone about being infertile: It’s been a couple of years since their marriage and they remain childless. From here on, filmmaker Daniel Oriahi uses voiceover and flashbacks to reveal how Bolanle arrived at this moment. Related Stories Seth Green Says He Was Never Invited Back for the Canceled 'Buffy the Vampire Slayer' Reboot This is a melodrama of malicious secrets and manipulative lies that may lead to divorce, desertion and even death. If only it committed to its heightened register instead of trying to deliver a moral, almost biblical, lesson. The screenplay, adapted from Lola Shoneyin’s novel by Oriahi alongside Adze Ugah, Mo Abudu and Heidi Uys, has many themes on its mind — among them, suffocating patriarchy, gender-based societal hypocrisy, and women’s sexual pleasure (or lack thereof) in traditional Nigerian marriages. Popular on Variety Bolanle joins a household of three wives and their many children. First there’s Iya Segi (Iyabo Ojo), the authority in the house, to whom everyone except the patriarch must bow; the other women must seek her approval for their wants and needs. Second wife Iya Tope (Mercy Aigbe) is kinder and seems mostly concerned with the wellbeing of her daughters; the film and Aigbe’s performance present her as intellectually disabled, playing into the familiar “holy fool” trope. Meanwhile, third wife Iya Femi (Bimbo Ademoye) is the most cunning and ruthless in trying to defend her position within the household, playing up to Iya Segi’s schemes as her most willing conspirator. All three are immediately threatened when Baba Segi marries Bolanle, and together, they plot a series of incidents to diminish her position. Bolanle rises above it all, taking the moral high road every time. As the film keeps reminding us, she’s the most educated of the wives — a university graduate — which undermines the others’ naturally cunning ways. Still, their outlandish schemes provide levity, pushing “The Secret Lives of Baba Segi’s Wives” into welcome comic territory. Toward the end of the film, many walls of secrets come crashing down — some inexplicably so, through unprompted confessions. Those scenes play as if the screenwriters gave up on trying to resolve the twisty plot, instead just making their characters tell all, leaving the film’s denouement much less engrossing than its setup. Like the drama, the performances are heightened. At first, the three first wives appear as a sort of Greek chorus, commenting on the actions of Bolanle’s lead character. Slowly, each of their tragic stories is revealed, giving Ojo, Aigbe and Ademoye more shades to play. But they’re at their best in non-verbal scenes, with their exaggerated facial reactions to the action unspooling around them. Particularly humorous is the way they react in almost orchestrated unison at Bolanle’s wedding. In contrast, Dada is the straight woman: That her character is more realistic makes her performance more grounded, if a tad dull. As the film centers her point of view, she’s the only character keeping no secrets from the audience. Oriahi has a solid handle on all craft aspects, though only the costumes by Yolanda Okereke are particularly distinguishable — her color stories popping in almost every scene. The first three wives are dressed in the same colors at first, while Bolanle and Baba Degi appear more in tandem, evidence of who is allying themselves with whom. As the story develops, each character’s costuming grows more singular, suggesting their isolation from the others; the outfits worn by Bolanle and Iya Tope become less garish and more subdued than those of the other two wives, signifying an anchor in reality. More than any of the other elements, these costumes play at cohesion and division amongst the characters, contributing to the film’s narrative tension. But “The Secret Lives of Baba Segi’s Wives” winds up too melodramatic, even for admirers of the genre. Perhaps it could have leaned more into its comedy, but what’s most disappointing is that it undermines its own dramatic flair by ending in a place of righteous moralizing. Tragedy and punishment pile up and only those characters deemed “good” by the screenplay escape unscathed. What stays with the audience are heavy-handed moral lessons, more than an entertaining couple of hours in the cinema. ‘The Secret Lives of Baba Segi’s Wives’ Review: A Twisty Nigerian Melodrama That Could Use More Mischief Reviewed online, Sept. 9, 2026. In Toronto Film Festival (Centrepiece). Running time: 119 MIN. Production: (Nigeria) An EbonyLife Media, Nile Entertainment presentation of an EbonyLife Media production. (World sales: EbonyLife Media, Nile Entertainment, Lagos.) Producers: Mo Abudu, Heidi Uys, Chris Odeh, Mimi Bartels, James Amuta. Executive producers: Mo Abudu, Nnaeto Orazulike, Moses Babatope, Cecil Hammond, Keke Hammond, Guy Murray-Bruce. Crew: Director: Daniel Oriahi. Screenplay: Oriahi, Adze Ugah, Mo Abudu, Heidi Uys. Camera: Malcolm Mclean. Editors: Thomas Adetunji, Chinedum Iregbu. Music: Kaline Njoku. With: Odunlade Adekola, Omowunmi Dada, Iyabo Ojo, Mercy Aigbe, Bimbo Ademoye. (Yoruba, English dialogue) Music By: Kaline Njoku. ‘V/H/S/MIXTAPE’ Set at Shudder; Ninth Chapter of Horror Anthology Features RZA, Ernest Dickerson, Flying Lotus and More (EXCLUSIVE) Shudder Nabs U.S. Rights to ‘Bloody Tennis’ and Horror Film Grabs Buyers in Other Major Territories Ahead of Locarno World Premiere (EXCLUSIVE) Loading comments... More From Our Brands Rolling Stone CBGB’s Owners Are Trying to Reopen the Famous Punk Club. They’re Starting With a Festival Robb Report Tyrese Gibson and Cody Walker on Bringing the ‘Fast & Furious’ Franchise to Life With Their FuelFest Tour Sportico Do More Eligible Players Improve College Sports? The NCAA Argues No",0,2026-09-16 14:08:35
1,https://deadline.com/2026/09/two-strangers-carry-a-cake-across-new-york-broadway-closing-1237105074/,Broadway’s ‘Two Strangers (Carry A Cake Across New York)’ Sets Closing Date,Deadline,2026-09-16T13:55:37,3107,"Skip to main content By Greg Evans Greg Evans NY & Broadway Editor @GregEvans5 More Stories By Greg Judge Judy Retiring From TV Screen After 30 Years ‘Spring Awakening’ Revival Sets Principal Cast Including ‘John Proctor Is The Villain’s Amalia Yoo Rosie O’Donnell To Join Broadway’s ‘Rocky Horror Show’ As Temporary Fill-In For Rachel Dratch View All September 16, 2026 6:55am Christiani Pitts and Sam Tutty in 'Two Strangers (Carry A Cake Across New York)' Matthew Murphy Two Strangers (Carry a Cake Across New York) , the modest, two-person musical that charmed critics last season and scored eight Tony Award nominations, will play its final performance on Sunday, November 29. At the time of its closing, Two Strangers will have played 21 previews and 428 performances at the Longacre Theatre. The First National Tour of the show will launch in Providence, RI., with an expected start date in fall of 2027. Written and composed by Jim Barne and Kit Buchan, and directed and choreographed by Tim Jackson, Two Strangers stars Sam Tutty and Christiani Pitts (both Tony noninated) as two young strangers who meet when he is visiting New York (from England) for the wedding of a father he never met. Pitts plays the bride’s sister, and in opposites attract style the two bond, sometimes reluctantly, as they carry out the wedding task described in the title. Related Stories News Rosie O'Donnell To Join Broadway's 'Rocky Horror Show' As Temporary Fill-In For Rachel Dratch News 'Chicago' Sells Out With Arrival Of Ex-Cowboys Cheerleader Reece Weaver - Broadway Box Office While the musical received favorable reviews and solid word of mouth, it did not become a major hit at the box office. In recent weeks attendance at the show was typically on the lower end of the Broadway grosses roster: Last week, attendance was at 70% of capacity at the Longacre, with a middling gross of $519,236. Watch on Deadline The Broadway production, which opened November 20, 2025, followed engagements in Boston and London’s West End. The musical is produced on Broadway by Kevin McCollum, Tim Johanson, Glass Half Full Productions, and Jamie Wilson Productions. They are joined by producers Clemmie Forfar, Oliver Mackwood, Lucas McMahon, Evan McGill, Dennis Trunfio, Abrams Corr Riemer Productions, Marc David Levine & Stephen S. Miller, Laura Lonergan, James L. Nederlander, Michael Patrick & Paul Gavriani, Merrie L. Davis, Tony Spinosa & Barbara Gallay, Walport Productions, Agrawal & PBT, JKDNV Productions, Aleff & Nothing Ventured, Flatto Turchin, Pam & Stephen Della Pietra, Nicole Eisenberg, Willette & Manny Klausner, Liddell Shilaimon, John Voege, Cecilia Lin, Wanyue Jie, Kevin Shen, We Believe, The Transatlantic Alliance, IPN, Oki Wallace-Phoebe, Victoria Weinberg, and Laurie Tisch & Greg Field. TV Ratings, Review, Winners, Snubs & Surprises, Scorecards; More Casey Bloys Celebrates HBO’s 21 Emmy Wins, Gives Updates On 2027 Slate Trump’s DOJ Backs Company In Battle Over Antitrust Suit’s $1.88B Bond Robert De Niro In Talks To Play Tommy Lasorda In Skydance Sports’ ‘Tommy & Me’ Read More About: Comments",0,2026-09-16 14:08:09
25,https://variety.com/2026/film/global/vatican-submit-film-oscar-consideration-1236864011/,"Vatican to Submit a Film for Oscar Consideration, Making Academy Awards History (EXCLUSIVE)",Variety,2026-09-16T13:39:30,4741,"Sep 16, 2026 6:39am PT Vatican to Submit a Film for Oscar Consideration, Making Academy Awards History (EXCLUSIVE) By Nick Vivarelli Plus Icon Nick Vivarelli International Correspondent @NickVivarelli Latest Israeli Filmmakers Among 1,500 Names to Sign Petition Defending ‘NAZA’ Directors After Their Citizenship Is Threatened Over Gaza Doc 23 hours ago ‘Gomorrah’ Writer Maddalena Ravagli to Make Directorial Debut With Sicily-Set ‘The Place of Eternal Summer’ (EXCLUSIVE) 1 day ago Javier Bardem to Be Honored by Rome Film Festival With Lifetime Achievement Award 2 days ago See All Courtesy 49GlobalMedia The Vatican is set to submit a film for Oscar consideration for the first time in the 97-year history of the Academy Awards. “Green Lava,” an inspirational Vatican-produced documentary short featuring a young Italian man named Giacomo Mattivi who lives with Duchenne Muscular Dystrophy, will premiere this week in Los Angeles as a preamble to being submitted for Oscar consideration in the best documentary short film category. Related Stories Seth Green Says He Was Never Invited Back for the Canceled 'Buffy the Vampire Slayer' Reboot “Green Lava” will screen Sept. 18-24 at the Lumiere Music Hall in Beverly Hills. Following its theatrical run, the production team will complete the paperwork to submit it for Oscar consideration, according to a publicist for the film. Popular on Variety The submission would mark the first time a film produced by the Vatican will be in the running for the Academy Awards. That said, the film will not specifically represent the Vatican in the race. Unlike the international feature film category, short films do not need an official submission or endorsement from a national government or a country-specific committee. “Green Lava,” which is directed by Lia Beltrami and Ali Aksu, follows Giacomo “as he faces life without his brother Mattia who has just succumbed to Duchenne,” says the film’s synopsis. “Defying societal expectations, Giacomo challenges the limitations imposed by his condition and finds strength in his community and in the natural world that surrounds him.” The 39-minute film, which is set against the breathtaking backdrop of the Dolomites, is described in promotional materials as “a poignant meditation on independence, the human spirit and the transformative power of community in the face of adversity.” “Giacomo’s story deserves to be known by everyone, and that is why we are delighted about the opportunity to include ‘Green Lava’ in the Oscar submission process,” said Paolo Ruffini, who heads the Vatican’s Dicastery for Communication — which is the office that controls the Vatican’s television, radio, online, publishing and newspaper operations — in a statement for Variety. Ruffini praised “Green Lava” for being “a story that is a celebration of life and friendship,” noting that it “teaches us the richness that the lives of people marked by illness can bear witness to and offer, as well as the vitality they can bring to the relationships around them.” Director-producer Beltrami’s company Emotions to Generate Change produced “Green Lava” in collaboration with Vatican News, Radio Vaticana and Vatican Media. “I live in the same village as Giacomo and his family,” Beltrami said in a statement. “The people who live in the Dolomites, the mountains, are very special people who care and tend to their families and their communities.” She added, “It is beautiful to see in today’s world that the community has rallied around Giacomo, they treat him automatically with kindness and inclusion. It is my hope that the world will see this film and be inspired to be like the people of the mountains.” Giacomo Mattivi in “Green Lava.” Courtesy 49GlobalMedia ‘White Lotus’ Swaps the Palais for a Castle: Season 4 Cast Laura Dern, AJ Michalka and Marissa Long Drop by Disneyland Paris Disney’s ‘Hexed’ Adds Walton Goggins and Jodie Foster to Cast Bob Iger Gets All-Star Send-Off From Robert Downey Jr., Harrison Ford and New CEO Josh D’Amaro at D23 Disney Legends Ceremony Disney Is Launching a Romantasy Series Debuting on Webtoon as Webcomics Inspired by Movies Including ‘Beauty and the Beast’ ‘Disney Dreamlight Valley’ Reveals Details on Next Expansion, Including Oogie Boogie, Lilo, Hannah Montana and More ‘Kingdom Hearts’ Anime Series Based on Video Game Set for Disney+ and Disney Channel Loading comments... More From Our Brands Rolling Stone Edgar Barrera, Karol G, Rosalía Lead Latin Grammy Nominations Robb Report A Modern Maisonette on the Athens Riviera Just Hit the Market for $7.8 Million Sportico Do More Eligible Players Improve College Sports? The NCAA Argues No WWD Quick Takes From the Spring 2027 Luxury and Alternative Collections at NYFW",0,2026-09-16 14:08:36
36,https://www.hollywoodreporter.com/lifestyle/arts/two-strangers-carry-cake-across-new-york-broadway-closing-1236703381/,‘Two Strangers (Carry a Cake Across New York)’ Sets Broadway Closing Date,Hollywood Reporter,2026-09-16T13:35:25,1977,"× Skip to main content By Caitlin Huston Plus Icon Caitlin Huston Business Writer hustonca Follow Sign Up View All September 16, 2026 6:35am Christiani Pitts and Sam Tutty in 'Two Strangers (Carry a Cake Across New York).' Matthew Murphy Two Strangers (Carry a Cake Across New York) will play its final performance Nov. 29 after one year on Broadway . The two-hander musical, about a British man enthusiastically visiting New York for the first time and connecting with a cynical New Yorker, opened at the Longacre Theatre on Nov. 20, 2025, after runs in Boston and London’s West End. Sam Tutty and Christiani Pitts have starred in the show throughout its Broadway run. The closure of the show comes as gross and attendance for the show have been trending down over the last several months, with the show recently reporting 70 percent capacity and grosses around or under $500,000. The musical was nominated for eight Tony Awards, including best musical and nods for Tutty and Pitts, but did not take home any trophies. The show was written and composed by Jim Barne and Kit Buchan, and directed and choreographed by Tony Award nominee Tim Jackson. The first national tour of the show will launch in Providence, Rhode Island in fall 2027. The musical is produced on Broadway by Kevin McCollum ( Six , Oh, Mary! ), Tim Johanson, Glass Half Full Productions, and Jamie Wilson Productions. “ Two Strangers (Carry a Cake Across New York) is an incredibly special, original piece of storytelling, and an unabashed love letter to New York City,” said the producers. “Bringing this show to Broadway was a leap of faith, and audiences met us with open arms. We’re forever grateful to Tim, Kit, Jim, and the entire creative team for their beautiful work, and to the extraordinary cast – led by Christiani & Sam – and crew, for carrying the cake every night at the Longacre. We cannot wait to tour this spectacular production across the country next year on its first national tour.” THR",0,2026-09-16 14:08:48
37,https://www.hollywoodreporter.com/music/music-news/2026-latin-grammy-nominations-list-1236702995/,"Latin Grammy Nominations 2026: Karol G, Rosalia, Jorge Drexler, Ca7riel & Paco Amoroso Lead with 7",Hollywood Reporter,2026-09-16T13:31:00,3327,"× Skip to main content By Ethan Millman Plus Icon Ethan Millman Music Editor View All September 16, 2026 6:31am Karol G accepts the Song Of The Year award for ""Si Antes Te Hubiera Conocido"" onstage during the 26th Annual Latin Grammy Awards at the MGM Grand Garden Arena on November 13, 2025 in Las Vegas, Nevada. Kevin Winter/Getty Images for The Latin Recording Academy The nominations for the 2026 Latin Grammy Awards are here, and it’s a four way tie for the lead among artists as Karol G , Rosalia , Jorge Drexler and Ca7riel & Paco Amoroso all earned seven. All four acts received nominations in the major three record of the year, album of the year and song of the year categories. Karol G, who made history earlier this year as the first Latina artist to headline Coachella, is up for record and song of the year with “Coleccionando Heridas,” while she’s up for album of the year with Tropicoqueta . Rosalia’s “La Perla” is up for record and song, while her lauded Lux is up for album. Related Stories Music Karol G Brings Vibrant Vibes to Los Angeles With Her Viajando Por El Mundo Tropitour Music Rosalía Brings Her Breathtaking and Cinematic Lux Tour to Los Angeles When including non-performing producers and songwriters, perennial hitmaker Edgar Barrera was the top nominee overall with 10. Ca7riel & Paco Amoroso, who earned 10 nominations heading into last year’s awards, are up for album of the year with Free Spirts , record of the year for “Ha Ha” and song of the year with “Hasta Jesus Tuvo Un Mal Dia. Jorge Drexler, the 16-time Latin Grammy winner, is up for album of the year with Taracá , record and sonf of the year for “¿Cómo se ama?” Outside of the top four, the rest of this year’s album of the year race includes Anitta’s Equilibrium, Silvana Estrada’s Vendrán Suaves Lluvias, Mon Laferte’s Femme Fatale , Carin Leon’s Muda , Milo J’s La Vida Era Más Corta and Rawayana’s ¿Dónde Es El After? In the record of the year race, the rest of the field is Estrada’s “Dime” Loulu Gilberto’s “O Amor Nos Encontrou, Laferte’s “Femme Fatale,” “Desde Que Te Tengo,” Milo’s “Niño” and Elena Rose’s “Alma.” For song of the year, the other nominees are “Dime,” “Femme Fatale,” Juanes and Vivir Quintana’s “Humano,” Santana and Becky G’s “Mi Gran Amor,” Zanna’s Nilo” and Milo’s “Solifican12.” Rounding out the general categories, this year’s best new artist class is made up of Delilah, Fabian, Loulu Gilberto, Arath Herce, Macario Martínez, maye, Sofia Monroy, Kendall Peña, Dora Sanches, Aria Vega and Zeca Veloso. Below the four leading artists, Estrada and Laferte both earned six nominations, while Milo J got five. “We are honored to present this year’s nominees for the 27th Annual Latin GRAMMY Awards,” Manuel Abud, CEO of The Latin Recording Academy, said in a statement on Wednesday. “These artists reflect the extraordinary diversity and constant evolution of Latin music, and our Academy continues to evolve in response to this dynamic, creative landscape. At the heart of our Awards Process are our members, whose participation and expertise ensure that the Latin GRAMMY remains the benchmark for excellence in Latin music.” With the nominees announced, voting will begin on October 1. The awards themselves will take place at the MGM Garden Grand Garden Arena on November 12, airing on Univision. THR",0,2026-09-16 14:08:49
2,https://deadline.com/2026/09/judge-judy-retiring-1237105070/,Judge Judy Retiring From TV Screen After 30 Years,Deadline,2026-09-16T13:30:47,2701,"Skip to main content By Greg Evans Greg Evans NY & Broadway Editor @GregEvans5 More Stories By Greg Judge Judy Retiring From TV Screen After 30 Years ‘Spring Awakening’ Revival Sets Principal Cast Including ‘John Proctor Is The Villain’s Amalia Yoo Rosie O’Donnell To Join Broadway’s ‘Rocky Horror Show’ As Temporary Fill-In For Rachel Dratch View All September 16, 2026 6:30am Judge Judy Sheindlin in 'Justice on Trial' Prime Video Judith B. Sheindlin – Judge Judy to millions – announced this morning that she is retiring “from in front of the camera” after 30 years of passing judgements that were often caustic, usually funny and always final. Appearing on ABC’s Good Morning America today with her son Adam Levy, lawyer and now presiding judge of TV’s new Adam’s Law show, Sheindlin said she is stepping away from her own show to focus on behind-the-scenes work including her position as executive producer of her son’s program. “I’m retiring from in front of the camera,” Sheindlin said. Asked by GMA hosts Lara Spencer and Sam Champion why now, Sheindlin said, “First of all, he was ready,” referring to her son. Related Stories News 'Judge Judy' Celebrates 30th Anniversary In CBS Primetime Special With Steven Spielberg, Samuel L. Jackson & More News 'Drew Barrymore Show', Judy Sheindlin's New 'Adam's Law', 'Hot Bench' & More Get Fall Premiere Dates “And, you know,” she continued, “I’ve aged pretty well over the years, reasonably – I look better than my grandmother did at my age, which didn’t take a lot – but it’s time for me to…take the message and put it in a little bit of a different form.” Watch on Deadline Sheindlin emphasized that she wasn’t retiring completely and would remain active in an off-screen manner. Levy’s program Adam’s Law was created by Sheindlin and premiered September 14 in national syndication through CBS Media Ventures. Sheindlin’s original program, Judge Judy , premiered in 1996 and stopped filming new episodes in 2021 (though reruns remain in syndication and on streaming networks such as Pluto TV.) Her follow-up series, the Amazon Prime spinoff Judy Justice , is expected to air its final episode on October 22, according to The New York Times. A 90-minute 30-year anniversary special, Judge Judy: Unfiltered, Unforgettable , will air on Tuesday, September 22 (8-9:30 p.m. ET/PT) on CBS and stream live on Paramount+ (Premium) and next day. TV Ratings, Review, Winners, Snubs & Surprises, Scorecards; More Casey Bloys Celebrates HBO’s 21 Emmy Wins, Gives Updates On 2027 Slate Trump’s DOJ Backs Company In Battle Over Antitrust Suit’s $1.88B Bond Robert De Niro In Talks To Play Tommy Lasorda In Skydance Sports’ ‘Tommy & Me’ Read More About: Comments",0,2026-09-16 14:08:10
38,https://www.hollywoodreporter.com/movies/movie-features/na-hong-jin-interview-hope-sequel-plans-1236703204/,Korean Director Na Hong-jin on the Meaning Behind ‘Hope’ and His Sequel Plans: “Don’t Be Surprised If He Crosses Over to the North”,Hollywood Reporter,2026-09-16T13:30:00,15409,"× Skip to main content Hwang Jung-min and Hoyeon in 'Hope' Neon It’s an irresistible film-nerd conceit: What would such-and-such franchise movie look like if it were directed by an arthouse auteur renowned for their singular, uncompromising vision? Say, for example, that Lars von Trier took the helm of the next Avengers movie, David Cronenberg directed Jurassic World 5 , or Wes Anderson was inexplicably brought on board for reshoots of Fast & Furious 11 . Catnip for film-geek conversation, but rarely does a movie arrive that approximates an answer. Hope , it doesn’t feel unfair to suggest, actually sort of does. This, at last, is Avatar if it were directed by South Korean maestro Na Hong-jin — the current standard-bearer for his country’s rich tradition of wildly entertaining genre cinema suffused with a sicko, trauma-tinged streak. Related Stories Movies Oscars: Spain Picks 'La Bola Negra' for Best International Feature Film Race TV 'Pride and Prejudice' Premiere Date Set at Netflix, Full Cast Photos Unveiled The 52-year-old writer-director is beloved by both arthouse fans and action aficionados thanks to a trio of unforgettable genre vehicles: the relentlessly brutal crime thrillers The Chaser (2008) and The Yellow Sea (2010), and the supernatural horror sensation The Wailing (2016). Hope , which landed in North American cinemas on Sept. 9 courtesy of Neon , shares many elements with those earlier works: characters who are lovably earthy one moment and gleefully grotesque the next, relentlessly kinetic action sequences, Na’s signature vice-grip over pacing and tone, and an above-average deployment of profanity (“ssibal,” the Korean word for “fuck,” is shouted 137 times in the film, according to a fan count widely circulated online). But it also boasts a soaring, multi-film story involving humanity’s first, hubristic brush with an enlightened race of blue-green aliens, creatures created via motion capture and lavish CGI. It’s by far Na’s most multiplex-friendly movie, but it also refuses to conform to standard tentpole storytelling conventions. Unsurprisingly, this cocktail has proved divisive. Hope premiered at the Cannes Film Festival in May, drawing a six-minute standing ovation but a sharply divided critical reaction. Some, such as The Hollywood Reporter ‘s lead critic, hailed Hope as a “rip-roaring sci-fi creature feature” that “has instant cult classic written all over it.” Others — and there were more than a few — bemoaned the story’s 160-minute runtime and CGI work that betrayed a budget stretched a bit beyond its max. Set in the fictional border town of Hope Harbor near the Korean Demilitarized Zone, Hope follows put-upon police chief Bum-seok (the versatile Korean action star Hwang Jung-min) and his bad-ass female deputy Sung-ae ( Squid Game ’s Hoyeon) as they frantically hunt an enormous mystery creature that has begun rampaging through their village. A band of local hunters, led by the charismatic Sung-ki (Zo In-sung), soon join the chase and track the beast into a nearby forest. There, the discovery of a spacecraft and additional extraterrestrials transforms their chase into a simple struggle for survival, as what began as a series of understandable misjudgments spirals into a tragedy of cosmic scale. Na conceived Hope as the first chapter of a potential franchise. The film earned a healthy $36 million at home in South Korea over the summer, and brought in just over $5 million during its first extended weekend in North America. Rollouts in other markets around the world are now underway. THR recently sat down with Na at his office in Seoul to discuss his unconventional creative process, the timely message he embedded at the heart of the action spectacle, and where he plans to take the Hope saga in part two. Let’s start by talking about the creative origins of Hope . How did you get started on this story? Well, I don’t hang out with other filmmakers or people in the industry much. What I like to do is go to places that are unfamiliar to me, to meet new people, and then try things with them that I’ve never done before. In other words, I try to seek out new worlds to enter. As I’m trying to adapt to that kind of unfamiliarity, that’s where the stories I want to tell naturally come about. My films have all come from the things I learn and feel when I’m getting to know new people in totally unfamiliar situations. How did this film emerge from that process? Well, where ideas come from is always complex. But you may remember the character of Yang-bae from Hope ? (Yang-bae, played by Eum Moon-suk, is a dimwitted carpenter and taxidermy enthusiast whose clueless, greedy actions, we learn midway through the story, are responsible for setting the movie’s conflict in motion.) He’s named after a real guy I met. I have a house in Sokcho, which is a mid-sized fishing town on the east coast of Korea. I go there when I want to hide away and write. Usually, I keep to myself, but I met this guy, Yang-bae, around town. He was crazy about fishing and invited me to go fishing with him and his friends. We ended up spending a lot of time together and became quite close, going out eating and drinking. Yang-bae is the kind of person most people would call a lowlife. I would never end up spending time with a group like his in Seoul. But I learned a lot from him and his friends. He would do slimy things — like sometimes he would bring a bunch of brand-new fishing gear to sell to the group. It was unclear where or how he got it, but he was definitely selling it to his friends for a profit. Other times, he’d get everyone to pitch in on something, or split a bill, and I was certain he was taking a hefty margin. But at the same time, he was kind of the heart of the group. So I found myself observing him and thinking, is this a good or bad man? And there wasn’t really a simple answer. So, it wasn’t exactly a straight line, but I got this idea that I wanted to make a very entertaining action movie related to the notion that our biggest human conflicts usually have very little to do with whether the individuals are good or bad people. Conflicts and tragedies are almost always the result of carelessness or accidents that spiral totally out of control. And once it becomes “us versus them,” your perspective is trapped on one side or the other. I wanted to make an action movie that gives you a three-dimensional point of view on this very human problem. Did your fisherman buddies know who you are and what you do? No, they have no idea who I am. Honestly, it didn’t even really come up. They probably just thought I was another jobless bum. I definitely would never tell those guys where my house is — that would be asking for trouble. (Laughs) I consider them friends, though. Hwang Jung-min in Hope . Neon Okay, so you had this loose theme for an entertaining action film. How did you get from there to aliens? I wanted to tell a story that was as simple as possible, and in order to do that, I needed a very stark contrast. I wanted it to be about people who live in a very small village, who have a strong sense of unity and solidarity. And I wanted a very stark contrast between them and the “others” who invade their world — and eventually, the natural thought was actual aliens. The us-versus-them problem is a deeply human flaw — it’s a failing of human nature that we should be constantly aware of — so it was advantageous to have a completely other species to bring it into focus. I thought it would be fun to explore the notion that these creatures whom the humans are haplessly attacking are actually extremely noble beings from an unfathomable world. I wanted to create an almost fairy-tale structure, even though we start by filming from a human-eye view. A lot of international viewers will probably wonder whether the film is a loose allegory about the divided Korean Peninsula. I suspected that your intentions might be broader than that, though. Yeah, sure, you can view it with that interpretation. But the film’s structure, or message, could be applied to pretty much any societal conflict. The main reason I initially set the film near the demilitarized zone was more practical. [South Korea] is a very small country. If you want to tell a story in a truly remote, isolated place, that’s very hard to find here. But I needed a setting like that for the plot and action to work, and you have to go near the DMZ to find that much open space. As I was developing the story, it got longer, and I realized I would need at least a sequel, or maybe three films, to tell the whole thing. The first film takes place entirely in the daylight, but the sun is setting as we get to the end, right? Well, this is a bit of a preview, but when night comes in part two, military backup is going to arrive. Our main character, Bum-seok, he’s limping quite badly, but he’s still alive and in the fight, right? Don’t be surprised if he crosses over to the North… Oh wow, we need to see this! So, one of the things I found most impressive about Hope was how you introduce the film’s narrative complexity right in the middle of the action sequences. In any traditional chase scene, a clear understanding of hero and villain propels the action forward. But in this film, you’re constantly blurring those lines right in the midst of the melee. I can’t recall watching such visceral chase sequences where I’m simultaneously starting to question who I’m even rooting for. How did you pull this off? That was exactly the goal. Everything was really designed with that goal in mind. Without it, the chases wouldn’t need to be so long. I could have explored this through the dialog or other means, but to show that tragic dynamic via the violence and the way the two sides actually fight — it just felt more suitable, somehow. In the last chase, for example, you see this alien coming after the humans, and he’s relentless, but he’s also exhausted. In that dynamic scene, I wanted the audience to say to themselves, that’s a scary being and it’s obviously the antagonist, but why do I feel kind of sorry for him? Why does part of me want him to catch them? In a related way, once I came to understand the alien characters more by the end, it started to feel like we’ve actually been viewing the humans somewhat from their point of view all along. There’s obvious affection for the villagers’ earthy simplicity, but also a palpable sense of disgust — in the way they eat and conduct their various business. That’s exactly right. You know, when you think about it, human beings — we eat, we conduct a series of either meaningful or meaningless actions, and then we defecate. We like to think that we are part of high-minded, solidarity-driven organizations — whether nations or smaller structures — but I wanted to explore the fact that we are rarely noble. We are not superior to any other kind of being. We’re just not. These moments get interpreted as humor, but for me, it’s more like I’m poking fun, or even ridiculing, humanity. Hope has proved surprisingly divisive. At the Cannes Film Festival — a crowd of critics and hardcore cinephiles — the response was sharply divided, which is very rare these days. Some saw it as an instant cult classic; others felt it was overlong and that the VFX were undercooked. I understand it was similarly divisive in Korea. How do you account for this? Well, I think it’s pretty simple: We just didn’t have enough time and money. We knew the odds were against us. This is the first time a Korean production has attempted a spectacle of this scale. Audiences everywhere are accustomed to Hollywood blockbusters, and there’s a huge gap between the resources those filmmakers have at their disposal and what we can pull together in Korea. I can say that this was a hugely challenging feat, and we did our absolute best. For me, the quality we pulled off is high enough for audiences to fully feel and understand the film as I intended. But I understand that might not be the case for everyone. We really came up against the technical and financial limits of what’s possible in Korea. Hope Neon Tell me about working with your cinematographer, Hong Kyung-pyo (the celebrated DP behind Save the Green Planet! , The Wailing , Parasite , Burning, and more). I know he’s regarded as something of a legend in the Korean industry, and there is so much stunning camerawork in this film — the beautiful natural light; that incredibly cool effect when a car whips around a corner and the camera slingshots away from it. Before I met Hong Kyung-pyo, I always thought that one day I would also do my own cinematography. When I met him, I dropped that idea right away. I think he’s a complete genius. He’s very animalistic and instinctive, and when it comes to positioning the camera, everything just comes naturally to him. And as you said, in terms of capturing natural light, I think he has no competition. He is an absolute beast. When he proposed a wide lens with near 360-degree panning, we all said yes and wanted to cooperate immediately. That would mean finding a place to conceal our crew of 300 people — not an easy feat in these locations! — but we all gladly accepted the challenge because of how much respect we have for him, and because we knew the results would be worth it. Disaster films often tap into generational anxieties. Obviously, people are feeling pretty ill at ease, lately. No matter where you’re from, there’s a sense in the air that the world may be tipping towards truly dark times. Do you think Hope , with all the irony of that title, was born of this anxiety? Of course. I started writing Hope in 2018, around the time of the Pyeongchang Winter Olympics. You might not remember, but some U.S. aircraft flew unusually close to Pyongyang and Trump was threatening a full-scale attack. There was a lot of concern and speculation about the possibility of imminent war on the Korean Peninsula — similar to what ended up unfolding in Iran. Tensions and anxiety here were really heightened. So, I do believe those events may have led to the creation of this story. And look what has happened around the world since. Every one of these ongoing conflicts is a tragedy— and every one of them is a total human folly. Did any of this violence need to go this far? Of course not. My film is a piece of entertainment, but it’s also a story that asks the question: Where should we look to, or how can we live so that humanity’s pitiful cycles of violence will finally stop? Naturally, that makes me very curious about where the story is headed in part two. I don’t expect you to tell me how you plan to end the franchise, but how confident are you that you’ll be able to finish it? Well, two entities have told me that they think the sequel has to be made and that they’re willing to finance it. Having said that, nothing is concrete just yet. But the talks so far are very encouraging. The question I’m asking myself is whether the sequel should be my next project, or if I should do something else in between. Because when I was shooting Hope , I was already birthing the idea for a new film that’s very dark — a story filled with the stench of blood. Making Hope took a long time, and I started thinking that I’ve been standing in the sunlight a little too long. The whole Hope story is about goodness, and I can feel the darkness calling to me. We’ll see what happens. THR",0,2026-09-16 14:08:51
26,https://variety.com/2026/tv/markets-festivals/canadian-animated-series-cartoon-forum-telefilm-cmf-sodec-1236859031/,Upcoming Canadian Animated Series Shine At Cartoon Forum 2026,Variety,2026-09-16T13:19:47,11425,"Sep 16, 2026 6:19am PT Upcoming Canadian Animated Series Shine At Cartoon Forum 2026 From stop-motion doggies to globe-trotting eco-conscious teens, Canadian producers captivated animation industry professionals gathered at the major European co-production event By Kevin Giraud Plus Icon Kevin Giraud Latest Heartfelt, Rare Animated Belgian Feature ‘Juul’ Headlines Studio 100 Film’s Expanding Slate at TIFF Market 2 days ago Underwater Life Breaks New Comedy Ground in ‘Submarine Jim,’ Xilam’s Latest Animated IP 6 days ago Magic Meets Mystery-Solving Trio in Mediawan’s Latest Hit, ‘Witch Detectives’ 6 days ago See All From left to right: 'Miss Tzatzikis' Classrom Mysteries,' 'Algorythm,' 'Alien Book Club', 'Labradoodles,' 'Semanka,' 'El Kapoutchi,' Courtesy of Cartoon Forum Less than two months after part stealing the spotlight in Annecy , Canadian producers, broadcasters, investors and institutional execs crossed the Atlantic once more to showcase the wide range of talents the Quebec-Canada animation industry has to offer. At the 37th edition of Cartoon Forum , Europe’s main co-production event for animated TV series once again hosted in France’s beautiful southern sunlit city of Toulouse, government funding agencies Telefilm Canada and Quebec’s SODEC , along with the Canada Media Fund (CMF) brought for the first time ever a carefully curated selection of six Quebec-Canada projects to the forefront, offering a unique platform for visibility, exchange, and co-production opportunities within the European animation industry. Related Stories Seth Green Says He Was Never Invited Back for the Canceled 'Buffy the Vampire Slayer' Reboot With projects returning from Annecy and brand-new pitches presented for the first time to a panel of worldwide investors, this dedicated session of six pitches is designed to connect creators, producers, broadcasters around the diversity of Quebec-Canada animation, opening new pathways for collaboration in an ever-more contracting global market. Popular on Variety Around this dedicated pitching session, Variety spoke with the teams of this rich, diverse panel of animated series in the making. Algorythm Producer: Extérieur Jour (Quebec-Canada) Co-producer(s): Couleur.tv (Quebec-Canada), Zeilt Production (Luxemburg) Director: Francis Gélinas Format: 26 x 5 minutes Technique: 2D, 3D Computer & Cut-out Algorythm is the name of Yasmina’s “YourTube” channel. As the most sparkling vlogger in the entire metaverse, she uses her virtual reality headset to infiltrate the Internet and talk about digital literacy. “But our protagonist Yas is not a teacher lecturing kids,” adds Elodie Pollet, producer at Extérieur Jour. “She’s one of them, and while figuring out in real time how to adapt, and build critical thinking about how children aged 9 to 13 use the internet and social media, she dives deep into digital literacy topics that are very relevant today.” Already presented in Annecy back in 2024, “Algorythm” is now in advanced development, with a teaser and a pilot episode completed in both English and French, shares Pollet. “At Cartoon Forum, we’re specifically looking to connect with an English-Canadian broadcaster, international broadcasters, and a sales agent to handle international distribution.” At this stage, Canadian broadcasters Radio-Canada and TFO have already boarded the project, and Quebec actress Mélissa Bédard is confirmed as lead voice cast. Alien Book Club Producers: Big Bad Boo Studios (Canada), Beakus (UK) Director: Shabnam Rezaei Format: 39 x 7 minutes Technique: 2D Computer Pitching for the very first time her project, director-producer Shabnam Rezaei brings “Alien Book Club” to Cartoon Forum. In her brand new upper-preschool TV series, five extraordinary aliens jump into classic stories to learn something about themselves in a huge space-age library. Because in the Intergalatic Library Bus, there’s a book and a story for everyone. “Preschoolers first fall in love with characters on the screen,” explains Rezaei, “then they imitate them. Austen, Shirl, Rumi, and the rest of our giggly aliens love to read and so with ‘Alien Book Club,’ we hope to turn our viewers into proud readers, as they become cool members of a very important club. “ It’s that premise that also appealed to Steve Smith, producer at Beakus. “Our project is a joyful celebration of books that helps children around the world fall in love with reading, with plenty of silliness along the way. With human-made animation, crafted with real care for global audiences of young readers.” At Cartoon Forum, the team is looking for co-production partners, broadcasters, streaming platforms, and investors, with CMF development backup and early interest from several public U.S. broadcasters. El Kapoutchi, the King of Villains Producer: Punch! Animation (Quebec – Canada) Director: Sylvain Lavoie Format: 26 x 7 minutes Technique: Cut-out In the town of Harmony, people share common qualities such as kindness, honesty or a sense of happiness… and El Kapoutchi hates it! A passionate and eccentric inventor, he uses his bubbling imagination to bring trouble to the quiet, peaceful town. And in his endeavor, he faces kids, who, unfortunately for him, aren’t as naive as their parents. Often craftier than the ultimate villain, they use their creativity and resourcefulness to trick him into falling victim to his own traps. An adaptation of the CBC/Radio Canada eponymous podcast by Alexandre Courteau and Pascale Richard, “El Kapoutchi” is brought to Cartoon Forum by Benoit Godbout, Sylvain Lavoie and Julie Mongeau, the trio behind Punch! Animation, who each bring their own expertise to the joint project and the company. Miss Tzatziki’s Classroom Mysteries Producer: Happy Camper Média (Quebec Canada) Director: TBC Format: 26 x 11 minutes Technique: 2D Computer In Miss Tzatziki’s Class Mysteries, everyday school life turns into thrilling cases, as four quick witted-friends try to solve the baffling mysteries of stolen sandwiches, a missing hamster, a suspicious fire alarm, and more. Blending humor, suspense and school-life situations, each episode of “Miss Tzatziki” (adapted from Patrick Doyon and André Marois’ graphic novel “The Sandwich Thief”) invites young viewers to step into the investigation, solving the case alongside the characters. “The show playfully brings the conventions of classic crime fiction into stories inspired by children’s everyday lives,” explain producers Solen Labie Trépanier and Renaud Sylvain. “Drawing on more than 15 years of the creator’s encounters with students in schools, the series turns everyday school mysteries into full-fledged investigations. The result is a funny, familiar, and distinctive world, built around universal storytelling codes that can engage both children and adults.” Radio-Canada commissioned the series, which makes its pitching debut here at Cartoon Forum. The teams are looking for broadcasters, co-production partners as well as international distribution for the series. Semanka Producer: Chrystelle Maechler Productions (Canada) Creator/Director : Chrystelle Maechler Format: 13x 11 minutes Technique: 3D Computer Returning after a successful broadcaster (TFO) / producer pitch in Annecy , “Semanka” is now building up around its IP, with CMF grants to develop a video game concept, while Maechler also received funding to develop the first draft of a book centered around these characters. “Both of these fundings send a strong signal of the franchise potential of a world that extends well beyond the screen,” adds the producer/creator of “Semanka.” “This story was born from my own mixed-race and globe-spanning family, spread across Canada, Madagascar, France, Germany, and Australia,” she continues. “Moreover, it was born out of love for my nephews, so entertainment comes first, but woven into the adventure are things I care deeply about: family ties, that sense of belonging that exists beyond distance, whether geographical or emotional.” Diversity is also a major theme in “Semanka,” a show crafted to encourage kids to build their own confidence and learn to love what might seem like quirks in themselves and others. And through its narrative, Maechler also underlines the need for protecting our nature. “Saving plants and seeds has never felt more urgent, with rising temperatures and conflicts reshaping our world. But those messages don’t need to be heavy. We trust kids’ intelligence and let them draw their own meaning from this adventure, with laughter and lightness.” Attending Cartoon Forum from end to end, Maechler seeks the right European partners (co-producers, studios, broadcasters, streamers, distributors, sales agents) to help bring “Semanka” to life worldwide, on screen and beyond. The Labradoodles Producer: Imagine Create Media (Canada) Director: Tara Hungerford, Eric Hogan Format: 10 x 22 minutes Technique: Stop-motion “The Labradoodles,” one of the few stop-motion series presented at Cartoon Forum, tells the tale of a loving family caught in the whirlwind of everyday modern life. Roger and Kate, a slowly drifting apart couple juggle work while their children Emma and Jack race between school, sports and screens. Then Roger inherits a tiny cottage on a remote island. When a storm strands the family with no wi-fi and no way home, everything changes. Forced to trade screen time for campfires, skyscrapers for forests, and schedules for sunsets, they slowly rediscover the joy of slowing down and being together. “‘The Labradoodles’ is about a modern dog family living a fast-paced city life,” explains Hogan. “Like many families today, they’re so busy keeping up that they don’t realize how disconnected they’ve become.” “We wanted to make a warm, funny, cozy family series that uses the tactile charm of stop-motion animation,” adds Hungerford, who co-directs, co-produces with Hogan and Imagine Create Media third producer Tracey Mack. “Our show explores what happens when a busy family is suddenly forced to slow down.” Imagine Create Media boasts a strong track record partnering with Canadian broadcasters and comes ready to use Cartoon Forum numerous opportunities to begin building international financing and distribution partnerships for the series. “We’re looking to meet broadcasters, distributors, co-production partners and other international partners who connect with this preschool-bridge age series with family co-viewing appeal,” concludes the team. “And we’re particularly interested in relationships that can help us build The Labradoodles into an internationally resonant, long-running pre-school property.” Thanks to the support of Canadian agencies, these teams might very well achieve this goal, reinforcing the transatlantic collaborations between European and Canadian animation industries. ‘V/H/S/MIXTAPE’ Set at Shudder; Ninth Chapter of Horror Anthology Features RZA, Ernest Dickerson, Flying Lotus and More (EXCLUSIVE) Shudder Nabs U.S. Rights to ‘Bloody Tennis’ and Horror Film Grabs Buyers in Other Major Territories Ahead of Locarno World Premiere (EXCLUSIVE) Loading comments... More From Our Brands Rolling Stone CBGB’s Owners Are Trying to Reopen the Famous Punk Club. They’re Starting With a Festival Robb Report Tyrese Gibson and Cody Walker on Bringing the ‘Fast & Furious’ Franchise to Life With Their FuelFest Tour Sportico Do More Eligible Players Improve College Sports? The NCAA Argues No",0,2026-09-16 14:08:37
27,https://variety.com/2026/film/news/julian-review-1236860501/,‘Julián’ Review: A Mermaid-Loving Dominican American Boy Finds Acceptance in a Vibrant Animated Delight,Variety,2026-09-16T13:17:28,7440,"Sep 16, 2026 6:17am PT ‘Julián’ Review: A Mermaid-Loving Dominican American Boy Finds Acceptance in a Vibrant Animated Delight Cartoon Saloon, the Irish studio behind Oscar-nominated gems like 'Wolfwalkers,' adapts Jessica Love’s acclaimed children’s book about an imaginative boy with an immigrant grandmother trying to understand him. By Carlos Aguilar Plus Icon Carlos Aguilar Latest ‘Julián’ Review: A Mermaid-Loving Dominican American Boy Finds Acceptance in a Vibrant Animated Delight 31 minutes ago ‘The Idiot(s)’ Review: Dostoevsky Is an Endearing Drunken Fool in This Rambunctious, Tonally Off-Kilter Two-Hander 2 weeks ago ‘Camp’ Review: Guilt Is the Villain in a Transfixing, Grief-Stricken Tale of Sisterhood and Witchcraft 2 months ago See All The wondrous paintbrush of Cartoon Saloon has now reached the Latino community of Brooklyn. The acclaimed Irish studio gained international prominence (and multiple Oscar nominations) with local folktales in gorgeous animated form (“The Secret of Kells,” “Song of the Sea,” “Wolfwalkers”), and tackled an Afghanistan-set story in 2017’s “The Breadwinner.” Now, they’re once again pushing the geographical boundaries of their storytelling with “Julián,” a vibrant adaptation of Jessica Love’s acclaimed 2018 children’s book “Julián is a Mermaid.” Related Stories Seth Green Says He Was Never Invited Back for the Canceled 'Buffy the Vampire Slayer' Reboot Sea creatures materialize around seven-year-old Julián (voiced by Knyght Darius Jac), as his imagination flows freely on the drive to meet his grandmother Carmela (Milcania Diaz-Rojas) for the first time in Brooklyn. Upon dropping him off, Julián’s father warns Carmela that the boy is different, appealing to some leniency. Though neither the book nor the film makes a concrete assumption about the young protagonist’s identity, it’s clear that his gender expression is still unburdened by society’s inflexible expectations of masculinity. No prejudices against colorful clothing or jewelry have been implanted in him. Popular on Variety Vivacious and prone to daydreaming, Julián experiences a culture shock under Carmela’s roof — there’s impressive attention to detail in the production design inside her home, down to the magnets on her refrigerator. He’s not used to Dominican food or to having restrictions on what he can play with. Carmela, an immigrant from the Dominican Republic who still yearns for the people and the warm waters of her homeland, is presented as a matriarch with a firm hand, but she also genuinely tries to engage with Julián’s unique interest in the ocean and, later, with mermaids. He befriends a group of neighborhood girls who tell him about the Coney Island Mermaid Parade. He will, of course, need a costume. The character design in “Julían” differs from the subdued and elegantly playful illustrations in Love’s book, with the film leaning more cartoonish and boasting brighter, more saturated colors. What the animation brings to life is the fluid movement of water in Julián fantastical visions. The aquatic theme, the creatures Julían conjures up, and especially a sentient, fish-like sphere that the boy plays with all call to mind Hayao Miyazaki’s “Ponyo.” Furthermore, just like in that fish-out-of-water tale, a goddess of the sea makes a notable appearance. In “Julián,” it’s the Orisha deity Yemayá, whom the kid learns about through a kindhearted bodega owner, who also displays a warm and welcoming take on manhood. Though the film is directed by Irish animator Louise Bagnall — an Oscar nominee for the 2019 short “Late Afternoon,” here making her debut feature — with Guillaume Lorin and Mark Mullery as co-directors, Cartoon Saloon has made a few creative decisions to ensure cultural authenticity. The casting of Diaz-Rojas as Carmela, for example, gives the character a strongly defined personality, her nuanced voice performance shifting seamlessly between English and Spanish. The actress conveys that Carmela is a woman who has built a life in New York City over several decades, while remaining tethered to her Dominican background. More importantly, Cartoon Saloon tapped writer Juliany Taveras to pen the screenplay. Taveras — who identifies as a non-binary, queer, Afro/Indigenous Dominican American New Yorker — is the ideal artist to tackle the specific intersections of “Julián” from a place of personal, first-hand understanding of the identities that the story addresses. That Carmela mostly keeps her frustration in check, never punishing Julián for his innocent mischief, speaks to how the film challenges stereotypes around Latino households. She’s not the abuela in Pixar’s “Coco,” who imposes her trauma on her grandchild; instead Carmela listens to Julián, willing to compromise. That’s not say that “Julián” lacks conflict, because the child’s unbound flamboyance chafes against other people’s views on he should behave, through no fault of his own. His colorful mermaid costume catches the eyes of Carmela’s gossipy friends, as well as negative attention from other boys. The acceptance he eventually finds, after refusing to dim himself for being “too much,” reads more like a much-needed lesson for the adults around him than for Julián. His feat is to not let them change him. Rather, his identity grows and expands, with a newfound connection to his Dominican heritage. Thorny realities deftly observed from the perspective of young characters are present in all of Cartoon Saloon’s features so far. Even without the epic scale of some of the studio’s other works, “Julián” is a delight — elevating its urban context with visual whimsy and a focus on the intergenerational relationship at its center, more than on otherworldly magic. ‘Julián’ Review: A Mermaid-Loving Dominican American Boy Finds Acceptance in a Vibrant Animated Delight Reviewed online, Sept. 11, 2026. In Annecy Film Festival (Annecy Presents), Toronto Film Festival (Centrepiece). Running time: 85 MIN. Production: (Animated — Ireland-Luxemborg-Canada-Denmark) A Cartoon Saloon, Aircraft Pictures, Melusine Prods., Sun Creature, Guru Studio, Wychwood Media, Cinestar Pictures, BCP Asset Management, Crave production. (World sales: New Europe Film Sales, Warsaw.) Producers: Nora Twomey, Tomm Moore, Paul Young, Anthony Leo, Andrew Rosen, Stephan Roelants, Fabien Renelli, Charlotte de la Gournerie, Lewis Taylor. Executive producers: Zoe Saldaña, Mariel Saldaña, Cisley Saldaña, Gerry Shirren, Katja Schumann, David Yates, Yvonne Walcott-Yates, Hannah Goodier, John Gleeson, Oisín O’Neill. Crew: Director: Louise Bagnall. Screenplay: Juliany Taveras, based on the book ""Julián Is a Mermaid"" by Jessica Love. Editors: Richie Cody, Owen Peters. Music: La-Nai Gabriel With: Knyght Darius Jack, Milcania Diaz-Rojas, Lisa-Kaindé Diaz, Naomi Diaz. (English, Spanish dialogue) Music By: La-Nai Gabriel Shudder Nabs U.S. Rights to ‘Bloody Tennis’ and Horror Film Grabs Buyers in Other Major Territories Ahead of Locarno World Premiere (EXCLUSIVE) ‘V/H/S/MIXTAPE’ Set at Shudder; Ninth Chapter of Horror Anthology Features RZA, Ernest Dickerson, Flying Lotus and More (EXCLUSIVE) Loading comments... More From Our Brands Rolling Stone Edgar Barrera, Karol G, Rosalía Lead Latin Grammy Nominations Robb Report Tyrese Gibson and Cody Walker on Bringing the ‘Fast & Furious’ Franchise to Life With Their FuelFest Tour Sportico Do More Eligible Players Improve College Sports? The NCAA Argues No",0,2026-09-16 14:08:38
3,https://deadline.com/2026/09/spring-awakening-off-broadway-cast-amalia-yoo-1237104489/,‘Spring Awakening’ Revival Sets Principal Cast Including ‘John Proctor Is The Villain’s Amalia Yoo,Deadline,2026-09-16T13:10:00,3852,"Skip to main content By Greg Evans Greg Evans NY & Broadway Editor @GregEvans5 More Stories By Greg Rosie O’Donnell To Join Broadway’s ‘Rocky Horror Show’ As Temporary Fill-In For Rachel Dratch ‘Chicago’ Sells Out With Arrival Of Ex-Cowboys Cheerleader Reece Weaver – Broadway Box Office Cheetah Chrome Dies: Co-Founding Guitarist Of Influential Punk Band Dead Boys Was 71 View All September 16, 2026 6:10am Production The upcoming New York revival of Spring Awakening has set its principal cast, with many of the roles going to Off Broadway newcomers. The musical revival, which begins performances at Studio Seaview on November 27 ahead of an official December 17 opening, will feature Jack Bateman as ‘Georg,’ Jada Simone Clark as ‘Thea,’ Leif Coomer as ‘Ernst,’ Ryo Kamibayashi as ‘Moritz,’ Ashlyn Maddox as ‘Wendla,’ Nando Morland as ‘Otto,’ Antonio Porciello as ‘Hanschen,’ Khadija Sankoh as ‘Martha,’ Grace Slear as ‘Anna,’ and Tyler Jordan Wesley as ‘Melchior.’ Also joining the cast is Amalia Yoo , who gained considerable attention and critical acclaim when she made her Broadway debut last year in the Tony-nominated play John Proctor is the Villain . Yoo will play the role of ‘Ilse.’ Watch on Deadline Related Stories News ‘Spring Awakening’ Off Broadway Fall Revival Set With Director Danya Taymor & Choreographer Celia Rowlson-Hall News ‘John Proctor Is The Villain’ Broadway Review: Sadie Sink Works Magic In Riveting New Play “Seaview is incredibly proud to bring this extraordinary work back to the stage at Studio Seaview and to have the opportunity to introduce New York audiences to a remarkable new generation of talent,” said producer Greg Nobile. “This is an exceptional group of actors who are fearless, deeply talented, and represent the future of our industry. We feel incredibly honored to give them the opportunity to bring their unique voices to this seminal work. They are the kind of artists who make you excited about where theater is headed next.” Spring Awakening, which follows a group of late 19th century German adolescents as they explore teenage sexuality and repression through a contemporary rock score, debuted on Broadway in 2006 with star-making performances by Jonathan Groff, Lea Michele and John Gallagher Jr., and was later revived in 2015 with Deaf West Theatre directed by Michael Arden. As previously announced , the new production of the Steven Sater-Duncan Sheik musical, based on the play by Frank Wedekind, will be directed by Tony Award winner Danya Taymor, who directed Broadway’s The Outsiders as well as John Proctor is the Villain . Choreography is by Celia Rowlson-Hall , making her theatrical debut, and music supervision by Or Matias. Joining Taymor, Rowlson-Hall, and Matias are Christine Jones & Brett Banakis (Scenic Design), Kaye Voyce (Costume Design), Brian MacDevitt (Lighting Design), Cody Spencer (Sound Design), Jeremy Chernick (Special Effects Design), Cynthia Meng (Music Director/Conductor), David Lai (Music Coordinator), Ann James (Intimacy Coordinator), Drew Leary (Fight Coordinator), C.A. Johnson (Creative Consultant), Miranda Cornell (Associate Director) and Gigi Buffington (Voice & Text Coach). The upcoming revival is produced by Seaview, Mickey Liddell & Pete Shilaimon, Creative Partners Productions, Pam Hurst-della Pietra & Stephen della Pietra, Dominick LaRuffa Jr., Kate Cannova, Cohen-Gutterman Productions, DJD Productions, Federman Jenen, Sami Horneff, Deanna Knudsen, Alex Levy, Lloyd Tichio Productions, Roth Manella Productions, and Tom Tuft. TV Ratings, Review, Winners, Snubs & Surprises, Scorecards; More Casey Bloys Celebrates HBO’s 21 Emmy Wins, Gives Updates On 2027 Slate Trump’s DOJ Backs Company In Battle Over Antitrust Suit’s $1.88B Bond Robert De Niro In Talks To Play Tommy Lasorda In Skydance Sports’ ‘Tommy & Me’ Read More About: Comments",0,2026-09-16 14:08:11
40,https://www.hollywoodreporter.com/business/business-news/the-female-quotient-caa-1236702447/,The Female Quotient Signs With CAA (Exclusive),Hollywood Reporter,2026-09-16T13:00:00,1893,"× Skip to main content By Etan Vlessing Plus Icon Etan Vlessing Canada Bureau Chief View All September 16, 2026 6:00am The Female Quotient is led by Shelley Zalis and Talia Bender CAA The Female Quotient, a media company for ambitious businesswomen, has signed with CAA for representation . The FQ has become a media and experiences company that the agency says reaches over 8 million influential members across 30 industries through its content engagement and cultural outreach. The CAA Entertainment Partnerships team will look to expand brand partnerships for The FQ and extend ties with top global brands. Major partners that The FQ already works with include Paramount, Amazon, New York Times , Hulu, National Geographic and Comic Relief. The focus will be on connecting The FQ to brand categories like auto, beauty, technology, financial services and airlines. Founded by research industry pioneer Shelley Zalis, The FQ offers premium live experiences, social-first content and original programming. Besides its FQ Lounge and summits, the media company spans experiential programming, media and advisory as it connects top brands with influential business leaders worldwide. For example, the media company brings its signature FQ Lounge to encourage conversation around women in business to tentpole global events like Davos, Cannes Lions, CES and the Super Bowl and Formula 1 sporting events. The FQ’s media content includes original social media series, bespoke branded content, and creator-led series like 5 Hour In , a collaboration with Hotels dot com that follows four digital creators, each having five hours to make the most of time in either Vancouver, San Francisco, Los Angeles and New York City. And on the advisory side, The FQ partners with major companies to help shape their workplaces to boost inclusion and increase the number of top leadership positions for women. THR",0,2026-09-16 14:08:53
39,https://www.hollywoodreporter.com/business/digital/red-seat-ventures-caleb-hammer-financial-audit-1236700992/,"Red Seat Ventures Inks Caleb Hammer’s ‘Financial Audit’ to Ad Sales, Distribution Deal (Exclusive)",Hollywood Reporter,2026-09-16T13:00:00,2036,"× Skip to main content By Caitlin Huston Plus Icon Caitlin Huston Business Writer hustonca Follow Sign Up View All September 16, 2026 6:00am Caleb Hammer Courtesy of Hammer Media Fox’s Red Seat Ventures has struck a partnership with Caleb Hammer’s Financial Audit. Per the agreement, Red Seat Ventures, which exists within Fox’s Tubi Media Group, will be the exclusive audio and video ad sales partner with the podcast, and distribute the show on Tubi, as well as on YouTube, Apple Podcasts , Spotify and more. In Financial Audit, Hammer brings in guests in financial trouble and tries to find solutions, after grilling them on their salary, debt, spending habits and long-term goals, while also unearthing information about their relationships and more along the way. Inspired by his own experience getting out of debt, Hammer launched the show on YouTube in 2022, and has since garnered more than 3.7 million subscribers. This is the latest podcast Red Seat Ventures has partnered with, following its partnerships with Tony Hinchcliffe’s podcast Kill Tony in April and Ashley Flowers’ Crime Junkie in October 2025 . Red Seat Ventures also works with a roster of podcasters including Megyn Kelly, Bill O’Reilly and Charlie Sheen, who launched a new show with them in August. “Caleb has built an extraordinary connection with his audience by tackling a subject that can feel intimidating with honesty, humor and genuine purpose,” said Chris Balfe, CEO of Red Seat Ventures. “‘Financial Audit’ is more than a show — it is a trusted, highly engaging franchise that gives people practical tools to improve their lives. We are thrilled to partner with Caleb and his team as they expand the brand and reach even more people.” “RSV understands what we are building with ‘Financial Audit’: content that is entertaining and most importantly, actually helps people take control of their lives,” Hammer said. “I’m excited to work with the RSV team to grow the show and keep making financial education feel relatable and impossible to ignore.” THR",0,2026-09-16 14:08:52
29,https://variety.com/2026/music/news/laufey-signs-with-interscope-verve-exclusive-1236863770/,Laufey Signs With Interscope Records/ Verve Records (EXCLUSIVE),Variety,2026-09-16T13:00:00,3737,"Sep 16, 2026 6:00am PT Laufey Signs With Interscope Records/ Verve Records (EXCLUSIVE) By Jem Aswad Plus Icon Jem Aswad Executive Editor, Music jemaswad Latest Music Industry Moves: Tracey Jordan Honored With Louis Armstrong Center for Music and Medicine’s Award in Honor of Her Mother, Jazz Great Sheila Jordan 20 hours ago Ed Sheeran Says Dropping Macklemore From Tour Was ‘Promoter’s Decision, Not Mine,’ Explains Why He’s Not Speaking Out on Israel and Palestine 23 hours ago Nile Rodgers to Host iHeartMedia’s ‘Before the Moment’ Podcast With Sienna Spiro, John Legend and More 1 day ago See All Photo: Nicole Mago Two-time Grammy-winner Laufey has signed with Universal Music Group’s Interscope Records and Verve Records in an arrangement that reflects the fast-rising singer-songwriter’s combination of pop and jazz music. The move follows her six years as an independent artist, during which she’s amassed more than 7 billion combined global streams across three studio albums; been named one of Time’s 2025 Women of the Year; been honored as an Icelandic Knight in her home country by its president; seen her first children’s book, “Mei Mei the Bunny,” become a New York Times Bestseller; performed backed by the Los Angeles Philharmonic, the National Symphony Orchestra and the China Philharmonic Orchestra; and recently completed a massive global tour. Related Stories Seth Green Says He Was Never Invited Back for the Canceled 'Buffy the Vampire Slayer' Reboot In 2024, she was honored at Variety ’s annual Hitmakers event with the Crossover Artist of the Year award, which was presented by her close friend, British singer Raye. She is currently at work on new music. Popular on Variety Perhaps most notably, she’s introduced thousands of people from new generations to jazz and classical music. Variety ’s Chris Willman wrote of her 2024 performance at the Hollywood Bowl, “For someone who is so steeped in the classics of the ’40s and ’50s, her audiences have been, somewhat surprisingly, almost entirely comprised of under-30s and especially under-25s… many of them virtually cosplaying as Laufey, aping her signature stylishness.” More recently, Variety ’s Jem Aswad wrote of her dazzling set at the Coachella festival last April, “With a flawlessly executed performance that saw her accompanied by an ace jazz group, a string quartet and a troupe of dancers, [Laufey] moved with ease from frontperson to piano to guitar — peeling off complex jazz chords while singing very complicated melodies — and even, at one point, cello. She’s not only making the old new again, she’s making it cool, and with captivating charm.” Last month, Laufey celebrated the arts with the fourth annual “A Very Laufey Day,” for which she curated events in 75 cities across 25+ countries. The festivities featured live performances plus events in museums, libraries, bookstores, cafes/coffee shops, yogurt/ice cream shops and more. All proceeds from the event’s brand collaborations and merch sales went to the Laufey Foundation, which makes education and resources more accessible to young musicians. ‘V/H/S/MIXTAPE’ Set at Shudder; Ninth Chapter of Horror Anthology Features RZA, Ernest Dickerson, Flying Lotus and More (EXCLUSIVE) Shudder Nabs U.S. Rights to ‘Bloody Tennis’ and Horror Film Grabs Buyers in Other Major Territories Ahead of Locarno World Premiere (EXCLUSIVE) Loading comments... More From Our Brands Rolling Stone Edgar Barrera, Karol G, Rosalía Lead Latin Grammy Nominations Robb Report A Modern Maisonette on the Athens Riviera Just Hit the Market for $7.8 Million Sportico Do More Eligible Players Improve College Sports? The NCAA Argues No WWD Quick Takes From the Spring 2027 Luxury and Alternative Collections at NYFW",0,2026-09-16 14:08:41
28,https://variety.com/2026/legit/news/spring-awakening-revival-cast-off-broadway-1236863507/,‘Spring Awakening’ Revival Sets Off Broadway Cast,Variety,2026-09-16T13:00:00,3225,"Sep 16, 2026 6:00am PT ‘Spring Awakening’ Revival Sets Off Broadway Cast By Rebecca Rubin Plus Icon Rebecca Rubin Senior Film and Media Reporter rebeccaarubin Latest Quentin Tarantino to Publish ‘Cliff Booth’ Novel Before Brad Pitt and David Fincher’s Movie Streams on Netflix 20 hours ago ‘Annie’ Returning to Broadway for 50th Anniversary 1 day ago Box Office: ‘Practical Magic 2’ Fizzles With $30 Million Debut 3 days ago See All Ashlyn Maddox, Tyler Jordan Wesley, Ryo Kamibayashi and Amalia Yoo are about to learn about the “bitch of living.” The young actors will star in this fall’s off- Broadway revival of “ Spring Awakening ,” the angsty coming-of-age musical by Steven Sater and Duncan Sheik. Maddox (“Parade”) has been cast as Wendla alongside Wesley as Melchior, Kamibayashi (“Oh, Mary!) as Moritz and Yoo (“John Proctor Is the Villain”) as Ilse. They’ll be joined by Jack Bateman as Georg, Jada Simone Clark as Thea, Leif Coomer as Ernst, Nando Morland as Otto, Antonio Porciello as Hanschen, Khadija Sankoh as Martha and Grace Slear as Anna. Bateman and Porciello were among the budding performers selected from the production’s open casting call in July, through which 2,532 actors were seen. Related Stories Seth Green Says He Was Never Invited Back for the Canceled 'Buffy the Vampire Slayer' Reboot “Spring Awakening” will begin previews on Nov. 27 ahead of opening night on Dec. 17 at Studio Seaview. Tony winner Danya Taymor is directing the production with choreography by Celia Rowlson-Hall and music supervision by Or Matias. Popular on Variety “This is an exceptional group of actors who are fearless, deeply talented and represent the future of our industry,” said producer Greg Nobile. “We feel incredibly honored to give them the opportunity to bring their unique voices to this seminal work. They are the kind of artists who make you excited about where theater is headed next.” “Spring Awakening” follows a group of late 19th-century German adolescents as they explore teenage sexuality and repression through a contemporary rock score, including songs like “Mama Who Bore Me,” “The Bitch of Living” and “Totally Fucked.” The show debuted on Broadway in 2006 and launched the careers of Jonathan Groff, Lea Michele and John Gallagher Jr. “Spring Awakening” was revived in 2015 with Deaf West Theatre, directed by Michael Arden. In a press release, producers described the revival as “feral, honest, compassionate, and unflinching” and teased that this production will “explore the experience of young people caught between desire, repression, fear, and discovery — then and now.” ‘V/H/S/MIXTAPE’ Set at Shudder; Ninth Chapter of Horror Anthology Features RZA, Ernest Dickerson, Flying Lotus and More (EXCLUSIVE) Shudder Nabs U.S. Rights to ‘Bloody Tennis’ and Horror Film Grabs Buyers in Other Major Territories Ahead of Locarno World Premiere (EXCLUSIVE) Loading comments... More From Our Brands Rolling Stone CBGB’s Owners Are Trying to Reopen the Famous Punk Club. They’re Starting With a Festival Robb Report Tyrese Gibson and Cody Walker on Bringing the ‘Fast & Furious’ Franchise to Life With Their FuelFest Tour Sportico Do More Eligible Players Improve College Sports? The NCAA Argues No",0,2026-09-16 14:08:39
41,https://www.hollywoodreporter.com/business/business-news/jalen-brunson-new-company-thirty-third-management-brand-1236703363/,Jalen Brunson Gets Into the Brand Management Business With New Family Venture,Hollywood Reporter,2026-09-16T12:58:11,2452,"× Skip to main content By Alex Weprin Plus Icon Alex Weprin Senior Editor alexweprin Follow Sign Up View All September 16, 2026 5:58am Jalen Brunson Photo by Joy Malone/Getty Images Jalen Brunson is getting into the management business. The New York Knicks star is launching a new firm with members of his family that will manage his off-court business while also representing other clients from the world of sports and business. The new venture is called Thirty Third Management (in honor of Brunson’s pick in the 2018 NBA draft), with Brunson’s mother Sandra Brunson serving as its president and his sister Erica Brunson working as its director of client services. Brunson’s high school teammate and friend Connor Cashaw will be director of business development. While Thirty Third will obviously have Brunson as its core client, the company plans to move aggressively to represent professional and amateur athletes (taking advantage of NIL rules), as well as corporate executives, entrepreneurs, and charitable foundations, helping them on brand partnerships and development, partnerships, philanthropy and other areas. Notably the company says that it plans to make women’s pro sports an initial priority, with Erica Brunson leading that effort. Athletes have increasingly been pushing beyond the field and the court, taking advantage of their fame and recognition to launch new business ventures. Many are launching studios or production companies , seeking to carve out a piece of the media and entertainment ecosystem, but Brunson’s effort underscores how there is also an opportunity behind the scenes to help athletes and others manage their brands. “My family has been with me every step of the way, and everything we do is rooted in trust,” said Jalen Brunson. “Thirty Third gives us the chance to take ownership of my off-court business, to build something that reflects who we are, and to do it together.” “This firm was born from a belief that the most powerful brands are built on trust, purpose, and genuine human connection. As a family, we’ve had the privilege of supporting Jalen’s growth beyond basketball, and that experience inspired us to create an advisory platform that helps others do the same,” added Erica Brunson. “We are committed to helping our clients maximize opportunities, whether in professional sports, business, or philanthropy, and want to be a strategic partner that champions both success and significance.” THR",0,2026-09-16 14:08:54
4,https://deadline.com/2026/09/patricio-guzman-dead-documentary-director-chile-85-1237105061/,Patricio Guzmán Dies: Documentarian Who Chronicled Chile’s Turbulent Modern History Was 85,Deadline,2026-09-16T12:34:35,2831,"Skip to main content By Melanie Goodfellow Melanie Goodfellow Senior International Film Correspondent @mel_goodfellow More Stories By Melanie Islamic Republic State Media Attacks Venice Prize-Winner Lelah Marzban Over Women’s Rights Speech The Coven Boards French Legalized Cannibalism Horror ‘Sunnyside’ As Filming Begins Venice Winner ‘Woman Unknown’ Unveils New Deals Including France In Wake Of Golden Lion Victory View All September 16, 2026 5:34am Patricio Guzman at the Berlin Film Festival in 2015 Andreas Rentz/Getty Images Chilean documentary-maker Patricio Guzmán, whose landmark documentaries included The Battle of Chile a nd Cannes prize-winner The Cordillera of Dreams, died in Paris on September 15. He was 85. Guzmán, who was born in the Chilean capital of Santiago on August 11, 1941, has been hailed as one of Latin America’s most important non-fiction directors. His landmark works include the three-part 1975-79 The Battle of Chile: The Struggle of an Unarmed People , chronicling the final year of socialist President Salvador Allende; the 1973 coup d’état which put General Augusto Pinochet in power, and resistance in the early days of the latter’s dictatorship. Related Stories News Jeremy Thomas Dies: Legendary UK Producer Of 'The Last Emperor' & 'Crash' Was 77 News Richard O'Sullivan Dies: British Sitcom Star Known For 'Man About The House' & 'Robin's Nest' Was 82 Guzmán left Chile in the 1960s to study Official Cinema School (Escuela Oficial de Cinematografía, or EOC) in Madrid. He returned home in 1971 where Allende’s government appointed him head of documentary at state cinema company Chile Films. He was chronicling the work of the socialist government when the coup broke out. Watch on Deadline The filmmaker left the country in the wake of the coup after being arrested and detained briefly. He settled in Madrid and then Paris, only returning to Chile sporadically to film, when the political situation permitted. Guzmán’s more recent credits include a trilogy reflecting on the legacy of his country’s 40-year military dictatorship: Nostalgia for the Light (2010), The Pearl Button (2015), which won Berlin’s Silver Bear for Best Screenplay, and The Cordillera of Dreams (2019), which won the Golden Eye documentary prize at the Cannes Film Festival. For his final documentary – the 2022 work My Imaginary Country – Guzmán explored his native country’s contemporary politics and the youth-led popular protests that erupted in Chile in 2019 around democracy and social equality. TV Ratings, Review, Winners, Snubs & Surprises, Scorecards; More Casey Bloys Celebrates HBO’s 21 Emmy Wins, Gives Updates On 2027 Slate Trump’s DOJ Backs Company In Battle Over Antitrust Suit’s $1.88B Bond Robert De Niro In Talks To Play Tommy Lasorda In Skydance Sports’ ‘Tommy & Me’ Read More About: Comments",0,2026-09-16 14:08:12
42,https://www.hollywoodreporter.com/lifestyle/arts/rosie-odonnell-rocky-horror-on-broadway-rachel-dratch-1236703071/,"Rosie O’Donnell to Join ‘Rocky Horror’ On Broadway For Short Stint, Stepping in For Rachel Dratch",Hollywood Reporter,2026-09-16T12:30:00,1966,"× Skip to main content By Caitlin Huston Plus Icon Caitlin Huston Business Writer hustonca Follow Sign Up View All September 16, 2026 5:30am Rosie O'Donnell as guest host for 'Jimmy Kimmel Live.' Disney/Randy Holmes Rosie O’Donnell is stepping into the role of The Narrator in The Rocky Horror Show for two weeks in October. She will play the role from Oct. 6 through Oct. 18, as current Narrator Rachel Dratch takes a short leave from the show. Dratch, who was Tony nominated for her role, is scheduled to return Oct. 20. O’Donnell takes over the role after appearing Off- Broadway this summer at the Daryl Roth Theatre, where she performed her one-woman show Common Knowledge for 12 performances. She then took over Jimmy Kimmel Live! for a weeklong stint in August. Related Stories Lifestyle Sam Pinkleton to Direct Broadway Revival of 'Annie' Lifestyle Andrew Scott to Reprise Role in 'Sea Wall' Off-Broadway for Feature Film Capture She has previously appeared on Broadway as Rizzo in Grease , as the Cat in the Hat in Seussical and as Golde in Fiddler on the Roof . She hosted the Tony Awards three times and was well-known for championing theater on the Rosie O’Donnell Show , which she hosted from 1996 through 2002. O’Donnell has also appeared in films such as A League of Their Own, Sleepless in Seattl e and Harriet the Spy , as well as appearing in television shows including And Just Like That, Nip/Tuck and Curb Your Enthusiasm . O’Donnell joins a Broadway cast that currently includes Lorna Courtney as Janet, Amber Gray as Riff Raff, Kevin McHale as Brad, Jimin Moon as Rocky, George Salazar as Eddie/Dr. Scott, Sherie Rene Scott as Magenta, Jake Shears as Dr. Frank-N-Furter and Valentina as Columbia, as well as well as Renée Albulario, Anania, Boy Radio, Tassy Kirbas, Preston Perez, Caleb Quezon, Andres Quintero, Larkin Reilly, Paul Soileau and John Yi. Directed by Sam Pinkleton, The Rocky Horror Show opened at Studio 54 on April 23, 2026. THR",0,2026-09-16 14:08:55
30,https://variety.com/2026/music/news/dolly-parton-tribute-special-country-music-association-1236863841/,Dolly Parton Tribute Special Set by Country Music Association,Variety,2026-09-16T12:30:00,4027,"Sep 16, 2026 5:30am PT Dolly Parton Tribute Special Set by Country Music Association By Payton Turkeltaub Plus Icon Payton Turkeltaub Latest Dolly Parton Tribute Special Set by Country Music Association 1 hour ago Stephen Colbert Says ‘Free Speech Is Alive and Well’ After Emmy Win Despite CBS Cancellation: Late Night Is ‘Just as Vital as it Ever Has Been’ 1 day ago Seven Variety Cover Stars Win 2026 Emmys 1 day ago See All Getty Images Following the death of country music legend Dolly Parton last month, the Country Music Association has set a live, two-hour evening dedicated to honoring the beloved star. The tribute, titled “CMA Presents I Will Always Love You: A Celebration of Dolly Parton,” will air on Oct. 21 on ABC and Disney+, and be available for streaming the following day on Hulu. Per the evening’s logline, the special will be a “joyful, emotional celebration of the artist, songwriter, entertainer, humanitarian and entrepreneur whose music and generosity carried her from the mountains of East Tennessee into the hearts of generations around the world, told through performances, archival footage and personal stories that trace her extraordinary journey to becoming one of the most beloved entertainers and philanthropists in American history.” Popular on Variety Related Stories Seth Green Says He Was Never Invited Back for the Canceled 'Buffy the Vampire Slayer' Reboot The singer-songwriter-actress died in August at the age of 80 following a “brief battle” with cancer, per the star’s reps. “Dolly Parton belonged to the whole world, but she was born of this industry, and this industry owes her a debt of gratitude that words alone cannot repay,” said Sarah Trahern, CMA CEO, in a statement. “As the organization built to serve and celebrate country music, honoring her legacy is not just an opportunity; it is our responsibility. This special is our way of saying thank you, on behalf of every artist, industry member and fan who found a piece of themselves in her music.” “Dolly gave country music its heart, and giving some of that heart back to her is an incredible honor,” said producer and director Robert Deaton, who will serve as the tribute’s executive producer. “My hope is simply that we do right by her story, her music and the people who love her, so that this evening feels like the tribute my friend deserves.” The live event will be filmed at Belmont University’s Fisher Center for the Performing Arts in Nashville. “Dolly Parton’s impact extends far beyond music. She represents creativity, generosity, entrepreneurial spirit and a commitment to lifting others up, qualities that have inspired generations and resonate deeply with Belmont’s mission,” said Dr. Greg Jones, the university’s president. CMA and Belmont University will also donate a portion of the proceeds to Dolly Parton’s Imagination Library, the world’s leading early childhood book-gifting program and the flagship initiative of The Dollywood Foundation. Bob Iger Gets All-Star Send-Off From Robert Downey Jr., Harrison Ford and New CEO Josh D’Amaro at D23 Disney Legends Ceremony ‘Kingdom Hearts’ Anime Series Based on Video Game Set for Disney+ and Disney Channel ‘White Lotus’ Swaps the Palais for a Castle: Season 4 Cast Laura Dern, AJ Michalka and Marissa Long Drop by Disneyland Paris Brandy, Halle Bailey, Auli’i Cravalho Join Legendary Disney Voices for ‘Disney Princess: The Ultimate Concert Celebration’ – Stream Online Here ‘Disney Dreamlight Valley’ Reveals Details on Next Expansion, Including Oogie Boogie, Lilo, Hannah Montana and More Disneyland Paris to Welcome ‘The Lion King’ Animatronics, Re-Themed Space Mountain and New Parade Loading comments... More From Our Brands Rolling Stone Edgar Barrera, Karol G, Rosalía Lead Latin Grammy Nominations Robb Report A Modern Maisonette on the Athens Riviera Just Hit the Market for $7.8 Million Sportico Do More Eligible Players Improve College Sports? The NCAA Argues No WWD Quick Takes From the Spring 2027 Luxury and Alternative Collections at NYFW",0,2026-09-16 14:08:42
6,https://deadline.com/2026/09/dolly-parton-live-special-country-music-association-abc-1237104640/,Country Music Association Sets Two-Hour Live Special In Tribute To Dolly Parton At ABC,Deadline,2026-09-16T12:30:00,4309,"Skip to main content By Denise Petski Denise Petski Senior Managing Editor More Stories By Denise Country Music Association Sets Two-Hour Live Special In Tribute To Dolly Parton At ABC Carol Kane, Fiona Gubelmann & Marco Grazzini To Headline ‘An Angel In My Stocking’ Movie At Hallmark Channel ‘The Diplomat’ Season 4 Trailer: Keri Russell Confronts “Over The Line” White House View All September 16, 2026 5:30am Dolly Parton Miller Mobley/NBC via Getty Images The Country Music Association will honor Dolly Parton with CMA Presents I Will Always Love You: A Celebration of Dolly Parton , a live two-hour special set to air Wednesday, Oct. 21 at 9 pm on ABC and Disney+ internationally, available next day on Hulu. Produced by CMA, the special will be filmed live at Belmont University’s Fisher Center for the Performing Arts in Nashville as part of a continuing strategic partnership between CMA and the university. As described by the CMA, “the special will be a joyful, emotional celebration of the artist, songwriter, entertainer, humanitarian and entrepreneur whose music and generosity carried her from the mountains of east Tennessee into the hearts of generations around the world, told through performances, archival footage and personal stories that trace her extraordinary journey to becoming one of the most beloved entertainers and philanthropists in American history.” Related Stories News Emmy TV Review: Host Mariska Hargitay Let Down By Skits, Script & Taylor Swift Cameo Way Below 'Law & Order: SVU' Star's Pay Grade News Reba McEntire & Sally Field Honor Dolly Parton At Emmys: ""If There Are Truly Angels On Earth, We Have Just Lost One"" Parton died following a brief battle with cancer on August 25. She was 80. Watch on Deadline Belmont University and Parton previously teamed on the 2025 world premiere of Dolly: A True Original Musical at the Fisher Center and the launch of Dolly U, an immersive educational partnership designed to connect students with hands-on opportunities in entertainment, media and creative industries. “Dolly Parton belonged to the whole world, but she was born of this industry, and this industry owes her a debt of gratitude that words alone cannot repay,” said Sarah Trahern, CMA CEO. “As the organization built to serve and celebrate Country Music, honoring her legacy is not just an opportunity, it is our responsibility. This special is our way of saying thank you, on behalf of every artist, industry member and fan who found a piece of themselves in her music.” Robert Deaton serves as the project’s executive producer. Dolly gave Country Music its heart, and giving some of that heart back to her is an incredible honor,” said Deaton. “My hope is simply that we do right by her story, her music and the people who love her, so that this evening feels like the tribute my friend deserves.” “Dolly Parton’s impact extends far beyond music, said Dr. Greg Jones, President of Belmont University. “She represents creativity, generosity, entrepreneurial spirit and a commitment to lifting others up, qualities that have inspired generations and resonate deeply with Belmont’s mission. It was an honor for Belmont to partner with Dolly through the launch of Dolly U and the world premiere of her musical at the Fisher Center. Now, it is a privilege to welcome artists, friends and fans from around the world to celebrate her extraordinary life and legacy from this stage in Nashville, honoring a woman whose love for Tennessee was woven into everything she did.” In conjunction with the special, CMA and Belmont University will make a donation from proceeds to Dolly Parton’s Imagination Library , continuing a legacy that gives millions of children the gift of a free book each month. In addition, Disney is supporting Imagination Library to further its mission of inspiring children to imagine their possibilities. Additional details about the special, including performers, tickets and additional partners, will be announced in the coming weeks. TV Ratings, Review, Winners, Snubs & Surprises, Scorecards; More Casey Bloys Celebrates HBO’s 21 Emmy Wins, Gives Updates On 2027 Slate Trump’s DOJ Backs Company In Battle Over Antitrust Suit’s $1.88B Bond Robert De Niro In Talks To Play Tommy Lasorda In Skydance Sports’ ‘Tommy & Me’ Read More About: Comments",0,2026-09-16 14:08:14
5,https://deadline.com/2026/09/rosie-odonnell-rocky-horror-show-broadway-1237104579/,Rosie O’Donnell To Join Broadway’s ‘Rocky Horror Show’ As Temporary Fill-In For Rachel Dratch,Deadline,2026-09-16T12:30:00,2384,"Skip to main content By Greg Evans Greg Evans NY & Broadway Editor @GregEvans5 More Stories By Greg Rosie O’Donnell To Join Broadway’s ‘Rocky Horror Show’ As Temporary Fill-In For Rachel Dratch ‘Chicago’ Sells Out With Arrival Of Ex-Cowboys Cheerleader Reece Weaver – Broadway Box Office Cheetah Chrome Dies: Co-Founding Guitarist Of Influential Punk Band Dead Boys Was 71 View All September 16, 2026 5:30am Rosie O'Donnell Doreen Kilfeather Rosie O’Donnell is headed back to Broadway , however briefly: She’ll join The Rocky Horror Show for two weeks in October as the “Narrator” while current star Rachel Dratch takes a short leave. O’Donnell’s engagement, announced today by the show’s producers, will begin Tuesday, October 6, and run through Sunday, October 18. Related Stories News ‘Chicago’ Sells Out With Arrival Of Ex-Cowboys Cheerleader Reece Weaver – Broadway Box Office News Andrew Scott To Star In Film Version Of Simon Stephens Stage Play ‘Sea Wall’ The former co-host of The View and, more recently, guest host of Jimmy Kimmel Live! , was last on Broadway in 2005 when she joined the cast of Fiddler on the Roof as Golde opposite Harvey Fierstein’s Tevye. She produced the Broadway musical Taboo in 2003, appeared in Seussical as The Cat in the Hat in 2001 and played Rizzo in the 1994 revival of Grease . Most recently, O’Donnell staged her one-woman show, Common Knowledge , in July at Off Broadway’s Daryl Roth Theatre. Watch on Deadline In addition to Dratch, The Rocky Horror Show cast currently includes Lorna Courtney as “Janet”, Amber Gray as “Riff Raff,” Kevin McHale as “Brad”, Jimin Moon as “Rocky”, George Salazar as “Eddie/Dr. Scott”, Sherie Rene Scott as “Magenta”, Jake Shears as “Frank-N-Furter” and Valentina as “Columbia.” The Rocky Horror Show is directed by Sam Pinkleton ( Oh, Mary! , the upcoming Annie revival ) began previews on March 26 and opened officially on April 23 to favorable reviews . The revival received 9 Tony Award nominations, and broke the house record at Studio 54 in June with a weekly box office take of $1,215,225. TV Ratings, Review, Winners, Snubs & Surprises, Scorecards; More Casey Bloys Celebrates HBO’s 21 Emmy Wins, Gives Updates On 2027 Slate Trump’s DOJ Backs Company In Battle Over Antitrust Suit’s $1.88B Bond Robert De Niro In Talks To Play Tommy Lasorda In Skydance Sports’ ‘Tommy & Me’ Read More About: Comments",0,2026-09-16 14:08:13
7,https://deadline.com/2026/09/hbo-max-france-medical-drama-the-pitt-1237105060/,HBO Max Unveils Medical Drama In France Following Success Of ‘The Pitt’,Deadline,2026-09-16T12:28:48,3855,"Skip to main content By Max Goldbart Max Goldbart International TV Co-Editor @Goldbart1 More Stories By Max ‘Hunting Gary Glitter’: Netflix Unveils Trailer & Launch Date For Doc About Race To Expose Serial Sex Abuser Bill Nighy Playing Socially-Challenged Literary Titan In Richard Curtis’ Debut Audio Sitcom Disney Seeking Next Big K-Pop Hit After Striking Ten-Project Deal With Kakao View All September 16, 2026 5:28am Noah Wyle, Sepideh Moafi HBOMAX Earlier this year, HBO Max content boss Sarah Aubrey told us her team wanted to replicate the success of Emmy-winner The Pitt around the world, and France appears to be one of the first destinations. Unveiled today at La Rochelle Fiction Festival, HBO Max is making Rush [working title], a medical drama set in Paris following a close-knit group of mobile medical teams. They race against time and their personal battles to save lives, bringing emergency medicine to street corners, metro carriages, private homes and iconic landmarks – where every call is a crisis, every decision has consequences, and every moment is a chance for human connection. Related Stories Books Everything We Know About Season 2 Of HBO's 'Harry Potter' TV Series So Far News 'Harry Potter' TV Series Due To Hit HBO Christmas 2026: Everything We Know About The Cast, Who's Creating It, What J.K. Rowling Says & More The show is created and written by Nils-Antoine Sambuc ( Belphégor , In Treatment FR, Soleil Noir ), and co-written by Gaëlle Bellan, Maya Haffar, and Maxime Crupeaux, with Neal Baer ( ER ) as EP. Watch on Deadline Rush has shades of The Pitt, which swept the Emmys on Monday night including another win for lead Noah Wyle and is preparing a third season. Aubrey told us in March that HBO Max was developing medical dramas in both France and Italy, with no word yet on the Italian one. “To me that’s the model to emulate: Take a genre and a set of characters audiences feel very familiar with and want in their homes every week, and overlay that with a creator who is really excited to tell a specific story authentically,” she said at Series Mania. “Then you get something special that is also popular.” HBO Max is also making Bodycam [working title] in France, a thriller/horror following two beat cops who shoot an unarmed teenager, wounding him. They decide to cover it up, but the teen has disappeared with one of their bodycams, which captured the incident. As they race to recover the incriminating footage, a string of strange attacks starts tearing through the local Police force until an officer goes missing. This one comes from Timothée Hochet ( Lost Media , Calls ) and Benjamin Adam ( Privilèges , L’Opéra ), with the collaboration of Mehdi Ouahab, and is co-written by Hélène Faure and Maxime Berthémy. At La Rochelle, Clémentine Bobin, Director of Original Scripted Production for HBO Max France, said: “Our slate of local series is built around a simple belief, stemming from the deep HBO legacy: the most compelling stories offer bold takes on familiar narratives and genres, take risks, champion strong voices, and offer a distinctive perspective on the world.” “Following the launch of French Original Privilèges and Paolo this year, Rush and Bodycam continue to build on that ambition. Both are driven by a strong creative vision, each embracing a familiar genre as a toolbox to tell unique, engaging and deeply contemporary stories.” Outside of the U.S., France is one of HBO Max’s most crucial territories and the team has been commissioning local fare for a number of years. TV Ratings, Review, Winners, Snubs & Surprises, Scorecards; More Casey Bloys Celebrates HBO’s 21 Emmy Wins, Gives Updates On 2027 Slate Trump’s DOJ Backs Company In Battle Over Antitrust Suit’s $1.88B Bond Robert De Niro In Talks To Play Tommy Lasorda In Skydance Sports’ ‘Tommy & Me’ Read More About: Comments",0,2026-09-16 14:08:16
8,https://deadline.com/2026/09/house-entertainment-caucus-sydney-kamlager-dove-1237104672/,"House Lawmakers Launch Movies, Music, Entertainment & Sports Caucus",Deadline,2026-09-16T12:00:00,3869,"Skip to main content By Ted Johnson Ted Johnson Political Editor @tedstew More Stories By Ted House Lawmakers Launch Movies, Music, Entertainment & Sports Caucus Donald Trump Says Kennedy Center Will Close Immediately And No Renovations Will Take Place Unless His Name Is Restored To Facade Film & TV Coalition Presses For Quick Action On Federal Incentive; Lawmakers Plan Announcement This Week, GOP Senator Said To Back Proposal View All September 16, 2026 5:00am Al Drago/Getty Images EXCLUSIVE: A group of House lawmakers is launching a new caucus focused on the economic and cultural impact of movies, music, entertainment and sports. The Movies, Music, Entertainment & Sports (MoMEntS) Caucus is being launched by Rep. Sydney Kamlager-Dove (D-CA), whose district includes Culver City, and she will co-chair it along with Rep. María Elvira Salazar (R-FL) and Troy Carter (D-LA). Kamlager-Dove said in a statement, “America’s creative and entertainment sectors are economic powerhouses, generating more than $1 trillion each year and supporting over five million good-paying jobs. Yet for far too long, Congress has failed to give these industries and the workers and creators who power them the attention and support they deserve.” Related Stories Ratings '60 Minutes' Season Premiere Averages 7.94 Million Viewers, A Falloff From Last Year's Debut News Donald Trump Says Kennedy Center Will Close Immediately And No Renovations Will Take Place Unless His Name Is Restored To Facade The caucus comes amid an industry push for the establishment of a federal film and TV tax incentive as a way to address the flight of production to other countries. Watch on Deadline The caucus will have a broader focus than TV and film, and also include broadcasting; music; sports and live entertainment; fashion and beauty; gaming, esports, and interactive media; streaming and digital platforms; content creators and the influencer economy; literary and publishing; and visual and performing arts, organizers said. Salazar said in a statement that the caucus “will bring lawmakers and creative industries together to better understand the challenges they face, protect creative rights, and keep American talent and innovation leading on the world stage.” Carter said the caucus “provides a critical opportunity for us to prioritize America’s creative and entertainment industries, which contribute so much to our nation’s history, economy, and culture.” The caucus also will focus on innovation, competition, and responsible platform practices, among other aims. Other members of the caucus include Rep. Joe Wilson (R-SC), Rep. André Carson (D-IN), Rep. Gilbert R. Cisneros, Jr. (D-CA), Rep. Jared Moskowitz (D-FL), and Rep. Ted W. Lieu (D-CA). Among those praising the formation of the caucus were Recording Academy President Harvey Mason Jr., TKO Group Chief Legal Officer Riché McKnight, TikTok USDS Joint Venture”s head of public policy Nicole Nason and Kathryn Busby, head of orginal programming at Starz. Congress also has a Creative Rights Caucus, focused on copyrights, First Amendment rights and intellectual property rights. It is co-chaired in the House by Rep. Judy Chu (D-CA) and Rep. Laurel Lee (R-FL), and in the Senate by Sen. Thom Tillis (R-NC) and Sen. Mazie Hirono (D-HI). Rep. Laura Friedman (D-CA) and Rep. Brian Jack (R-GA) appeared on a press call on Tuesday to call for a federal film incentive, telling reporters that legislation is being drafted. President Donald Trump announced his support for a federal film incentive earlier this month. TV Ratings, Review, Winners, Snubs & Surprises, Scorecards; More Casey Bloys Celebrates HBO’s 21 Emmy Wins, Gives Updates On 2027 Slate Trump’s DOJ Backs Company In Battle Over Antitrust Suit’s $1.88B Bond Robert De Niro In Talks To Play Tommy Lasorda In Skydance Sports’ ‘Tommy & Me’ Read More About: Comments",0,2026-09-16 14:08:17
31,https://variety.com/2026/film/news/bad-lieutenant-tokyo-review-1236863418/,‘Bad Lieutenant: Tokyo’ Review: Takashi Miike’s Loose Remake Is a Complete Nonstarter,Variety,2026-09-16T11:57:13,6451,"Sep 16, 2026 4:57am PT ‘Bad Lieutenant: Tokyo’ Review: Takashi Miike’s Loose Remake Is a Complete Nonstarter Shun Oguri and Lily James lead a hardboiled but head-scratching spiritual follow-up to much better movies. By Siddhant Adlakha Plus Icon Siddhant Adlakha Latest ‘On Behalf of My Son’ Review: A Strained Brazilian Drama About a Mother’s Apology Tour 3 days ago ‘Up Against It’ Review: Antonio Banderas Stars in a British Family Dramedy That Ignores Its Own Conundrums 3 days ago ‘A Bit of Light’ Review: A Life-Affirming Drama About a Suicidal Iranian Doctor 5 days ago See All Neon The second re-imagining of “Bad Lieutenant” — Abel Ferrara’s 1992 neo-noir starring Harvey Keitel — Takashi Miike ’s baffling “ Bad Lieutenant: Tokyo ” borrows the broad strokes of the original, but tells its own Yakuza-centric story that never fully gets going. Its stop-start approach sees numerous characters and subplots introduced before existing ones can be resolved, or even commenced in earnest, yielding a paradoxically overstuffed sequel where little of note occurs. Related Stories Seth Green Says He Was Never Invited Back for the Canceled 'Buffy the Vampire Slayer' Reboot Written by Daisuke Tengan, this loose remake opens with a block of onscreen text that fades too quickly for the human eye, before introducing the divorced, drug-addled detective Yabuki (Shun Oguri). After dropping his kids at school and snorting coke in full view of their friends — the only moment of hilarity in an otherwise bland retelling — Yabuki is called to a violent crime scene where a diminutive Yakuza member has been tied up in a sexual rendezvous gone awry, before having his neck turned nearly all the way around. The grisly diorama doesn’t faze Yabuki, and although he’s expected to offer expert testimony given his Yakuza-chasing past, he would rather let things lie. Instead, he offers a tip about the story to a bookie to clear some of his own gambling debts before going right back to baccarat. Popular on Variety In the pockets of unsavory people (some of them Yakuza bosses), Yabuki is soon pulled into a second series of killings, this time involving a gang member released from prison hacking his way through past associates, and turning their remains into meatballs — the only image here that provokes a visceral reaction. A little digging takes Yabuki to the suspected killer’s former orphanage, where he learns a tidbit about his past, only for the film to sweep all this aside in favor of several new detours which, although semi-connected, never fully cohere. Running parallel to this butchery investigation is the arrival of perpetually hungover FBI agent Gwen Birgssen, played by British actress Lily James with an incomprehensible southern drawl and some clunky platitudes that veer into genre parody. Also beholden to major power players, Birgssen is in Japan searching for the wild-child daughter of an American politician, culinary student Megan (pro wrestler Gionna Daddio, credited by her WWE name Liv Morgan). After a chance meeting with Yabuki, she decides to enlist his help: At this point, it mercifully seems like the movie might finally kick off, only for it to stall for the umpteenth time. First-act setups extend through the majority of the 108-minute runtime, constituting a plotless meander without the aesthetic allure to justify such a languid journey. Despite being set against the sprawl of Tokyo’s nightlife, the film feels severely limited in its use of time and place, and never crafts an atmosphere worthy of Miike’s previous work — one alluring or lurid enough to counterbalance its thematic and dramatic emptiness. Apart from brief flashes Yabuki sees of a former partner he betrayed, there’s nothing really going on beneath the surface, as empty Japanese and American suits talk in circles about their opaque pasts. They don’t connect any major dots in either criminal case; both are solved by other people calling them with information. The occasional neon nightclub plays host to a skirmish here or there — the only major setpiece unfolds practically at random, completely disconnected from the plot — before Birgssen disappears for lengthy periods, leaving us to follow the passive Yabuki doing little of interest beyond borrowing money, visiting sex workers, and having repetitive interactions with low-level goons and the occasional mob boss. Where Ferrara’s original and Werner Herzog’s 2009 version (“Bad Lieutenant: Port of Call New Orleans”) shoved their violent lawmen towards spiritual agony, Miike only goes as far as cornering Yabuki within the frame a few times, before hitting the reset button yet again. By the time the film takes its first intriguing turn — some 15 minutes before the credits — it loses the time and the goodwill to have it mean much, beyond a puzzling series of loosely interconnected scenes that, at best, echo an underdeveloped idea of what a Japanese “Bad Lieutenant” might look like. ‘Bad Lieutenant: Tokyo’ Review: Takashi Miike’s Loose Remake Is a Complete Nonstarter Reviewed at Toronto Film Festival (Special Presentations), Sept. 15, 2026. Running time: 108 MIN. Production: (U.S.-Japan) A Neon, Nippon TV presentation of an Inc., Pressman Film, Recorded Picture Company, OLM production. (World sales: Neon International, New York City.) Producers: Jeremy Thomas, Sam Pressman, Naoaki Kitajima, Misako Saka. Executive producers: Paula Paizes, Ivan Kelava, Peter Watson, Yuzo Kuwahara, Nobuyuki Iinuma, Tetsu Fujimura, Max Loeb, Mike Apgar, Tom Quinn, Sarah Colvin, Kristen Figeroid, Laurel Charnetsky, Alainée Kent. Crew: Director: Takashi Miike. Screenplay: Daisuke Tengan. Camera: Nobuyasu Kita. Editor: Naoichiro Sagara. Music: Koji Endo. With: Shun Oguri, Lily James, Shotaro Mamiya, Liv Morgan, Jun Kunimura, Hiroshi Tachi. (English, Japanese dialogue) Shudder Nabs U.S. Rights to ‘Bloody Tennis’ and Horror Film Grabs Buyers in Other Major Territories Ahead of Locarno World Premiere (EXCLUSIVE) ‘V/H/S/MIXTAPE’ Set at Shudder; Ninth Chapter of Horror Anthology Features RZA, Ernest Dickerson, Flying Lotus and More (EXCLUSIVE) Loading comments... More From Our Brands Rolling Stone CBGB’s Owners Are Trying to Reopen the Famous Punk Club. They’re Starting With a Festival Robb Report Tyrese Gibson and Cody Walker on Bringing the ‘Fast & Furious’ Franchise to Life With Their FuelFest Tour Sportico Do More Eligible Players Improve College Sports? The NCAA Argues No",0,2026-09-16 14:08:43
9,https://deadline.com/2026/09/islamic-republic-state-media-attacks-venice-winner-actress-1237105034/,Islamic Republic State Media Attacks Venice Prize-Winner Lelah Marzban Over Women’s Rights Speech,Deadline,2026-09-16T11:18:41,4320,"Skip to main content By Melanie Goodfellow Melanie Goodfellow Senior International Film Correspondent @mel_goodfellow More Stories By Melanie Islamic Republic State Media Attacks Venice Prize-Winner Lelah Marzban Over Women’s Rights Speech The Coven Boards French Legalized Cannibalism Horror ‘Sunnyside’ As Filming Begins Venice Winner ‘Woman Unknown’ Unveils New Deals Including France In Wake Of Golden Lion Victory View All September 16, 2026 4:18am Laleh Marzban poses with the Orizzonti Best Actress Award for Falling House Andreas Rentz/Getty Images Laleh Marzban, who won Best Actress in Venice Film Festival’s Orizzonti sidebar, has become the subject of a harsh smear campaign by Islamic Republic state media over comments in her acceptance speech dedicating the prize to the women of Iran . One TV station channel, aligned with the Basij, the paramilitary volunteer militia within the Islamic Revolutionary Guard Corps (IRGC), accused Marzban of turning her back on Iran, while other Islamic Regime-backed channels have accused her of treason and suggested the Ministry of Culture should ban her from returning to Iran. The Iranian actress Marzban was feted for her performance in Mohsen Gharaei’s drama Falling House (Mogareb), revolving around three generations of women in an economically fragile family, living under the thumb of the prison guard father. Related Stories News Iranian Director Mohsen Gharaei Talks Navigating Censors To Bring Prophetic Drama ‘Falling House’ To Fruition – Venice News Venice Winner ‘Woman Unknown’ Unveils New Deals Including France In Wake Of Golden Lion Victory Marzban plays the lead female role of the oldest daughter who the father locks-up on discovering her plans to leave Iran to pursue dreams of becoming a model, appearing on screen both with and without a hijab. Watch on Deadline The film’s director Gharaei told Deadline prior its world premiere in Venice that he had written the first draft in 2018 but that the 2022 Woman Life Freedom protests had given him fresh impetus to get the production off the ground. Sparked by the death in police custody on September 16, 2022 of Mahsa Amini, following her arrest for not wearing her hijab correctly, the protests saw hundreds of thousands of Iranian women and men take to the streets in Iran to call for an end to the draconian Islamic Republic rules around female dress codes and conduct. At the Venice Film Festival awards ceremony on Saturday evening, a tearful Marzban acknowledged that Iran and its people were going through “the hardest days” and dedicated her award to all Iranian women. “I dedicate my award to the women of my country who have paid the highest price for the smallest freedoms,” she said. “These women today carry dreams, courage and hope, and I believe that one day the wish of all of us will come true.” Iranian actress Zhila Sadeghi, who is known for her affiliation with Republic of Iran’s state broadcaster (IRIB), attacked Marzban for not dedicating her speech rather to the children killed in a U.S. missile strike on an elementary school in Minab on the February 28. She said that Marzban had betrayed Iran, adding “curse the ones who let you have a role in a film ever again”. Marzban, whose credits include the 2023 Iranian Oscar submission The Night Guardian , has never been at odds with the Islamic Regime before. Marzban was asked by Deadline at the Venice Orizzonti winners press conference how she thought the film would be received in Iran given that it challenged the government and its patriarchal system. “This question is very important for me as an actress, and as all other women in Iran, whether they be doctors, artists, whatever profession women can perform, we can only make one step at the time, one step towards our objective,’ she said. “If we give our small contribution, maybe we will reach our objective. I have made my small part. I have given my contribution. I really hope many other people can make small steps towards our common objective.” TV Ratings, Review, Winners, Snubs & Surprises, Scorecards; More Casey Bloys Celebrates HBO’s 21 Emmy Wins, Gives Updates On 2027 Slate Trump’s DOJ Backs Company In Battle Over Antitrust Suit’s $1.88B Bond Robert De Niro In Talks To Play Tommy Lasorda In Skydance Sports’ ‘Tommy & Me’ Read More About: Comments",0,2026-09-16 14:08:18
10,https://deadline.com/2026/09/wonder-studios-la-office-caa-fanfix-1237104999/,Wonder Studios: AI Producer Expands LA Office By Hiring CAA Agent & Ex-Westbrook Executive,Deadline,2026-09-16T09:54:27,2244,"Skip to main content By Jake Kanter Jake Kanter International Investigations Editor @Jake_Kanter More Stories By Jake Wonder Studios: AI Producer Expands LA Office By Hiring CAA Agent & Ex-Westbrook Executive ‘The Celebrity Traitors’ Trailer Offers First Glimpse Of Players Including Bella Ramsey & Maya Jama: “We’re In Game Mode Now” HBO’s ‘Harry Potter’ Series Casts Arthur Weasley, Moaning Myrtle & Colin Creevey View All September 16, 2026 2:54am Wonder Studios founders Justin Hackney and Xavier Collins Wonder Studios EXCLUSIVE : Wonder Studios , the UK-based AI production outfit valued at $50 million last year, has expanded its Los Angeles operation with two hires. Inder Gill, a media finance agent at CAA , is joining Wonder as head of studio partnerships and packaging. He helped package and finance films including Monkey Man and If I Had Legs I’d Kick You. Ryan Ascencio, co-CEO of Patreon-style company FanFix and formerly EVP of corporate development at Will Smith and Jada Pinkett Smith’s Westbrook, becomes head of growth. Wonder’s Los Angeles studio will be based at The Lighthouse Campus in Venice Beach, alongside existing teams in London and New York. The company said 90% of its revenue originates from the U.S. Watch on Deadline Since launching last year, Wonder has raised $15 million to hit a $50 million valuation, produced re-creation scenes for Campfire’s The Real Wolf of Wall Street , collaborated with Lewis Capaldi on a music video, and made YouTube anthology series Beyond the Loop. Xavier Collins, co-founder and CEO of Wonder Studios, said: “Wonder has been a global business from day one. While we are proud of our European roots, the U.S. is where the overwhelming majority of our work has come from – winning work with some of the world’s biggest brands and streamers.” Gill said: “Wonder is redefining what a project costs and how quickly it can come to life, all while empowering filmmakers.” TV Ratings, Review, Winners, Snubs & Surprises, Scorecards; More Casey Bloys Celebrates HBO’s 21 Emmy Wins, Gives Updates On 2027 Slate Trump’s DOJ Backs Company In Battle Over Antitrust Suit’s $1.88B Bond Robert De Niro In Talks To Play Tommy Lasorda In Skydance Sports’ ‘Tommy & Me’ Read More About: Comments",0,2026-09-16 14:08:19
11,https://deadline.com/2026/09/netflix-trailer-hunting-gary-glitter-october-14-premiere-1237105002/,‘Hunting Gary Glitter’: Netflix Unveils Trailer & Launch Date For Doc About Race To Expose Serial Sex Abuser,Deadline,2026-09-16T09:45:47,1891,"Skip to main content By Max Goldbart Max Goldbart International TV Co-Editor @Goldbart1 More Stories By Max ‘Hunting Gary Glitter’: Netflix Unveils Trailer & Launch Date For Doc About Race To Expose Serial Sex Abuser Bill Nighy Playing Socially-Challenged Literary Titan In Richard Curtis’ Debut Audio Sitcom Disney Seeking Next Big K-Pop Hit After Striking Ten-Project Deal With Kakao View All September 16, 2026 2:45am Trailer has dropped for Netflix ‘s Hunting Gary Glitter , the former pop superstar who was exposed as a serial child abuser. Check it out above. Launching October 14, the doc follows the pursuit of journalists alongside the survivors who speak out, charting Glitter’s 1997 conviction, through to his years on the run, and eventual incarceration. This string of dogged journalists chase the fugitive pop star across the globe — from Cuba to Cambodia to Vietnam — determined to expose the child sexual abuse he concealed behind decades of chart-topping fame. Real name Paul Francis Gadd, Glitter was a pop sensation in the 1970s and 1980s but was convicted in 1999 of downloading child sexual abuse material and of many more offences over the following years, along with being deported from several countries. He was most recently charged with further historical sex offences. Watch on Deadline Netflix’s doc is its latest big UK true crime series and comes from Voltage TV , with Sam Starbuck and Sanjay Singhal producing the three-parter. Netflix has previously shone a light on serial sex abuser Jimmy Savile via its Jimmy Savile: A British Horror Story doc. TV Ratings, Review, Winners, Snubs & Surprises, Scorecards; More Casey Bloys Celebrates HBO’s 21 Emmy Wins, Gives Updates On 2027 Slate Trump’s DOJ Backs Company In Battle Over Antitrust Suit’s $1.88B Bond Robert De Niro In Talks To Play Tommy Lasorda In Skydance Sports’ ‘Tommy & Me’ Read More About: Comments",0,2026-09-16 14:08:20
32,https://variety.com/2026/film/global/markus-lehmusruusu-oscar-submission-squirrel-kaurismaki-1236863403/,"Markus Lehmusruusu’s Finnish Oscar Entry ‘The Squirrel’ Earns Aki Kaurismäki’s Stamp of Approval: ‘He Said It’s Like ‘2001: A Space Odyssey,’ but Better Because It’s Full of Humanism’",Variety,2026-09-16T09:39:48,5463,"Sep 16, 2026 2:39am PT Markus Lehmusruusu’s Finnish Oscar Entry ‘The Squirrel’ Earns Aki Kaurismäki’s Stamp of Approval: ‘He Said It’s Like ‘2001: A Space Odyssey,’ but Better Because It’s Full of Humanism’ By Marta Balaga Plus Icon Marta Balaga Latest Markus Lehmusruusu’s Finnish Oscar Entry ‘The Squirrel’ Earns Aki Kaurismäki’s Stamp of Approval: ‘He Said It’s Like ‘2001: A Space Odyssey,’ but Better Because It’s Full of Humanism’ 4 hours ago Ali Asgari Doesn’t Believe in a Bright Future After Iran’s January Massacre – Just ‘A Bit of Light’ 3 days ago TIFF 2026: 20 International Titles to Track, From Feng-I Fiona Roan’s Shuhua Starrer to a Taxidermy Musical and a John Madden Parkinson’s Rom-Com 3 days ago See All Orava Max Smeds (Courtesy of Bufo) Markus Lehmusruusu ’s futuristic drama “ The Squirrel ” has just been selected as the Finnish Oscar submission, and it already has a notable fan. “ Aki Kaurismäki called it a masterpiece. He said it was like ‘2001: A Space Odyssey,’ but better because it’s full of humanism. I really loved that,” the director tells Variety . “I hope that it can work on two levels. It’s full of humanism, but it also shows that as humans, we shouldn’t always put ourselves first.” Related Stories Seth Green Says He Was Never Invited Back for the Canceled 'Buffy the Vampire Slayer' Reboot His protagonist, Pasi, needs to understand that as well. In the sterile future, nature and animals no longer exist. At least, that’s how it seems until Pasi, who designs artificial pets, suddenly encounters an actual squirrel – maybe the last one in the world. He brings it home, but it’s not happy there. It belongs in the wild. Popular on Variety “The Squirrel” stars Miro Lopperi (“Codename: Annika”), Mimosa Willamo (“Sisu”) and Hannu-Pekka Björkman (upcoming “Red Snow” ). Recently shown at Fantastic Fest, the film is sold by REinvent International Sales and produced by Bufo, Pallas Film, Volya Films and Zentropa Sweden. Being selected as an Oscar submission has been “rewarding,” says Lehmusruusu. “It’s a big risk to make a film like that, which doesn’t fit within one genre.” In recent years, Finland has selected several films that don’t fit the typical Oscar mold, from “Euthanizer” to “Family Time” and boozy comedy “100 Liters of Gold.” It has only earned one nomination in the category, for Aki Kaurismäki’s “The Man Without a Past.” “It’s about telling stories that come from the heart without overthinking where they ‘fit’,” notes Lehmusruusu. “Now, I’m working on projects that feel almost naturalistic, but I’ve always been interested in films that depict someone’s inner world. Cinema can convey that so easily. It’s like a magic trick.” For his characters, the situation is clear: animalistic urges are bad. But as the story progresses, they want to give in to them. “Thanks to technology, we sometimes feel omnipotent. But wouldn’t something be missing if replaced nature with something that doesn’t have its downsides?,” wonders Lehmusruusu. “This also led to sexuality being a big part of the film because we keep hearing about people not having sex anymore. Young people just aren’t interested, partly because they’re repulsed by bodily fluids. Sexuality is perhaps the most primal force we have left, and we are becoming detached from it.” Luckily, it only takes one squirrel to open his characters’ eyes and encourage them to venture outside of their comfort zones. Even though they’re so used to controlling their bodies and their surroundings. The film’s naughty, not-quite-PG side is perfectly exemplified by its titular hero. “A squirrel is cute, but it’s also a rodent. They destroy things in people’s houses and attack small birds. I wanted to show how we project onto animals. We think we know their emotions. At one point, we wondered if our squirrel should have expressions, but then I went: ‘I don’t want it to do anything it doesn’t actually do.’ It’s one of those animals we take for granted. And when you take something for granted, it’s so painful when it’s gone.” Instead of choosing obvious villains, Lehmusruusu talks about “the consequences of indifference” in the film. “I wanted to show people who have good intentions, but they have gone too far. We like to think we’re protecting our families or societies, but what are we willing to sacrifice? It could be nature or another form of life,” he says. “My idea was to go against this dystopian science fiction where evil is always lurking. In a way, it feels even darker to say that people aren’t bad; they are just making bad choices. As a species, we’re responsible for a lot of shit.” However, sometimes we are able to clean it up. “If you look at the bigger picture, the horror of it all slowly sneaks up on you. But I wanted this film to work also if you’re not willing to do that. I want people to find it entertaining, funny and joyful.” ‘V/H/S/MIXTAPE’ Set at Shudder; Ninth Chapter of Horror Anthology Features RZA, Ernest Dickerson, Flying Lotus and More (EXCLUSIVE) Shudder Nabs U.S. Rights to ‘Bloody Tennis’ and Horror Film Grabs Buyers in Other Major Territories Ahead of Locarno World Premiere (EXCLUSIVE) Loading comments... More From Our Brands Rolling Stone Edgar Barrera, Karol G, Rosalía Lead Latin Grammy Nominations Robb Report Tyrese Gibson and Cody Walker on Bringing the ‘Fast & Furious’ Franchise to Life With Their FuelFest Tour Sportico Do More Eligible Players Improve College Sports? The NCAA Argues No",0,2026-09-16 14:08:44
12,https://deadline.com/2026/09/la-bola-negra-spain-oscars-international-feature-film-1237104996/,Oscars: Spain Selects ‘La Bola Negra’ For International Feature Film Race,Deadline,2026-09-16T09:17:18,2948,"Skip to main content By Zac Ntim Zac Ntim International Reporter @ZacharyNtim More Stories By Zac Cate Blanchett To Attend Tokyo Film Festival With Displacement Film Fund Shorts Screamfest To Open With ‘The Night Driver’ Starring Josh Lucas, David Arquette & Alyssa Milano Tom Cruise Pokes Fun At His Self-Serious Persona In Rare Feature Interview: “I Don’t Know What To Say. I Am Intense” View All September 16, 2026 2:17am La Bola Negra Suma Content Films Javier Calvo and Javier Ambrossi’s breakout Cannes title La Bola Negra has been selected as Spain ’s entry for the Best International Feature Film category at the 99th Academy Awards. The Spanish Film Academy confirmed the selection this morning during a press conference. The film explores LGBT heritage and pays tribute to murdered Spanish poet and playwright Federico García Lorca through the interconnected stories of three men in the three different eras of 1932, 1937 and 2017. The cast features Guitarricadelafuente, Miguel Bernardeau, Carlos González, Milo Quifes, Penélope Cruz, Lola Dueñas and Glenn Close. Related Stories News Bulgaria Submits Cannes Jury Prize Winner 'The Dreamed Adventure' For International Oscar Race News 'Minotaur' & 'De Gaulle' Among Five Titles Included In France's International Oscar Shortlist World premiering in Competition, the picture took Cannes by storm in May, prompting a 20-minute ovation and then winning Best Director for Calvo and Ambrossi. Watch on Deadline In the market, it sparked a bidding war for U.S. rights, with Netflix securing the film for the territory in a record-breaking seven-figure domestic deal brokered by Goodfellas and CAA Media Finance. In Europe, the film has also sold to Benelux (Cinéart), Switzerland (Filmcoopi), Germany and Austria (Pandora Film), Greece (Rosebud), UK & Ireland (Altitude), Italy (Movies Inspired), Scandinavia (Another World), Portugal (Nitrato Filmes), Bulgaria (Cinelibri), Yugoslavia (MCF), Hungary (Mozinet), Czech Republic (Aero Films), Romania (Independenta), Baltic States (A-One Films) and Poland (Gutek Film). In the rest of the world, it has been acquired for Israel (New Cinemas), Latin America (Cine Video y TV), Australia and New Zealand (Rialto Distribution), Japan (Transformer), South Korea (Challan), Taiwan (ifilm), Hong Kong (Edko), India (Impact Films), Thailand (Sahamongkol), Singapore (Anticipate Pictures), the Philippines (FDCP) and Airlines (Skeye). La Bola Negra is an original film by Movistar Plus+ Film and Suma Content Films in co-production with El Deseo and Le Pacte, with the participation of Atresmedia. Netflix will release the film on October 16. TV Ratings, Review, Winners, Snubs & Surprises, Scorecards; More Casey Bloys Celebrates HBO’s 21 Emmy Wins, Gives Updates On 2027 Slate Trump’s DOJ Backs Company In Battle Over Antitrust Suit’s $1.88B Bond Robert De Niro In Talks To Play Tommy Lasorda In Skydance Sports’ ‘Tommy & Me’ Read More About: Comments",0,2026-09-16 14:08:21
22,https://deadline.com/2026/09/page/2/,More Stories,Deadline,2026-09-01T00:00:00,7554,"Skip to main content Latest in Bill Nighy Playing Socially-Challenged Literary Titan In Richard Curtis’ Debut Audio Sitcom EXCLUSIVE: Richard Curtis is returning to the sitcom game, this time through audio. The Vicar of Dibley, Blackadder and Mr Bean writer-director is making Greatest Living Writer for BBC Radio 4 starring Bill Nighy, Nicola Walker, Nick Mohammed, Jim Broadbent, Meera Syal and Traitors star Madelyn… By Max Goldbart 5 hours ago Print Print Bill Nighy Playing Socially-Challenged Literary Titan In Richard Curtis’ Debut Audio Sitcom Read the full story Exclusive International Jodie Whittaker To Star As Hotshot Media Lawyer In ITV Drama ‘In Contempt’ EXCLUSIVE: Jodie Whittaker’s next starring role will be a hotshot media lawyer in ITV drama In Contempt . Ahead of her role in Hulu pilot Chicks and a part in the London-set Only Murders in the Building Season 6, Whittaker will star in the “high-stakes” legal drama as barrister Olivia Savareid… By Jesse Whittock 6 hours ago Print Print Jodie Whittaker To Star As Hotshot Media Lawyer In ITV Drama ‘In Contempt’ Read the full story Exclusive International Disney Seeking Next Big K-Pop Hit After Striking Ten-Project Deal With Kakao Could Disney be about to unearth the next big K-pop hit? Disney Korea has struck a deal with Kakao Entertainment to launch what they are calling a “K-culture fund” and is aiming to pursue around 10 projects over the medium to long term. The pair will “collaborate on projects that bring… By Max Goldbart 6 hours ago Print Print Disney Seeking Next Big K-Pop Hit After Striking Ten-Project Deal With Kakao Read the full story International Cate Blanchett To Attend Tokyo Film Festival With Displacement Film Fund Shorts Cate Blanchett will attend this year's Tokyo Film Festival with a series of short films supported by her Displacement Film Fund. TIFF will screen five short works produced with support from the Displacement Film Fund, of which Japanese brand Uniqlo is a founding partner. Following the film… By Zac Ntim 7 hours ago Print Print Cate Blanchett To Attend Tokyo Film Festival With Displacement Film Fund Shorts Read the full story International Seriesly Berlin Crowns ‘Hands Up’, Music Drama Featuring Israeli & Palestinian Characters Seriesly Berlin kept up its reputation for backing complex TV series with its latest batch of award winners. Hands Up , a music drama series pitch from the U.S. focused on an Israeli musician and a Palestinian singer brought together in Berlin’s hip-hop scene was the winner of the Writers’ Pitch… By Jesse Whittock 8 hours ago Print Print Seriesly Berlin Crowns ‘Hands Up’, Music Drama Featuring Israeli & Palestinian Characters Read the full story International NBC L.A. TV News Chopper Crashes, Three Dead Los Angeles Fire Department has confirmed that a helicopter was downed in Chatsworth, leaving at least three people dead. NBC 4 in Los Angeles later confirmed that it was their chopper that went down. Longtime local news anchor Colleen Williams made the announcement live on NBC 4 just before 9… By Armando Tinoco Sep 15, 2026 9:00 pm Print Print NBC L.A. TV News Chopper Crashes, Three Dead Read the full story TV Fired ‘Shrinking’ Crew Member Accuses Warner Bros TV Of Doing Nothing Over Sexual Harassment By EP; Being Scapegoated After Complaining Despite 10 nominations, Shrinking came up short at the Emmys on Monday, but the Warner Bros Television produced show may be taking centerstage in court soon. A longtime Key Second Assistant Director on the Jason Segel and Harrison Ford starring series says she was abruptly fired after a long… By Dominic Patten Sep 15, 2026 7:33 pm Print Print Fired ‘Shrinking’ Crew Member Accuses Warner Bros TV Of Doing Nothing Over Sexual Harassment By EP; Being Scapegoated After Complaining Read the full story TV ‘Possible Love’ DoP Kim Ji-yong, ‘The Blue Road’ Director Han Jun-hee & WETA FX’s Kimball Thurston Among Speakers For Netflix ‘Creative Asia’ At BIFF Netflix has announced that speakers including Possible Love DoP Kim Ji-yong, The Blue Road director Han Jun-hee and WETA FX's CTO Kimball Thurston will join the streamer's Creative Asia programme at this year’s Busan International Film Festival (BIFF). Ji-yong will deliver a masterclass on how… By Liz Shackleton Sep 15, 2026 7:14 pm Print Print ‘Possible Love’ DoP Kim Ji-yong, ‘The Blue Road’ Director Han Jun-hee & WETA FX’s Kimball Thurston Among Speakers For Netflix ‘Creative Asia’ At BIFF Read the full story International ‘Dancing With The Stars’ Season 35 Premiere Recap: The Men Take The Lead In First Of Two-Night Kick Off & Someone Goes Home Already SPOILER ALERT! This post contains details from night one of the Season 35 premiere of Dancing with the Stars. Back like they never left! The ballroom at CBS Television City was once again glittering with celebrities on Tuesday night to kick off Season 35 of Dancing with the Stars. There are… By Katie Campione Sep 15, 2026 6:59 pm Print Print ‘Dancing With The Stars’ Season 35 Premiere Recap: The Men Take The Lead In First Of Two-Night Kick Off & Someone Goes Home Already Read the full story TV ‘A Talent For Murder’ Review: Helen Mirren Is Mesmerizing As Tortured Genius Crime Writer Patricia Highsmith – Toronto Film Festival This flawed but very entertaining two-hander belongs in the unique subgenre of literary biographies in which a cult author's life is investigated through the highly specific prism of their work. Shirley Jackson, for example, was cast into a dark Gothic psychodrama in Josephine Decker's Shirley … By Damon Wise Sep 15, 2026 6:09 pm Print Print ‘A Talent For Murder’ Review: Helen Mirren Is Mesmerizing As Tortured Genius Crime Writer Patricia Highsmith – Toronto Film Festival Read the full story Film Judge Sets Date For Settlement Talks In Paramount-WBD Antitrust Case Paramount and the state attorneys general suing to block its merger with Warner Bros. Discovery were ordered by a judge to appear for a two-day settlement conference October 14-15 in a San Francisco courtroom. It's a mandated step for two sides approaching a trial, set in this case for early Ma… By Jill Goldsmith Sep 15, 2026 5:02 pm Print Print Judge Sets Date For Settlement Talks In Paramount-WBD Antitrust Case Read the full story Business Story Arc: Paramount WB September 15, 2026 So Not A Shocker! Trump Weighs In For David Ellison & Paramount Over $1.88B Bond Battle With… September 11, 2026 They’re Talking! Paramount & AGs Settlement Talks Set For Next Month; Bonta Downplays Significance… September 9, 2026 September Showdown! SCOTUS Orders Blue State AGs To Respond To ParaBros Merger Antitrust Suit… September 8, 2026 Paramount Warns CA AG Bonta & WGA Of WBD Merger Fallout & “Financial Consequences If… ‘NCIS: New York’ Trailer Reveals LL Cool J’s Character Sam Hanna’s Return & His New Team NCIS: New York has dropped its first trailer (above), and there are so many details packed into the video, setting up the series premiere on October 6. In the pilot, after years of special assignments and covert ops, Special Agent Sam Hanna (LL Cool J) returns to his hometown of New York City… By Rosy Cordero Sep 15, 2026 4:42 pm Print Print ‘NCIS: New York’ Trailer Reveals LL Cool J’s Character Sam Hanna’s Return & His New Team Read the full story Watch TV Previous page of stories Previous Next page of stories Next Sidebar Newswire PMC Deadline is a part of PMX Global, LLC, a subsidiary of Penske Media Corporation. © 2026 Deadline Hollywood, LLC. All rights reserved. Powered by WordPress.com VIP Site",0,2026-09-16 14:08:33
21,https://deadline.com/2026/09/dancing-with-the-stars-season-35-premiere-recap-1237104755/,‘Dancing With The Stars’ Season 35 Premiere Recap: The Men Take The Lead In First Of Two-Night Kick Off & Someone Goes Home Already,Deadline,2026-09-01T00:00:00,7766,"Skip to main content By Katie Campione Katie Campione Senior TV & Labor Reporter @katie_campione More Stories By Katherine ‘Dancing With The Stars’ Season 35 Premiere Recap: The Men Take The Lead In First Of Two-Night Kick Off & Someone Goes Home Already Emmys Producers Dish On Taylor Swift ‘SVU’ Sketch (Including The Easter Eggs), Mariska Hargitay’s Hosting Chops, Dolly Parton Tribute & More Sally Field Reflects On Filming ‘Remarkably Bright Creatures’ In Canada: “Let’s Keep Our Neighbors Close” — Emmys Backstage View All September 15, 2026 6:59pm 'Dancing With The Stars' Season 35 ABC SPOILER ALERT! This post contains details from night one of the Season 35 premiere of Dancing with the Stars . Back like they never left! The ballroom at CBS Television City was once again glittering with celebrities on Tuesday night to kick off Season 35 of Dancing with the Stars. There are 16 contestants vying for the Len Goodman Mirrorball Trophy at the top of the season, and ABC opted for a two-night premiere that split the dances between Tuesday and Wednesday nights. On the first night, only the male celebrities performed. The ladies will take the floor on Wednesday night. Related Stories News 'American Idol' Moving Production To Georgia As ABC Series Becomes Latest To Leave California News 'Dancing With The Stars' Pro Emma Slater Pulls Out Stops By Performing With Savannah Bananas Ahead Of Tuesday's Premiere Unfortunately, things did not go over without a hitch. The party was interrupted by some tech issues, with voting going down online in the middle of the show. They threw out the ABC.com votes mid-premiere and relied solely on text votes, which have their own wrinkle this year since there’s two contestants who share the same name. Voters will need to specify Conner L. or Connor W. in their text votes, and they won’t count if they don’t, according to hosts Afonso Ribeiro and Julianne Hough. What could go wrong there? Watch on Deadline While this week’s results might be questionable, the show must go on. Here’s how things shook out on night one. Savannah Bananas midfielder Jackson Olson with Emma Slater. The baseball player kicked things off with a cha cha to “Wannabe” by the Spice Girls — and it’s clear that Slater is reveling in being paired with a younger partner this season. In the package before the dance, she said it’s the first time she’s ever worked with a celeb in their 20s, and admits there were less “limitations” working with Olson.The energetic routine was a nice introduction to Olson, and the judges ate it up. “The ballroom is back!” judge Derek Hough said. “Jackson, my man, you are a natural born performer.” BUT! Hough also warned that the judges are going to be pretty tough with their scores this season, and Olson has plenty of room for improvement in the technique department. SCORE: 15 out of 30 Reality star Tyler Cameron with Sharna Burgess. The Bachelor alum was the first of many reality stars to take the dance floor over the next two days, dancing a tango. The former college football player says he did take some dance classes in college, but he’s got some brushing up to do. After a multi-year hiatus from the show, Burgess pleased the judges with her first routine with Cameron. “Tyler, what’s going on here? I have to say, I’m very pleasantly surprised. I mean, look at him. He looks like a tank…you can move, man,” Bruno Tonioli complimented. SCORE: 17 out of 30 Reality star Conner Leavitt with Adele Zaikman. These two stepped onto the ballroom floor with something to prove Tuesday night, what with newcomer Zaikman as the winner of DWTS: The Next Pro and Leavitt married to Secret Lives of Mormon Wives star Whitney Leavitt, who took the ballroom by storm last season and leveraged the exposure to launch a Broadway run on Chicago . They danced a salsa to “Whoomp! (There It Is)” by Tag Team, putting Zaikman in her element as a Latin expert and taking Leavitt straight out of his. Carrie Ann Inaba called the routine “a little chaotic,” but overall, the judges loved the enthusiasm. SCORE: 12 out of 30 Late-night sidekick Guillermo Rodriguez with Witney Carson. Season 34 champ Carson is back on the ballroom floor with a much different contestant this year. She’s guiding Jimmy Kimmel’s right-hand man Rodriguez through the competition, and they started off with a cha cha. Carson, who is impressively competing pregnant this year, tried to disguise her partner’s lack of technique by leaning into Rodriguez’s charm, reminding why he’s spent decades at Kimmel’s side on late night. It only kind of worked. “Listen, was the technique there? No. Was the effort there? Absolutely,” Hough said. “We can’t be having heel leads in the cha cha.” Regardless, the audience clearly responded to Rodriguez’s “spicy” performance, chanting his name when he finished. There were even boos when the judges issued their (probably rightful) rating. SCORE: 10 out of 30 Paralympian Ezra Frech with Daniella Karagach. Julianne Hough kind of botched his introduction, but Frech still made a great impression on his first night as his rehearsal package gave audiences a glimpse of what he’s working through this season as an above-the-knee amputee in the competition. He and Karagach had to make some accommodations to take on the tango, but boy, did they deliver. The judges loved the fiery routine to Kelly Clarkson’s “Since U Been Gone,” and so did the crowd. “What really impressed me, you really looked like a leading man,” Tonioli said. SCORE: 20 out 30 Comedian and podcaster Connor Wood with Rylee Arnold. The second Connor of the night showcased his personality with a cha cha to “I Like It, I Love It” by Tim McGraw. Of the group, Wood has some of the least dance experience, so it appears Arnold may have her work cut out for her this season. But what he lacks in technique, he makes up for in his sincerity. On the bright side, Inaba says he didn’t give her “the ick” when he made a wrong move. A for effort! No comment on the person riding a bedazzled mechanical bull in the background for the entire number. SCORE: 16 out of 30 Musician Taylor Hanson with Britt Stewart. The middle Hanson brother is back on stage after spending years “avoiding dancing.” He says he’s uncomfortable performing without an instrument in tow, but Stewart tells him to think of her as his new “safety blanket.” Having gone from avoiding all dancing to taking on the quickstep night one, Derek Hough assures him he should feel proud, despite the flaws. Tonioli agreed. Now, he needs to work on his frame. “Don’t tighten up,” Tonioli said. SCORE: 16 out of 30 Actor Harry Shum Jr. with Jenna Johnson. The Glee and Grey’s Anatomy actor closed out the night one with yet another cha cha. Johnson took advantage of Shum’s freestyle and hip-hop experience, though, and his prior performance chops on Glee to deliver a performance full of personality and charm. And, well, they absolutely saved the best for last. Those two lit up the ballroom floor with an “emergency disco” that had Tonioli in a fit. “The chemistry between you two is off the charts. Sharp as a scalpel,” he said. SCORE: 21 out of 30 (the highest score of the night!) So, who goes home? Sadly, after just one dance, Conner Leavitt and Adele Zaikman are sent packing. Well, they’ll be back in the ballroom at least once more for tomorrow’s ‘live afterparty’ with Season 34 winner Robert Irwin and whomever among the women is voted off on night two. TV Ratings, Review, Winners, Snubs & Surprises, Scorecards; More Casey Bloys Celebrates HBO’s 21 Emmy Wins, Gives Updates On 2027 Slate Trump’s DOJ Backs Company In Battle Over Antitrust Suit’s $1.88B Bond Robert De Niro In Talks To Play Tommy Lasorda In Skydance Sports’ ‘Tommy & Me’ Read More About: Comments",0,2026-09-16 14:08:31
20,https://deadline.com/2026/09/netflix-creative-asia-possible-love-the-blue-road-busan-1237104843/,"‘Possible Love’ DoP Kim Ji-yong, ‘The Blue Road’ Director Han Jun-hee & WETA FX’s Kimball Thurston Among Speakers For Netflix ‘Creative Asia’ At BIFF",Deadline,2026-09-01T00:00:00,3597,"Skip to main content By Liz Shackleton Liz Shackleton pmc-media-editor-2024 More Stories By Liz ‘Possible Love’ DoP Kim Ji-yong, ‘The Blue Road’ Director Han Jun-hee & WETA FX’s Kimball Thurston Among Speakers For Netflix ‘Creative Asia’ At BIFF Goodfellas Boards World Sales On Kamila Andini’s ‘Four Seasons In Java’ Ahead Of Toronto Premiere Finecut Scores Sales On Trio Of Titles Starring Members Of K-Pop Groups NCT, Fifty Fifty & The Boyz View All September 15, 2026 7:14pm Busan International Film Festival Busan International Film Festival Netflix has announced that speakers including Possible Love DoP Kim Ji-yong, The Blue Road director Han Jun-hee and WETA FX’s CTO Kimball Thurston will join the streamer’s Creative Asia programme at this year’s Busan International Film Festival (BIFF). Ji-yong will deliver a masterclass on how he and Possible Love director Lee Chang-dong shaped the visual world of the film, which just scored the Grand Jury Prize in Venice and is Korea’s official section for the Oscars. Han Jun-hee, whose credits also include D.P. and Weak Hero Class , is hosting a masterclass entitled “Making Unexpected Stories Resonate” about turning unexpected, even uncomfortable, subjects into stories that capture the world’s attention. Related Stories News Alix Earle's Reality Series 'Earle Meets World' Finds More Viewers In Week Two News 'The Murder Of JonBenét Ramsey' Gets December Release Date On Netflix & First-Look Photo Of Melissa McCarthy & Clive Owen As Girl's Parents Creative Asia will also feature a masterclass on “Location and Storytelling”, bringing together perspectives from Lauren Cooper of Location Managers Guild International, Perfect Days producer Reiko Kunieda and Sung Q Lee, Senior Director, APAC Production at Netflix. Watch on Deadline WETA FX’s chief technology officer Kimball Thurston is one of the speakers on an industry panel about using AI in filmmaking – “AI in Filmmaking: New Tools, New Possibilities” – along with Sung Q Lee and Korean director Kang Yun-sung ( Run To The West , The Outlaws ). Another industry panel entitled “New Voices in Filmmaking: What’s Ahead” will examine small- to medium-budget filmmaking and features speakers including Namkoong Sun ( Love Untangled ) and Wi Eun-kyoung and Son Gwang-min, co-directors of My Aunt . The programme also includes two workshops: “The Art and Archetypes of Cinematic Storytelling”, led by Netflix’s Director, Content Acquisition, Christopher Mack, is aimed at writers and breaks down what makes a pilot compelling and the structural choices that keep audiences watching. Led by Netflix’s Director, Creative Strategy, “Understanding the Buyer’s Perspective” looks at what motivates greenlight decisions, how a show gets chosen for financing, and what kind of script or story stays in the imagination after a pitch ends. Designed to support the region’s next generation of creators, the programme has been devised by Netflix in partnership with BIFF, the Asian Film Commissions Network (AFCNet) and the Motion Picture Association (MPA). It will take place on October 10 at Dongseo University Centum Campus. BIFF is running October 6-15 at the Busan Cinema Center and locations across Busan, with the Asian Contents & Film Market taking place at BEXCO October 10-13. TV Ratings, Review, Winners, Snubs & Surprises, Scorecards; More Casey Bloys Celebrates HBO’s 21 Emmy Wins, Gives Updates On 2027 Slate Trump’s DOJ Backs Company In Battle Over Antitrust Suit’s $1.88B Bond Robert De Niro In Talks To Play Tommy Lasorda In Skydance Sports’ ‘Tommy & Me’ Read More About: Comments",0,2026-09-16 14:08:30
19,https://deadline.com/2026/09/shrinking-sexual-harassment-lawsuit-1237104769/,Fired ‘Shrinking’ Crew Member Accuses Warner Bros TV Of Doing Nothing Over Sexual Harassment By EP; Being Scapegoated After Complaining,Deadline,2026-09-01T00:00:00,4095,"Skip to main content By Dominic Patten Dominic Patten Executive Editor, Legal, Labor & Politics @DeadlineDominic More Stories By Dominic Fired ‘Shrinking’ Crew Member Accuses Warner Bros TV Of Doing Nothing Over Sexual Harassment By EP; Being Scapegoated After Complaining So Not A Shocker! Trump Weighs In For David Ellison & Paramount Over $1.88B Bond Battle With States No Death Penalty For Nick Reiner, L.A. DA Announces View All September 15, 2026 7:33pm Jason Segel and Harrison Ford in 'Shrinking' Apple TV+ Despite 10 nominations, Shrinking came up short at the Emmys on Monday, but the Warner Bros Television produced show may be taking centerstage in court soon. A longtime Key Second Assistant Director on the Jason Segel and Harrison Ford starring series says she was abruptly fired after a long day of shooting on July 10 by Executive Producer Kip Kroeger because of so-called “different needs of production.” In her seven claim compliant filed today in L.A. Superior Court against WBTV, Shrinking EP/director Randall Winston and others, Mindy Tessa McKoin doesn’t buy it. Related Stories News Emmy TV Ratings Down 10% From Last Year News Amazon In Talks To Take Over Emmys TV Deal As the document from attorney Avi Gholian exclaims of the industry vet’s multi-season Shrinking stint: “no performance deficiency, misconduct. or business rationale was identified then or anytime thereafter.” Watch on Deadline Filing earlier today with the California Civil Rights Department before going to the LASC docket, McKoin alleges the real reason she was canned was because of reporting an intentional “sexual abuse” by Winston at the June 22, 2024 Shrinking Season 2 wrap party, She says it was because of that and because of her raising a stink about of “inaccurate time records and pay statements.” Production and WBTV problems that Loot and Young Sheldon alum McKoin and her lawyers assert resulted in zero “corrective action” on the former and a lot of her Shrinking bosses not making a “big deal” about the former. McKoin says the CAA-repped Winston subjected her “to unwelcome, severe harassment because of her sex, including by grabbing and groping her breast without her consent at a work-related function in the presence of a coworker” at the 2024 party. “Such conduct was sufficiently severe to alter the conditions of Plaintiff employment and to create a hostile, intimidating, and offensive working environment.” An environment made all the worse by WBTV doing nothing about it, according to the plaintiff. While the sexual harassment and sexual battery claims sit on the top of McKoin’s allegations, it is the pay and timecard tampering of sorts that takes up the bulk of Tuesday’s unspecified damages seeking filing. In terms of retaliation, McKoin insists she made “bona fide complaints, both orally and in writing, that she was owed unpaid wages and that her time records had been unlawfully altered, and otherwise engaged in conduct protected by the Labor Code, including on or about May 26, May 28, June I0, June 11, June 19, and July I, 2026.” Her filing adds: “Warner Bros. discharged Plaintiff on July 10, 2026 – within 90 days of each of these instances of protected activities. “ “ As a direct and proximate result of Warner Bros.’ violation of Labor Code …Plaintiff has suffered and continues to suffer lost wages and work benefits and other actual consequential, and incidental financial losses. as well as emotional distress. humiliation, mental anguish, and anxiety in an amount to be proven at trial.” WBTV had no comment this evening when contacted by Deadline about the complaint and the allegations McKoin makes. Representatives for the multi-Emmy nominated Winston did no response when Deadline reached out about the claims against their client. TV Ratings, Review, Winners, Snubs & Surprises, Scorecards; More Casey Bloys Celebrates HBO’s 21 Emmy Wins, Gives Updates On 2027 Slate Trump’s DOJ Backs Company In Battle Over Antitrust Suit’s $1.88B Bond Robert De Niro In Talks To Play Tommy Lasorda In Skydance Sports’ ‘Tommy & Me’ Read More About: 3 Comments",0,2026-09-16 14:08:29
18,https://deadline.com/2026/09/tv-news-helicopter-crashes-three-dead-1237104938/,"NBC L.A. TV News Chopper Crashes, Three Dead",Deadline,2026-09-01T00:00:00,2347,"Skip to main content By Armando Tinoco Armando Tinoco Staff Writer @armietinoco More Stories By Armando NBC L.A. TV News Chopper Crashes, Three Dead Mikayla Matthews Says That “The Only Reason” She’s Leaving Hulu’s ‘Mormon Wives’ Is “Because I Was Told A Certain Person Was Coming Back” Mikayla Matthews Quits ‘Secret Lives Of Mormon Wives’: “There’s No Amount Of Money Worth Going Against My Morals” View All September 15, 2026 9:00pm Helicopter crash in Chatsworth KNBC 4 Los Angeles Fire Department has confirmed that a helicopter was downed in Chatsworth, leaving at least three people dead. NBC 4 in Los Angeles later confirmed that it was their chopper that went down. Longtime local news anchor Colleen Williams made the announcement live on NBC 4 just before 9 p.m. “We can now confirm that the chopper that went down in Chatsworth tonight two hours ago was, in fact, News Chopper 4,” Williams announced, her voice quavering. The crash was reported around 7 p.m. (local time), and LAFD confirmed the aircraft went down between two commercial buildings. Related Stories Sports Steve Ballmer Apologizes To Fans, Says He Has Paid $30M NBA Fine, But Does Not Admit Guilt News Getty Fire Breaks Out Above Brentwood; Smoke Visible Across West L.A.; Forward Progress Stopped “56 firefighters responded to the incident. The fire has been completely extinguished. No exposure to any structures. 4 automobiles and 2 storage containers have been damaged by the fire,” the LAFD reported . Watch on Deadline Authorities noted that four patients were assessed, and three of them were “determined deceased on scene.” “One patient has been transported to a local hospital in unknown condition. NTSB and FAA will be handling the investigation,” read the report. According to LAFD, one of the people who died was a pedestrian on the ground. It’s undetermined right now where the other two deceased individuals were at the time of the incident. KNBC noted that several TV news helicopters were in the area covering a crash involving a Metro bus. TV Ratings, Review, Winners, Snubs & Surprises, Scorecards; More Casey Bloys Celebrates HBO’s 21 Emmy Wins, Gives Updates On 2027 Slate Trump’s DOJ Backs Company In Battle Over Antitrust Suit’s $1.88B Bond Robert De Niro In Talks To Play Tommy Lasorda In Skydance Sports’ ‘Tommy & Me’ Read More About: 1 Comments",0,2026-09-16 14:08:28
17,https://deadline.com/2026/09/seriesly-berlin-pitch-winners-hands-up-1237104964/,"Seriesly Berlin Crowns ‘Hands Up’, Music Drama Featuring Israeli & Palestinian Characters",Deadline,2026-09-01T00:00:00,5576,"Skip to main content By Jesse Whittock Jesse Whittock International TV Co-Editor @WhittockTweets More Stories By Jesse Seriesly Berlin Crowns ‘Hands Up’, Music Drama Featuring Israeli & Palestinian Characters True Crime Remains The Red Hot TV Doc Genre, Ampere Data Shows PBS Buys Dutch Dementia Doc ‘Human Forever’, Which Follows “The Greta Thunberg Of Healthcare” View All September 15, 2026 11:21pm Creatives behind 'Hands Up' with the Writers Award jury after win Seriesly Berlin Seriesly Berlin kept up its reputation for backing complex TV series with its latest batch of award winners. Hands Up , a music drama series pitch from the U.S. focused on an Israeli musician and a Palestinian singer brought together in Berlin’s hip-hop scene was the winner of the Writers’ Pitch Award last night at a ceremony near the Fotografiska in Germany’s capital. The pitch was a popular winner, with the jury unanimous on the victor and several people we spoke to agreeing on the choice. The audience cheered wildly as the announcement was made. Related Stories News True Crime Remains The Red Hot TV Doc Genre, Ampere Data Shows News Seriesly Berlin Unveils Full Line-Up With Sessions On 'Krank Berlin', Creative Tensions & Co-Productions “ Hands Up has all the ingredients to be a great series: a clear central conflict, extraordinary characters, and even great music,” said the Seriesly Berlin jury in a statement. “It is a perfect example of a hyper local premise that can serve as a metaphor, touching audiences around the world. This story shows us that creative collaboration can bridge impossible borders, providing a path to mutual understanding in troubled times.” Watch on Deadline Coming from Neta Weiner, Samira Saraya and Michal Cooper Keren and borne out of the U.S., the story follows Israeli musician Geva and Palestinian singer Manal, who join together for a high-stakes collaboration set up by Petra, a former music industry figure who sees in their volatile chemistry a chance for a comeback of her own. As their music gains traction, their growing fame soon turns dangerous, and they are caught between political pressure, family expectations and ongoing public scrutiny, forcing them to risk relationships, their future and even their lives for the freedom to be heard. Palestinian artist, actress and filmmaker Saraya and Jewish rapper, musician and actor Weiner have worked across music, theater and screen as activists whose work explores identity, politics, and resistance. They were members of a Palestinian-Jewish hip-hop group and founders of a cultural education initiative. Israeli screenwriter and showrunner Keren has worked on shows for HBO Go, Canal+, Disney, Rai, Nickelodeon and Netflix. The show beat of pitches from Ireland, Germany, Serbia and the UK to win the Writers Pitch award, and takes home a €1,000 ($1,150) prize. Elsewhere, Latvian drama The Man Behind a Mask ( Cilvēks Maskā ) won the Co-Pro Pitch Award and landed a €25,000 post-production services prize. The show, from creator Anna Kalnina and producer Serge Serpuhovs, follows celebrated Soviet reconstructive surgeon Nikolay, who pioneers groundbreaking procedures, including the USSR’s first sex reassignment surgery, until the KGB blackmails him into espionage. Per the snyopsis, “His missions take him across Europe and beyond, where each medical breakthrough becomes a covert operation. Torn between his calling as a healer and his role as a spy, Nikolay is forced to betray patients, outwit intelligence agencies, and confront impossible moral choices. In the end, he survives, but returns home forever changed, having lost both his innocence and his faith in the regime.” The jury said it was “an engaging story about power and vulnerabilities, set in an original arena and based on true events that uses spy thriller elements to create a highly entertaining show for an international audience with the potential to run for multiple seasons.” The SteinbrennerMüller Award, which is handed out by Berlin-based PR firm SteinbrennerMüller Kommunkation to a German show with the best potential to connect with audiences, went to Hannah Doose’s I Am God ( Ich Bin Gott ). The show follows eight middle-aged people in midlife who come together at a spiritual festival on the German-Polish border. Amid cacao ceremonies, breathwork and psychedelic rituals, relationships begin to unravel, families drift apart and old wounds resurface, as the festival organizers ignore warnings of an approaching tornado. “The premise is a very clear promise of entertainment – world-building set in a nature reserve on the border between Germany and Poland,” said a rep from SteinbrennerMüller. “ I Am God explores social issues in a light-hearted yet relevant way through exaggeration. “This closed setting allows for the creation of characters who reflect all facets of society and with whom a wide audience can identify, combined with plenty of fun. Hovering over it all is the looming threat of an approaching tornado, which could wipe out all those ‘first world problems’ in an instant.” Mayana FIlms is the producer, with Doose writing alongside Nicolas Chevaillier and Sarah Schill. Chevaillier and Zorana Mušikić are the producers. The Seriesly Berlin conference ends today. TV Ratings, Review, Winners, Snubs & Surprises, Scorecards; More Casey Bloys Celebrates HBO’s 21 Emmy Wins, Gives Updates On 2027 Slate Trump’s DOJ Backs Company In Battle Over Antitrust Suit’s $1.88B Bond Robert De Niro In Talks To Play Tommy Lasorda In Skydance Sports’ ‘Tommy & Me’ Read More About: Comments",0,2026-09-16 14:08:27
16,https://deadline.com/2026/09/cate-blanchett-tokyo-film-festival-displacement-film-fund-1237103780/,Cate Blanchett To Attend Tokyo Film Festival With Displacement Film Fund Shorts,Deadline,2026-09-01T00:00:00,3175,"Skip to main content By Zac Ntim Zac Ntim International Reporter @ZacharyNtim More Stories By Zac Oscars: Spain Selects ‘La Bola Negra’ For International Feature Film Race Cate Blanchett To Attend Tokyo Film Festival With Displacement Film Fund Shorts Screamfest To Open With ‘The Night Driver’ Starring Josh Lucas, David Arquette & Alyssa Milano View All September 16, 2026 12:31am Cate Blanchett speaks on stage during the Cannes Film Festival Teresa Suarez/Pool/Getty Images Cate Blanchett will attend this year’s Tokyo Film Festival with a series of short films supported by her Displacement Film Fund . TIFF will screen five short works produced with support from the Displacement Film Fund, of which Japanese brand Uniqlo is a founding partner. Following the film screenings, there will be a Q&A session with director Mohammad Rasoulof, director Shahrbanoo Sadat ( Super Afghan Gym ), and Blanchett. The screenings will take place the same week that Blanchett is to be honored in Tokyo with the festival’s Praemium Imperiale Award. “I am privileged to have the opportunity to share the inaugural short films supported through the Displacement Film Fund with audiences at Tokyo International Film Festival,” Blanchett said in a statement. Related Stories News Breaking Baz: Léa Seydoux Talks 'Gentle Monster's ""Complexity"" And ""Contradictions"" & Why She Wants To Take More Risks -- Telluride Film Festival Festivals Tokyo Film Festival To Open With 'Sukiyaki' & Close With 'Colony'; 'Godzilla Minus Zero' Set As Centerpiece Film “In a world where conflict and persecution are driving displacement and division, cinematic storytelling has a vital role to play in connecting with the experiences of others. Being displaced shouldn’t mean filmmakers abandon their creativity; in fact, their stories may feel even more urgent.” Watch on Deadline The 2026 Tokyo Film Festival will run from October 26 to November 4. Scroll down to see the short projects. 5 Short Films Supported by the Displacement Film Fund Allies in Exile (40 min., United Kingdom/Syria) Dir: Hasan Kattan Two Syrian filmmakers with a past shaped by war document the trauma of waiting for asylum, using friendship and storytelling to survive exile. Rotation (12 min., Ukraine/Turkey) Dir: Maryna Er Gorbach “Rotation” is a therapeutic hypnosis ritual experienced by a young Ukrainian woman who shifted from civilian life to military service. Sense of Water (39 min., Iran/Germany) Dir: Mohammad Rasoulof In the chill of exile, an Iranian writer confronts a foreign language. Super Afghan Gym (14 min., Germany) Dir: Shahrbanoo Sadat In a gym in downtown Kabul, a group of housewives gathers during the only hour of the day reserved for women. Whispers of a Burning Scent (28 min., Somalia/Austria/Germany) Dir: Mo Harawe A quiet wedding musician finds his private life exposed to public scrutiny TV Ratings, Review, Winners, Snubs & Surprises, Scorecards; More Casey Bloys Celebrates HBO’s 21 Emmy Wins, Gives Updates On 2027 Slate Trump’s DOJ Backs Company In Battle Over Antitrust Suit’s $1.88B Bond Robert De Niro In Talks To Play Tommy Lasorda In Skydance Sports’ ‘Tommy & Me’ Read More About: Comments",0,2026-09-16 14:08:25
15,https://deadline.com/2026/09/disney-kpop-deal-kakao-korea-kpop-demon-hunters-1237104978/,Disney Seeking Next Big K-Pop Hit After Striking Ten-Project Deal With Kakao,Deadline,2026-09-01T00:00:00,2762,"Skip to main content By Max Goldbart Max Goldbart International TV Co-Editor @Goldbart1 More Stories By Max ‘Hunting Gary Glitter’: Netflix Unveils Trailer & Launch Date For Doc About Race To Expose Serial Sex Abuser Bill Nighy Playing Socially-Challenged Literary Titan In Richard Curtis’ Debut Audio Sitcom Disney Seeking Next Big K-Pop Hit After Striking Ten-Project Deal With Kakao View All September 16, 2026 1:09am 'Kpop Demon Hunters' Netflix Could Disney be about to unearth the next big K-pop hit? Disney Korea has struck a deal with Kakao Entertainment to launch what they are calling a “K-culture fund” and is aiming to pursue around 10 projects over the medium to long term. The pair will “collaborate on projects that bring together K-pop IP and Disney’s stories and characters,” they saiid, “aiming to take the K-IP ecosystem to the next level and create new opportunities on the global stage.” Disney and Kakao stressed that the “K-culture fund” still needs to be ironed out, but they hope to do it. Neither company put a figure on the fund. Related Stories News Finecut Scores Sales On Trio Of Titles Starring Members Of K-Pop Groups NCT, Fifty Fifty & The Boyz Late Night TV Jimmy Kimmel ""Play-Acting"" Over James Talarico Interview & FCC Threats, White House Claims Disney is a major player in Korea, with hits including Moving, its first original show in the region. It streams a number of K-pop movies and docs including ones focused on giants like BTS. Watch on Deadline Founded in 2021, Kakao Entertainment is an offshoot of Korean media giant Kakao, owning agencies, production companies and entertainment arms. In coming together, Disney and Kakao are clearly looking at the runaway success of KPop Demon Hunters , made by Sony and shown to the world on Netflix. The animated musical about rival K-pop bands who live double lives as demon hunters was undoubtedly the biggest hit of last year and has had a major impact on K-culture. “K-pop today has evolved into a global cultural phenomenon shaping trends across areas including fashion, beauty, and lifestyle,” a spokesperson for Kakao Entertainment said. “Through this partnership, we look forward to bringing K-pop artists and music together with Disney’s stories – which have been loved around the world for generations – and expanding them into new worlds. We expect this to offer global fans a special kind of joy and inspiration that they have never experienced before.” TV Ratings, Review, Winners, Snubs & Surprises, Scorecards; More Casey Bloys Celebrates HBO’s 21 Emmy Wins, Gives Updates On 2027 Slate Trump’s DOJ Backs Company In Battle Over Antitrust Suit’s $1.88B Bond Robert De Niro In Talks To Play Tommy Lasorda In Skydance Sports’ ‘Tommy & Me’ Read More About: Comments",0,2026-09-16 14:08:24
14,https://deadline.com/2026/09/jodie-whittaker-itv-drama-in-contempt-1237103764/,Jodie Whittaker To Star As Hotshot Media Lawyer In ITV Drama ‘In Contempt’,Deadline,2026-09-01T00:00:00,4633,"Skip to main content By Jesse Whittock Jesse Whittock International TV Co-Editor @WhittockTweets More Stories By Jesse Seriesly Berlin Crowns ‘Hands Up’, Music Drama Featuring Israeli & Palestinian Characters True Crime Remains The Red Hot TV Doc Genre, Ampere Data Shows PBS Buys Dutch Dementia Doc ‘Human Forever’, Which Follows “The Greta Thunberg Of Healthcare” View All September 16, 2026 1:30am Jodie Whittaker Pip in London for CLD Communications EXCLUSIVE: Jodie Whittaker ‘s next starring role will be a hotshot media lawyer in ITV drama In Contempt . Ahead of her role in Hulu pilot Chicks and a part in the London-set Only Murders in the Building Season 6, Whittaker will star in the “high-stakes” legal drama as barrister Olivia Savareid. The character’s top-drawer advocacy skills have built her a career defending people’s reputations and engaging in multi-million pound litigation to prevent their names from being destroyed on social media, but the series will see the tables turned on her. Related Stories News International Revenues Of $2.1B Boost British TV Makers, Census Finds, As Pact Warns BBC Must Avoid ""Managed Decline"" News Tom Jones Claims He Has Been Fired From 'The Voice UK' Because Of ""Financial Difficulty"" Sherlock and Dracula maker Hartswood Films is producing in association with its parent, ITV Studios (ITVS), with the show airing in the UK on ITV and STV and on streamers ITVX and STV Player. ITVS has international distribution rights. Watch on Deadline Steve Thompson ( Sherlock ) is the writer, with Sue Vertue and Steven Moffat the executive producers. Ed Bazalgette ( The Last Kingdom ) is the director and Lawrence Till ( Douglas is Cancelled ) the producer. ITV’s Director of Drama, Polly Hill, who commissioned the show is also overseeing production for the broadcaster. In Contempt establishes Olivia’s challenging working relationship with veteran news director Greg Dalman, who edits a London daily newspaper prone to pushing the boundaries of what can be published. With a reputation for taking no prisoners, Greg has the capability of acting recklessly if he believes it’s in the public interest, and and as his legal counsel, Olivia, must summon all her skills and expertise to keep him out of libel court. She is also the mother of 15-year-old daughter, but when an explosive situation erupts at work, she makes a crucial misjudgement and Olivia’s own reputation is suddenly on the line. “There’s always been a voracious appetite for what happens behind the scenes before news stories are published,” said ITV’s Hill. “Steve has created a gripping and thought-provoking series and I’m thrilled Jodie Whittaker has agreed to play ‘hotshot’ lawyer Olivia Savereid. I have no doubt In Contempt will captivate our audience, as it’s a really timely story for ITV to be telling.” Whittaker, known for leading Doctor Who and ITV drama Broadchurch , said of her role as Savareid. “This is an amazing character in a world I haven’t explored before. Steve Thompson’s writing is an absolute joy to work with and I’m so excited to be embarking on this adventure with such a brilliant creative team at Hartswood Films and ITV.” Vertue said she had been seeking to work with Thompson again since BBC series Sherlock , but that “it was never the right time or the right idea” until now. “Then one day he sat down and said, “In the modern world, if you want to kill someone, you don’t use a gun – you destroy their reputation,’ and so began In Contempt . “A whirlwind drama of cancellation, online poison and media law, where there’s less than 12 hours to stop a headline that could detonate someone’s life. This is the story of now, and this is the series for today. I’m delighted to be working with ITV again and to bring to screen Steve Thompson’s most explosive and personal drama yet.” Thompson called the show “a signature piece for me”, adding: “It unpacks the challenging relationship between the media and the law – between the freedom of the press and people’s right to privacy. In a world where all of us are surfing the net, hungry for the latest gossip, this drama takes us behind the curtain and shows us the lawyers who are in the vanguard of that fight.” In Contempt will begin filming in London in the fall with further casting coming closer to production commencing. TV Ratings, Review, Winners, Snubs & Surprises, Scorecards; More Casey Bloys Celebrates HBO’s 21 Emmy Wins, Gives Updates On 2027 Slate Trump’s DOJ Backs Company In Battle Over Antitrust Suit’s $1.88B Bond Robert De Niro In Talks To Play Tommy Lasorda In Skydance Sports’ ‘Tommy & Me’ Read More About: Comments",0,2026-09-16 14:08:23
13,https://deadline.com/2026/09/richard-curtis-audio-sitcom-bill-nighy-jim-broadbent-1237104987/,Bill Nighy Playing Socially-Challenged Literary Titan In Richard Curtis’ Debut Audio Sitcom,Deadline,2026-09-01T00:00:00,3281,"Skip to main content By Max Goldbart Max Goldbart International TV Co-Editor @Goldbart1 More Stories By Max ‘Hunting Gary Glitter’: Netflix Unveils Trailer & Launch Date For Doc About Race To Expose Serial Sex Abuser Bill Nighy Playing Socially-Challenged Literary Titan In Richard Curtis’ Debut Audio Sitcom Disney Seeking Next Big K-Pop Hit After Striking Ten-Project Deal With Kakao View All September 16, 2026 2:00am Richard Curtis (left) and Bill Nighy Rich Hardcastle / Aliona Adrianova EXCLUSIVE: Richard Curtis is returning to the sitcom game, this time through audio. The Vicar of Dibley, Blackadder and Mr Bean writer-director is making Greatest Living Writer for BBC Radio 4 starring Bill Nighy , Nicola Walker, Nick Mohammed, Jim Broadbent, Meera Syal and Traitors star Madelyn Smedley. It is Curtis’ first sitcom in nearly 20 years and his first for audio. Launching on Boxing Day on Radio 4 and as a BBC Sounds box-set two weeks prior, the series centers on John Westlake (Nighy), a literary titan whose towering genius has earned him global reverence, lifelong indulgence, and absolutely no useful social skills. As those around him absorb the blast radius of his genius, the series plays with creativity, legacy, literary celebrity, family, and the uncomfortable truth that being good at writing does not necessarily make you good at being a pleasant person. The character draws comparisons with the iconic Billy Mack, who Nighy played with aplomb in Love Actually. Related Stories News 'The Celebrity Traitors' Trailer Offers First Glimpse Of Players Including Bella Ramsey & Maya Jama: ""We're In Game Mode Now"" News 'Killing Eve' Origin Story 'Honey' To World Premiere At MIPCOM Curtis is an Oscar-nominated British screen legend whose movie credits include Notting Hill and Four Weddings and a Funeral. Watch on Deadline His last TV sitcom was The Vicar of Dibley, which concluded on the BBC in 2007. He has recently turned to animation: writing and producing Netflix’s That Christmas in 2024 and now producing Not Alone for Universal. Curtis said: “I’m loving working in this tight 15” minute format for the BBC – writing for performers I know and love – and writing something that’s about the creative world I have such direct experience of, as it crashes into family dynamics.” Script editor Emma Freud added: “Of all his writing, this is the closest Richard has written to his life, his world, his home and his experiences. It’s been a joy to see the scripts flowing out of him – I’ve never seen him write so fast or enjoy the process as much. He isn’t the brute at the centre of this comedy – but that brute is, I think, how he would secretly like to behave if he could. Which he can’t.” Goldhawk Productions ‘ Greatest Living Writer is produced by Emma Hearn, John Scott Dryden and Alex Hollands and script edited by Freud. It comes on a BBC audio slate that includes pilots from Nish Kumar and Jake Bhardwaj, along with stand-up and quiz shows. TV Ratings, Review, Winners, Snubs & Surprises, Scorecards; More Casey Bloys Celebrates HBO’s 21 Emmy Wins, Gives Updates On 2027 Slate Trump’s DOJ Backs Company In Battle Over Antitrust Suit’s $1.88B Bond Robert De Niro In Talks To Play Tommy Lasorda In Skydance Sports’ ‘Tommy & Me’ Read More About: Comments",0,2026-09-16 14:08:22
