id,url,title,source,publication_date,text_length,full_text,is_duplicate,created_at
31,https://www.hollywoodreporter.com/news/general-news/hayden-panettiere-dead-wladimir-klitschko-tribute-1236675913/,Hayden Panettiere’s Ex Wladimir Klitschko Speaks Out: “She Left This World Far Too Soon”,Hollywood Reporter,2026-08-18T09:36:49,2989,"× Skip to main content By Scott Roxborough Plus Icon Scott Roxborough Europe Bureau Chief sroxborough Follow Sign Up View All August 18, 2026 2:36am Hayden Panettiere and Wladimir Klitschko attend the 2010 World Music Awards in Monte Carlo. Venturelli/WireImage Wladimir Klitschko has spoken out following news of the death of actress Hayden Panettiere , his former partner and mother to their daughter, Kaya. “Our family is going through a time of profound shock and grief,” the former boxing world champion posted on Instagram early Tuesday, adding to reactions from around the world. “Our family is going through a time of profound shock and grief.” Klitschko said the news of Hayden’s sudden death at 36 “saddens me deeply. She left this world far too soon. Hayden was, although no longer my partner, an important part of my life and the mother of our daughter, Kaya.” Related Stories Movies 'Scream 4' Casting Director Recalls Hayden Panettiere's ""Fierce Warrior Nature"" Helping Her Land Role Critic's Appreciation Hayden Panettiere's Talent Never Got the Next Chapter It Deserved Panettiere and Klitschko met in 2009 and became a couple. They initially split in 2011, but later reconciled and got engaged in 2013. Their daughter, Kaya, was born in December 2014. When Kaya was 3, Klitschko asked Panettiere to sign papers granting him sole custody. Panettiere and Klitschko never married. Their engagement was called off and they separated for good in 2018. Klitschko on Tuesday posted a photo of himself with Panettiere holding their young daughter Kaya, with the girl’s face obscured. View this post on Instagram “She built an incredible career through immense talent, while also facing the darker sides of a very demanding industry,” Klitschko wrote. “Nothing will erase the times we shared or the place she had in our lives. To our daughter Kaya, I will always speak of her mother with respect and make sure she remembers the person she was.” Panettiere, a Golden Globe-nominated actress known for her roles on shows such as Heroes and Nashville , died on Sunday. She was 36. A child actor who had been in the spotlight most of her life, Panettiere struggled with alcohol and drug addiction, and with postpartum depression after Kaya’s birth, as outlined in her raw and candid memoir, This Is Me: A Reckoning , published in May. The coroner’s office overseeing her autopsy released a statement on Monday indicating that there were no signs of trauma found on her body. “I extend my deepest condolences to Hayden’s parents, her friends, and her fans, who are also grieving today. Young and talented people like Hayden should not leave this world so soon,” Klitschko wrote in his statement, asking the public to ” please respect our family’s feelings and privacy during this incredibly difficult time. For now, this is all I wish to say. Thank you to everyone who is supporting my family and expressing their sincere condolences. Rest easy, Hayden. May you find eternal peace.” THR",0,2026-08-18 09:39:33
21,https://variety.com/2026/film/news/hayden-panettiere-ex-wladimir-klitschko-mourns-immense-talent-1236836976/,Hayden Panettiere’s Ex Wladimir Klitschko Remembers Her ‘Immense Talent While Also Facing the Darker Sides’ of the Industry: ‘She Left This World Far Too Soon’,Variety,2026-08-18T09:36:40,4178,"Aug 18, 2026 2:36am PT Hayden Panettiere’s Ex Wladimir Klitschko Remembers Her ‘Immense Talent While Also Facing the Darker Sides’ of the Industry: ‘She Left This World Far Too Soon’ By Ellise Shafer Plus Icon Ellise Shafer Latest Hayden Panettiere Remembered by Viola Davis, Bethany Joy Lenz, Melissa Barrera and More: ‘I Wish the World Had More Time With You’ 24 hours ago The Cure Plays the Hits — and Robert Smith Tears Up at ‘Just Like Heaven’ — in Nostalgic, Whimsical Øyafestivalen Set: Concert Review 5 days ago Ari Emanuel’s Mari Acquires ATG Entertainment, Theater Owner Behind ‘Wicked’ and ‘Harry Potter and the Cursed Child’ Productions 7 days ago See All Getty Images Hayden Panettiere ‘s ex Wladimir Klitschko , who is the father of her 11-year-old daughter Kaya, is mourning the actress following her death on Sunday at the age of 36. In an Instagram post late Monday night, the heavyweight boxing champion wrote that his “family is going through a time of profound shock and grief.” He continued: “The announcement of Hayden’s tragic death saddens me deeply. She left this world far too soon. Hayden was, although no longer my partner, an important part of my life and the mother of our daughter, Kaya. She built an incredible career through immense talent, while also facing the darker sides of a very demanding industry. Nothing will erase the times we shared or the place she had in our lives.” Popular on Variety Related Stories 'The King's Warden' Leads Korea to Best First Half Box Office Since Pandemic Klitschko and Panettiere dated on and off for nearly a decade beginning in 2009, and were at one point engaged before Panettiere gave birth to their daughter, Kaya, in 2014. Their relationship officially ended in 2018, when Panettiere relinquished custody of Kaya amid struggles with postpartum depression and addiction. View this post on Instagram Klitschko added, “To our daughter Kaya, I will always speak of her mother with respect and make sure she remembers the person she was. I extend my deepest condolences to Hayden’s parents, her friends, and her fans, who are also grieving today. Young and talented people like Hayden should not leave this world so soon.” Panettiere was found unresponsive in her home in Greenville, South Carolina, on Sunday afternoon. Her death is under investigation by the Greenville Police Department and Coroner’s Office, though there were “not any signs of foul play or suspicious circumstances.” A cause of death has not yet been released, but People reported that on the dispatch audio, which the outlet obtained, officials could be heard discussing an “overdose” and “cardiac arrest.” An official cause of death will be given following an autopsy. Panettiere had been open about her struggles with alcohol and drugs over the years, and stepped away from the industry in 2016 before returning in 2023 with “Scream VI.” In May of this year, she published a memoir titled “This Is Me: A Reckoning,” in which she wrote candidly about these struggles and the impact of growing up in Hollywood. Variety Toasts French Cinema With Post-Cannes Summer Dinner at Paris’ Laperouse With Thierry Fremaux, Guillaume Canet, Pierre-Antoine Capton, Rebecca Zlotowski and Anamaria Vartolomei ‘Pluribus’ Star Rhea Seehorn on Why She Hasn’t Grilled Vince Gilligan and the Writers About Season 2 Just Yet Netflix Calls for Cap on French Content Investment Rules, Warning Current System Is ‘Unsustainable’ Cannes Breakout Comedy ‘Jim Queen’ Closes Key Deals Ahead of Annecy Screening (EXCLUSIVE) Matt Cherniss on Apple TV’s Impressive Emmys Batting Average, and When ‘Widow’s Bay,’ ‘Pluribus’ and ‘Severance’ Might Return France’s National Film Board to Reduce Funding for Productions That Fail Gender Equality Targets Loading comments... More From Our Brands Rolling Stone Shakira Pledges $1.25 Million to Rebuild Schools Damaged by Earthquake in Colombia Robb Report Wyoming’s First Legal Whiskey Distillery Just Dropped a Bourbon to Celebrate America’s 250th Sportico Mountain West, 5 Departing Schools Agree to $49M Settlement WWD Nike’s Website Is a Treasure Trove of the Best Bodysuits for Women — Shop These 6 Editor-Loved Picks",0,2026-08-18 09:39:22
22,https://variety.com/2026/tv/global/red-water-antoneta-alamat-kusijanovic-zdf-arte-beta-film-1236836971/,"Croatian Crime Drama ‘Red Water,’ Directed by Cannes Prizewinner Antoneta Alamat Kusijanovic, to Be Co-Produced by ZDF/Arte, Beta Film (EXCLUSIVE)",Variety,2026-08-18T09:31:39,5455,"Aug 18, 2026 2:31am PT Croatian Crime Drama ‘Red Water,’ Directed by Cannes Prizewinner Antoneta Alamat Kusijanovic, to Be Co-Produced by ZDF/Arte, Beta Film (EXCLUSIVE) By Leo Barraclough Plus Icon Leo Barraclough International Features Editor LeoBarraclough Latest Venice: M-Appeal Picks Up Chinese Director Jie Dong’s ‘Zoom In, Zoom Out’ Ahead of Premiere (EXCLUSIVE) 4 days ago ‘Black Mirror’ and ‘Loki’ Directors Say They Rejected HBO’s ‘Harry Potter’ Due to J.K. Rowling’s Transphobia: ‘Absolutely F—ing Not’ 4 days ago ‘Heated Rivalry’ Actor Dylan Walsh ‘in Trouble’ After Saying on Cameo That 12 New Episodes Are Being Shot: I’m ‘Stepping Away’ From the Platform 5 days ago See All Ljubica Lukovic (courtesy of Olivier Vigerie), Antoneta Alamat Kusijanovic, Danijel Pek (courtesy of Beta Film) Beta Film has teamed up with ZDF / Arte and Antitalent to co-produce the Croatian crime drama “Red Water,” winner of the 2025 Council of Europe Series Co-Production Development Award at the Sarajevo Film Festival’s CineLink Industry Days. “Red Water,” a six-hour series, is based on Jurica Pavičić’s bestselling novel of the same name, which ranked among the top 10 books of 2025 lists of the Financial Times and Sunday Times. Related Stories 'The King's Warden' Leads Korea to Best First Half Box Office Since Pandemic It is the next Croatian drama series to emerge from the successful partnership between Beta and ZDF/Arte in the Central and Eastern Europe region, following “The Silence” (Šutnja) and the multi-awarded Serbian series “Operation Sabre.” Popular on Variety “Red Water” follows a 17-year-old girl’s mysterious disappearance from a small Croatian coastal town. With the police inquiry yielding no results and the looming Yugoslav Wars diverting attention, the girl’s family is left with no choice but to embark on their own investigation. Almost 30 years of pursuit not only erodes the bonds within the local community but mirror the fate of a whole nation, leaving everyone to reflect on their own personal responsibility. The series is directed by Antoneta Alamat Kusijanović, whose feature film “Murina” was honored at the Cannes Film Festival with the Caméra d’Or, while Canneseries-winning writer Ljubica Luković (“Awake”) is responsible for the scripts, and the Academy Award-nominated Danijel Pek (“The Man Who Could Not Remain Silent”) is producing. Shooting is scheduled for 2027. Simon Ofenloch, commissioning editor at ZDF/Arte, noted that the novel had enjoyed great success across Europe and was “regarded as one of the best European novels of recent years,” receiving numerous awards, including five prestigious literary prizes in France. He added, “With this accomplished novel as its foundation, the series provides a gripping crime story, full of suspense and mystery and featuring complex characters. A chronicle of social upheaval, it offers an effortless insight into the major historical events in the Western Balkans following 1989 and marks an authentic portrayal of the final years of Yugoslavia up to Croatia’s present-day tourist-driven landscape.” Wolfgang Bergmann, CEO of Arte Germany and Arte coordinator at ZDF, said, “The European context of ‘Red Water’ aligns well with Arte’s profile. The creative professionals involved form a European community, working together in a proven and trusted international collaboration. The result is a top-quality series from Europe, made in Europe – for the Arte audience across Europe.” Anna Rohde-Seyfried, international creative executive at Beta Film, said, “We are delighted to collaborate with ZDF/Arte on ‘Red Water.’ Driven by a shared commitment to fostering European stories and talent, this collaboration combines Arte’s vision for distinctive European content with Beta’s expertise in bringing these productions to audiences around the world. We are very grateful for the creative mastery that our talented and visionary team including Antoneta, Ljubica, and Danijel bring to this project as they transform the acclaimed novel into a gripping and emotional series. ‘Red Water’ takes us on a truly complex and thrilling journey, while exploring how war shapes people’s identity and society overall.” “Red Water” is produced by Antitalent in co-production with ZDF/Arte and Beta Film. Beta Film handles international sales. Cannes Breakout Comedy ‘Jim Queen’ Closes Key Deals Ahead of Annecy Screening (EXCLUSIVE) Variety Toasts French Cinema With Post-Cannes Summer Dinner at Paris’ Laperouse With Thierry Fremaux, Guillaume Canet, Pierre-Antoine Capton, Rebecca Zlotowski and Anamaria Vartolomei Cannes Critics’ Week Film ‘Six Months in a Pink and Blue Building’ Sells to Strand Releasing for North America (EXCLUSIVE) Matt Cherniss on Apple TV’s Impressive Emmys Batting Average, and When ‘Widow’s Bay,’ ‘Pluribus’ and ‘Severance’ Might Return Netflix Calls for Cap on French Content Investment Rules, Warning Current System Is ‘Unsustainable’ France’s National Film Board to Reduce Funding for Productions That Fail Gender Equality Targets Loading comments... More From Our Brands Rolling Stone Shakira Pledges $1.25 Million to Rebuild Schools Damaged by Earthquake in Colombia Robb Report Wyoming’s First Legal Whiskey Distillery Just Dropped a Bourbon to Celebrate America’s 250th Sportico Mountain West, 5 Departing Schools Agree to $49M Settlement WWD Nike’s Website Is a Treasure Trove of the Best Bodysuits for Women — Shop These 6 Editor-Loved Picks",0,2026-08-18 09:39:24
1,https://deadline.com/2026/08/klitschko-on-hayden-panettieres-death-daughter-1237043999/,“She Left This World Far Too Soon”: Wladimir Klitschko Issues Statement On Ex Hayden Panettiere’s Death & Promises To Keep Her Memory Alive For Their Daughter Kaya,Deadline,2026-08-18T08:57:15,1934,"Skip to main content By Tom Tapp Tom Tapp Deputy Managing Editor More Stories By Tom 2026-27 Awards Season Calendar: Oscars, Emmys, Grammys, Guilds & More Harrison Ford, Robert Downey Jr. & Ellen Pompeo Pay Tribute To Bob Iger As He Becomes A Disney Legend Watch Kevin Costner’s “Field Of Dreams” MLB Game Intro View All August 18, 2026 1:57am Hayden Panettiere and Wladimir Klitschko at HBO's Post Golden Globe Awards Party in 2011 Alberto E. Rodriguez/Getty Images Hayden Panettiere and Wladimir Klitschko split in 2018, but it was always clear that there remained love and respect between the two. Such was the case tonight when former heavyweight champion Klitschko spoke out for the first time about the untimely death of the 36-year-old Heroes actress, with whom he shared daughter Kaya. Related Stories Obituaries Hayden Panettiere Dies: “Heroes,’ ‘Nashville’ & ‘Scream’ Star Was 36 News Charles Esten Recounts Sweet First Encounter With Hayden Panettiere During ‘Nashville’ Audition: “What A Great Gift It Was To Act With You” “Hayden’s tragic death saddens me deeply,” wrote Klitschko, who lives in Ukraine, in a social media post. “She left this world far too soon. Hayden was, although no longer my partner, an important part of my life and the mother of our daughter, Kaya. She built an incredible career through immense talent, while also facing the darker sides of a very demanding industry. Nothing will erase the times we shared or the place she had in our lives.” The duo was together on and off from 2008 to 2018. They were engaged in 2013, and in 2014 Kaya was born. Panettiere had been open about her struggles with depression and addiction, the latter of which began when she was given “happy pills” at the age of 15. She got Heroes at 16, and graduated to drinking and occasionally taking opioids. Watch on Deadline Kaya’s birth in 2014 brought postpartum depression, which the actress also spoke about publicly.",0,2026-08-18 09:38:59
23,https://variety.com/2026/film/news/sundance-hit-thelma-mandarin-remake-stars-collective-1236836962/,"Sundance Breakout ‘Thelma’ Set for Mandarin Remake by Stars Collective, Titled ‘Grandma, Please’ (EXCLUSIVE)",Variety,2026-08-18T08:11:15,5004,"Aug 18, 2026 1:11am PT Sundance Breakout ‘Thelma’ Set for Mandarin Remake by Stars Collective, Titled ‘Grandma, Please’ (EXCLUSIVE) By Naman Ramachandran Plus Icon Naman Ramachandran Latest Sundance Breakout ‘Thelma’ Set for Mandarin Remake by Stars Collective, Titled ‘Grandma, Please’ (EXCLUSIVE) 1 hour ago ‘Spider-Man: Brand New Day,’ ‘The Odyssey’ Continue Tussle Atop U.K., Ireland Box Office 3 hours ago Johnnie To’s English-Language Debut ‘Two Gun Cohen’ Launches Former XYZ Films Exec Todd Brown’s Rawk Moving Pictures Corp (EXCLUSIVE) 20 hours ago See All David Bolen Stars Collective has acquired the Mandarin-language remake rights to “ Thelma ,” the 2024 Sundance Film Festival breakout that became Magnolia Pictures’ highest-grossing narrative feature, and is developing an adaptation titled “Grandma, Please.” In “Grandma, Please,” an 80-year-old grandmother is swindled out of her life savings by a scammer who uses AI to clone her late husband’s voice. Rather than involve the police or worry her children, she decides to track down the culprit herself – a search that reunites her with an old flame from 60 years earlier, once a basketball team captain and now a resident of a care home. Their journey together turns into a road trip blending comedy with more emotional beats. Related Stories 'The King's Warden' Leads Korea to Best First Half Box Office Since Pandemic The original “Thelma,” written and directed by Josh Margolin and produced by Zurich Avenue and Bandwagon, starred a then-93-year-old June Squibb in the title role, with Parker Posey as her uptight daughter and Fred Hechinger as her grandson. The film was released theatrically in the U.S. by Magnolia Pictures. Popular on Variety Peter Luo, known for “Malignant,” “Scary Stories to Tell in the Dark” and “Crazy Rich Asians,” is writing the adapted screenplay and producing alongside Stars Collective Co-CEO Nancy Xu and Wayne Wei Jiang, whose credits include “The Meg.” Luo and Xu most recently executive produced “The Rip,” starring Matt Damon and Ben Affleck, which reached No. 1 on Netflix’s global film chart. Xu negotiated the deal with Team Thelma LLC, which produced and owns the original film and controls its remake rights. Production on “Grandma, Please” is expected to begin in the second half of 2027. “‘Thelma’ may have seemed like an unlikely action-comedy hit, but the movie really played intergenerationally and the audience reflected this,” Luo said. “The story’s appeal extends beyond seniors, and we love the message the film sends – at any age, you can be the lead in your own life. We have an exciting vision for this reimagining and are excited to share it.” Xu said senior-led stories such as “Thelma” and “How to Make Millions Before Grandma Dies” have been driving global box office surprises, and this reimagining aims to ride that same wave. “‘Grandma, Please’ offers a fun genre premise with real social relevance beneath the comedy, and we feel this will translate to box office popularity,” Xu added. Founded in 2020 by Luo, Stars Collective is a global intellectual property company with operations in Los Angeles, China and Japan. The company has more than 60 original IPs in development across film, animation, games, consumer products and immersive experiences. Recent Stars Collective productions include “The Monkey” and “PLayland.” The company holds a 25-year exclusive merchandising license for “The Garfield Movie” in Greater China, covering all categories except theme park and stage rights. Stars Collective also optioned the film rights to the nonfiction book “Fortunate Sons: The 120 Chinese Boys Who Came to America, Went to School, and Revolutionized an Ancient Civilization,” and is developing a movie adaptation with Academy Award winner Donna Gigliotti. Stars Collective is also building a studio focused on generative technology that will bring Hollywood filmmakers together with AI tools. Cannes Critics’ Week Film ‘Six Months in a Pink and Blue Building’ Sells to Strand Releasing for North America (EXCLUSIVE) Cannes’ Critics’ Week Reveals Lineup of Armenian Filmmakers Taking Part in Next Step Studio Program (EXCLUSIVE) Netflix Calls for Cap on French Content Investment Rules, Warning Current System Is ‘Unsustainable’ Cannes Breakout Comedy ‘Jim Queen’ Closes Key Deals Ahead of Annecy Screening (EXCLUSIVE) Matt Cherniss on Apple TV’s Impressive Emmys Batting Average, and When ‘Widow’s Bay,’ ‘Pluribus’ and ‘Severance’ Might Return ‘Pluribus’ Star Rhea Seehorn on Why She Hasn’t Grilled Vince Gilligan and the Writers About Season 2 Just Yet Loading comments... More From Our Brands Rolling Stone Shakira Pledges $1.25 Million to Rebuild Schools Damaged by Earthquake in Colombia Robb Report Wyoming’s First Legal Whiskey Distillery Just Dropped a Bourbon to Celebrate America’s 250th Sportico Mountain West, 5 Departing Schools Agree to $49M Settlement WWD Nike’s Website Is a Treasure Trove of the Best Bodysuits for Women — Shop These 6 Editor-Loved Picks",0,2026-08-18 09:39:25
2,https://deadline.com/2026/08/jon-ronson-things-fell-apart-returns-season-3-bbc-1237042799/,Jon Ronson Culture Wars Series ‘Things Fell Apart’ Returns For Third Season On BBC – This Time Exploring David Vs. Goliath Stories,Deadline,2026-08-18T08:00:00,2976,"Skip to main content By Jesse Whittock Jesse Whittock International TV Co-Editor @WhittockTweets More Stories By Jesse Hayden Panettiere: Emma Roberts, Melissa Barrera, David Arquette, Viola Davis & More Pay Tribute To “Amazing Talent” Creator Management Firm CMG Talent Unveils Raft Of Hires DramaBox Sets Brazilian Vertical Series From Cimarron & Trio Of Colombian Originals In Latin American Push View All August 18, 2026 1:00am 'Things Fell Apart' BBC EXCLUSIVE: Jon Ronson ‘s audio series Things Fell Apart is returning for a third season next year. The new season, the show’s first in three years, will follow the British-American gonzo journalist as he explores eight stories of outsiders fighting powerful institutions. Per the synopsis, it will include “all too human stories about the moment one person decides to stop accepting the world as it is… stories about what happens when someone attempts to spark that hardest thing – a shift in power. Stories that often have unexpected – and sometimes terrible – consequences.” Related Stories News BBC's 'Vigil' Season 3 Teaser Sees Suranne Jones & Rose Leslie's Detective Pair On An Artic Trek In Search Of Answers News BBC Seeks To Subpoena Ivanka Trump, Jared Kushner & Don Jr. In Defamation Lawsuit BBC Studios Audio is producing for BBC Radio 4 and BBC Sounds , with Sarah Shebbeare the executive producer. The season is planned for an early 2027 launch, nearly three years after Season 2. Watch on Deadline Season 1 of the show, launched in 2021, saw Ronson scour history for the origins on the culture wars, while Season 2 three years later dealt with eight more stories about the new battle lines in the same cultural conflict, which had snowballed during lockdown. However, Ronson has now identified a new trend – individuals declaring war on powerful organizations, and this will be the basis of Season 3. “A new season of Things Fell Apart has become an event in itself, thanks to the creative excellence and hard work of Jon and his team,” said Daniel Clarke, BBC Radio 4 Factual Commissioning Editor. “There is simply no one else working in audio who has the same capacity to combine the epic with the intimate and to tell stories that make us think so hard, as well as evoking such spine-tingling feelings.” “I think we’ve managed to find some extraordinary stories about what happens when an individual takes on a Goliath – a powerful institution or hierarchy or belief system,” added Ronson. “How do these things go right, or wrong? How does a shift in power happen? And how do the institutions snap back? These are nuanced, unfolding human stories, with twists and turns, like mini movies.” ‘Nashville’ & ‘Heroes’ Star Dies At 36; Career In Photos; Tributes Spidey Posts 2nd-Best Third Frame Ever; ‘Oak Street’ Out-Dinos ‘PAW Patrol’ Demands Huge Bond From AGs & WGA Over Costs Of “Roadblock” Suit HBO Renews ‘IT: Welcome To Derry’ For Season 2; Brad Caleb Kane Sole Showrunner Read More About: Comments",0,2026-08-18 09:39:00
24,https://variety.com/2026/film/box-office/spider-man-brand-new-day-the-odyssey-continue-tussle-uk-ireland-box-office-1236836944/,"‘Spider-Man: Brand New Day,’ ‘The Odyssey’ Continue Tussle Atop U.K., Ireland Box Office",Variety,2026-08-18T06:54:02,4243,"Aug 17, 2026 11:54pm PT ‘Spider-Man: Brand New Day,’ ‘The Odyssey’ Continue Tussle Atop U.K., Ireland Box Office By Naman Ramachandran Plus Icon Naman Ramachandran Latest Sundance Breakout ‘Thelma’ Set for Mandarin Remake by Stars Collective, Titled ‘Grandma, Please’ (EXCLUSIVE) 1 hour ago ‘Spider-Man: Brand New Day,’ ‘The Odyssey’ Continue Tussle Atop U.K., Ireland Box Office 2 hours ago Johnnie To’s English-Language Debut ‘Two Gun Cohen’ Launches Former XYZ Films Exec Todd Brown’s Rawk Moving Pictures Corp (EXCLUSIVE) 20 hours ago See All Everett Collection Sony’s superhero tentpole “ Spider-Man: Brand New Day ” dominated the U.K. and Ireland box office for a third consecutive weekend, adding £6.1 million ($8.3 million), elevating its running total to $106.5 million after 20 days of release. Universal’s epic “ The Odyssey ” held onto second place in its fifth frame. Directed by Christopher Nolan , the wide release collected $5 million, driving its cume to $93.4 million. Related Stories 'The King's Warden' Leads Korea to Best First Half Box Office Since Pandemic Warner Bros.’ “The End of Oak Street,” starring Anne Hathaway and Ewan McGregor, arrived in third place with an opening weekend of $2.8 million. Trafalgar Releasing claimed fourth spot with the wide event cinema launch of music doc “Katseye: Wild Hearts,” which banked $981,457 in its debut frame. Popular on Variety Paramount’s “Paw Patrol: The Dino Movie” moved to fifth position in its second weekend, adding £$940,306 for a cumulative total of $4.3 million. Disney took sixth place with “Toy Story 5,” which added £$714,080 in its ninth frame to lift its running total to $74.7 million. Universal’s “Minions & Monsters” followed in seventh position in its seventh week, generating $546,233 to push its cume to $23.2 million. A24 secured eighth place with the debut of Matt Johnson’s Anthony Bourdain film “Tony,” starring Dominic Sessa and Antonio Banderas, taking $544,524. Disney’s live-action “Moana” took ninth spot in its sixth week of release, collecting $441,419 to raise its running total to $17.2 million. TGS Cinemas Limited rounded out the top 10 with the launch of Indian drama “Vishwanath & Sons,” which generated an opening frame of $378,751. Looking ahead to the upcoming theatrical frame, rollouts began with Source Entertainment releasing Chris Atkins’ music documentary “James: Getting Away with It” across more than 100 locations. Wide commercial openings across 300+ locations include horror sequel “Insidious: Out of the Further,” distributed by Sony, Studiocanal’s Jason Statham vehicle “Mutiny,” and Black Bear’s comedy “Spa Weekend.” Debuts also include Altitude’s long-awaited “Coyote vs. Acme,” Mubi’s “Teenage Sex and Death at Camp Miasma,” Icon’s “& Sons,” Universal’s “Stop! That! Train!,” and Vue Lumiere’s “David.” Repertory screenings feature Park Circus re-releasing the 30th anniversary restoration of Danny Boyle’s “Trainspotting” alongside Aardman’s animated comedy “Early Man.” Anime Ltd is re-releasing a restored version of Miyazaki Hayao’s 1989 masterpiece “Kiki’s Delivery Service.” Variety Toasts French Cinema With Post-Cannes Summer Dinner at Paris’ Laperouse With Thierry Fremaux, Guillaume Canet, Pierre-Antoine Capton, Rebecca Zlotowski and Anamaria Vartolomei Cannes’ Critics’ Week Reveals Lineup of Armenian Filmmakers Taking Part in Next Step Studio Program (EXCLUSIVE) Netflix Calls for Cap on French Content Investment Rules, Warning Current System Is ‘Unsustainable’ Cannes Breakout Comedy ‘Jim Queen’ Closes Key Deals Ahead of Annecy Screening (EXCLUSIVE) Cannes Critics’ Week Film ‘Six Months in a Pink and Blue Building’ Sells to Strand Releasing for North America (EXCLUSIVE) ‘Pluribus’ Star Rhea Seehorn on Why She Hasn’t Grilled Vince Gilligan and the Writers About Season 2 Just Yet Loading comments... More From Our Brands Rolling Stone Shakira Pledges $1.25 Million to Rebuild Schools Damaged by Earthquake in Colombia Robb Report Wyoming’s First Legal Whiskey Distillery Just Dropped a Bourbon to Celebrate America’s 250th Sportico Mountain West, 5 Departing Schools Agree to $49M Settlement WWD Nike’s Website Is a Treasure Trove of the Best Bodysuits for Women — Shop These 6 Editor-Loved Picks",0,2026-08-18 09:39:26
25,https://variety.com/2026/tv/news/rosie-o-donnell-hosts-jimmy-kimmel-live-slams-trump-1236836907/,"Rosie O’Donnell Shines in ‘Jimmy Kimmel Live’ Hosting Debut, Attacks ‘Mango Mussolini’ Trump and Gives Moving Hayden Panettiere Tribute",Variety,2026-08-18T04:25:27,5038,"Aug 17, 2026 9:25pm PT Rosie O’Donnell Shines in ‘Jimmy Kimmel Live’ Hosting Debut, Attacks ‘Mango Mussolini’ Trump and Gives Moving Hayden Panettiere Tribute By Marlow Stern Plus Icon Marlow Stern Chief Correspondent Latest American Independent Film Production Is Dying. Jeff Nichols Wants to Save It. 18 hours ago Rosie O’Donnell Was ‘Surprised’ by Jimmy Kimmel’s Guest-Hosting Offer and Believes a David Ellison-Run CNN Would Be ‘Tragic’ 19 hours ago Hollywood Failed Hayden Panettiere 1 day ago See All ABC When Jimmy Kimmel announced that Rosie O’Donnell would be filling in as a week-long guest host of “ Jimmy Kimmel Live ” during his summer vacation, he teased it would be “a special treat” for Donald Trump , who’s harbored a 20-year-long vendetta against the comic for her mocking his bankruptcies on “The View” back in 2006. O’Donnell told Variety she was “surprised” by the guest-hosting offer from Kimmel, given the pair’s “adversarial relationship” and the fact that she’d never even been asked on as a guest, but she was “thankful” and accepted nevertheless, owing in large part to her support of Kimmel during Trump’s relentless campaign to get his late-night show canceled over jokes he didn’t like. Popular on Variety Related Stories 'The King's Warden' Leads Korea to Best First Half Box Office Since Pandemic “I support [Kimmel] in what he’s doing with the First Amendment, and our ability as entertainers and citizens to speak out against our government that’s enshrined in the Founding Fathers’ writings about our government, so I think he’s fantastic,” O’Donnell said. “And I wish that Stephen Colbert had the same kind of support when it happened to him, because he shouldn’t be gone either.” On Monday night, O’Donnell kicked off her “Jimmy Kimmel Live” hosting duties by strutting out onstage in a bright pink suit adorned with flowers — to lengthy applause and chants of “RO-SIE! RO-SIE!” — before declaring, “If you thought the president hated ‘Jimmy Kimmel Live!’ when it was hosted by Jimmy Kimmel? Buckle up, people! Buckle up .” The former host of “The Rosie O’Donnell Show” and “The View” continued taking shots at her thin-skinned nemesis during her monologue, joking, “I’ve been living in Ireland for the past two years because of ‘Mango Mussolini.’ I read that Project 2025 and said, ‘Gotta get myself out of here!’ and I decided to go to Ireland where people are driven to drink regardless of who’s running their country.” At one point during her monologue, she turned to the camera and addressed Trump, saying, “Hi! I know you’re watching!” O’Donnell seemed cool and collected at the helm of a late-night show after decades away from TV hosting, regaling the audience with jokes about her time living in Ireland, including the disarming kindness of strangers (compared to New York City), their enthusiastic drinking and trying to ask out her (straight) pharmacist, and getting along famously with her guests, including “Ted Lasso” star Hannah Waddingham, who announced herself as a huge Rosie fan (“I can’t believe I’m talking to Rosie O’Donnell… I’m losing my mind!” she exclaimed), and “Schmigadoon!’s” Ana Gasteyer. Between guests, O’Donnell choked up while giving a moving tribute to the late Hayden Panettiere , who tragically passed away on Sunday at the age of 36. Panettiere had been a favorite guest of “The Rosie O’Donnell Show” as a child actress. “I’m just heartbroken over the passing of Hayden Panettiere last night. She was on my show many times as a little girl, and I got to know her as a grown woman,” offered O’Donnell. “And she was so brave talking about mental health before people were really ready to hear about it, and very sad. My love to her family and friends, and she will be missed. Godspeed, Hayden.” Overall, O’Donnell seemed to acquit herself well as a late-night host. Cue the angry Trump posts. Netflix Calls for Cap on French Content Investment Rules, Warning Current System Is ‘Unsustainable’ Variety Toasts French Cinema With Post-Cannes Summer Dinner at Paris’ Laperouse With Thierry Fremaux, Guillaume Canet, Pierre-Antoine Capton, Rebecca Zlotowski and Anamaria Vartolomei ‘Pluribus’ Star Rhea Seehorn on Why She Hasn’t Grilled Vince Gilligan and the Writers About Season 2 Just Yet Matt Cherniss on Apple TV’s Impressive Emmys Batting Average, and When ‘Widow’s Bay,’ ‘Pluribus’ and ‘Severance’ Might Return Cannes’ Critics’ Week Reveals Lineup of Armenian Filmmakers Taking Part in Next Step Studio Program (EXCLUSIVE) Cannes Critics’ Week Film ‘Six Months in a Pink and Blue Building’ Sells to Strand Releasing for North America (EXCLUSIVE) Loading comments... More From Our Brands Rolling Stone Shakira Pledges $1.25 Million to Rebuild Schools Damaged by Earthquake in Colombia Robb Report Wyoming’s First Legal Whiskey Distillery Just Dropped a Bourbon to Celebrate America’s 250th Sportico Mountain West, 5 Departing Schools Agree to $49M Settlement WWD Nike’s Website Is a Treasure Trove of the Best Bodysuits for Women — Shop These 6 Editor-Loved Picks",0,2026-08-18 09:39:27
26,https://variety.com/2026/film/news/vin-diesel-fast-forever-starts-shooting-december-1236836906/,Vin Diesel Says ‘Fast Forever’ Starts Shooting in December,Variety,2026-08-18T04:20:59,3252,"Aug 17, 2026 9:20pm PT Vin Diesel Says ‘Fast Forever’ Starts Shooting in December By Jack Dunn , Marc Malkin AFP via Getty Images Vin Diesel says filming for “ Fast Forever ” has a start date. “We start shooting in December, if I can make good on the request from the studio,” Diesel told Variety Monday night at the 25th anniversary screening of “ The Fast and the Furious .” “I’m in a good place, though. I had to go through four sets of writers, four years of development, to get to something that I felt would be worthy of a finale. And when I read the script a couple of weeks ago, [I cried].” Related Stories 'The King's Warden' Leads Korea to Best First Half Box Office Since Pandemic Inside the screening, Diesel addressed the audience before the lights dimmed and shared more details about how the “Fast Forever” script brought him to tears. Popular on Variety “I’m going to tell you something personal,” he said. “It was after four different writers, four years of development, and after I read the script, halfway through, one tear. By the end of the script that we crafted and worked so hard to make right for you after four years, I was crying. I couldn’t hold it back, and I had to tell everyone . And my sister said, ‘No more crying, bro.’ So I just want to say that sometimes, even the toughest guys in the world need to cry.” Vin Diesel says “Fast Forever,” the 11th and final mainline film in the series, starts shooting in December. https://t.co/sX845k7xvi pic.twitter.com/XRH3q9Kp72 — Variety (@Variety) August 18, 2026 “Fast Forever,” the 11th and final mainline film in the series, hits theaters on March 17, 2028. “Fast & Furious” is Universal’s longest-running franchise and its most profitable, with a combined worldwide gross of $7.3 billion. While Diesel is all in on the latest “Fast Forever” draft, director Louis Leterrier recently told Polygon that he’s yet to read the script. “I’d love to tell you the full truth, but I can’t,” Leterrier said. “There will be an ending, and it’s great. I was very, very lucky to be part of the franchise, and I love Vin and I love Universal. They’re great to work with. So yeah. We’ll see, hopefully.” Netflix Calls for Cap on French Content Investment Rules, Warning Current System Is ‘Unsustainable’ ‘Pluribus’ Star Rhea Seehorn on Why She Hasn’t Grilled Vince Gilligan and the Writers About Season 2 Just Yet Matt Cherniss on Apple TV’s Impressive Emmys Batting Average, and When ‘Widow’s Bay,’ ‘Pluribus’ and ‘Severance’ Might Return Cannes’ Critics’ Week Reveals Lineup of Armenian Filmmakers Taking Part in Next Step Studio Program (EXCLUSIVE) France’s National Film Board to Reduce Funding for Productions That Fail Gender Equality Targets Cannes Critics’ Week Film ‘Six Months in a Pink and Blue Building’ Sells to Strand Releasing for North America (EXCLUSIVE) Loading comments... More From Our Brands Rolling Stone Shakira Pledges $1.25 Million to Rebuild Schools Damaged by Earthquake in Colombia Robb Report Wyoming’s First Legal Whiskey Distillery Just Dropped a Bourbon to Celebrate America’s 250th Sportico Mountain West, 5 Departing Schools Agree to $49M Settlement WWD Nike’s Website Is a Treasure Trove of the Best Bodysuits for Women — Shop These 6 Editor-Loved Picks",0,2026-08-18 09:39:28
27,https://variety.com/2026/film/news/michelle-rodriguez-hayden-panettiere-world-music-awards-1236836885/,Michelle Rodriguez Remembers Hayden Panettiere After Co-Hosting World Music Awards: ‘Can’t Stand How Many Young People Are Leaving Us Lately’,Variety,2026-08-18T03:35:12,4124,"Aug 17, 2026 8:35pm PT Michelle Rodriguez Remembers Hayden Panettiere After Co-Hosting World Music Awards: ‘Can’t Stand How Many Young People Are Leaving Us Lately’ By Jack Dunn , Marc Malkin Getty Michelle Rodriguez is sharing her memories of Hayden Panettiere after the “Scream 4” star died at age 36 on Sunday. Rodriguez and Panettiere co-hosted the World Music Awards back in 2010. When asked what she remembers about Panettiere while walking the carpet at the 25th anniversary screening of “The Fast and the Furious,” Rodriguez told Variety , “Her curious spirit and how happy and joyous she is, because that’s her memory, right? I’ve got to tell you, man, I just can’t stand how many young people are leaving us lately. It’s disheartening, and it’s making me think, ‘What’s going on?’ It’s not normal.” Related Stories 'The King's Warden' Leads Korea to Best First Half Box Office Since Pandemic She added, “I don’t want to speculate about anything, but it’s weird. Just in general, the amount and the volume of it since 2010 to now, it’s a lot.” Popular on Variety Michelle Rodriguez, who co-hosted the World Music Awards with Hayden Panettiere, remembers her as “happy and joyous” with a “curious spirit”: “I just can’t stand how many young people are leaving us lately. It’s disheartening. It’s not normal.” https://t.co/HCqrNMMe1z pic.twitter.com/sghig5ipiH — Variety (@Variety) August 18, 2026 Many celebrities shared tributes for Panettiere online after news broke of her death. Viola Davis, who starred alongside Panettiere in the 2016 drama film “Custody,” shared a tribute on Instagram, writing, “I wish the world had more time with you because I had a burning curiosity about who you were becoming. I saw this beautiful Phoenix rising from the ashes. Your tests became your testimony, and your testimony became your legacy. You will be remembered. Rest well, Hayden. Sending healing prayers to your family, your daughter, and all who loved you. May they always speak your name.” Panettiere’s good friend and “One Tree Hill” star Bethany Joy Lenz likewise posted a remembrance on social media, along with photos of them together throughout the years. She wrote, “I knew the wild little blonde. Was she nine? Ten? I was eighteen. She ran through the Screen Gem studio hallways at 222 E44th St. laughing and playing games in between blocking and camera rehearsals. Long, unruly curls trailing behind her. She knew her lines and everyone else’s. Her intelligence was astonishing. She understood scenes and nuance and human struggle like no child I’d ever seen on camera. And she’d sit with you for a great conversation, then giggle and go play.” A cause of death has yet to be released. Panettiere’s father told ABC News on Sunday night, “It is with profound sadness that we share the tragic passing of our beloved Hayden. She was an incredible light and a force of nature who brought immeasurable love and joy to all who knew her — and to the millions who watched her onscreen.” Cannes’ Critics’ Week Reveals Lineup of Armenian Filmmakers Taking Part in Next Step Studio Program (EXCLUSIVE) Cannes Breakout Comedy ‘Jim Queen’ Closes Key Deals Ahead of Annecy Screening (EXCLUSIVE) France’s National Film Board to Reduce Funding for Productions That Fail Gender Equality Targets Variety Toasts French Cinema With Post-Cannes Summer Dinner at Paris’ Laperouse With Thierry Fremaux, Guillaume Canet, Pierre-Antoine Capton, Rebecca Zlotowski and Anamaria Vartolomei Cannes Critics’ Week Film ‘Six Months in a Pink and Blue Building’ Sells to Strand Releasing for North America (EXCLUSIVE) ‘Pluribus’ Star Rhea Seehorn on Why She Hasn’t Grilled Vince Gilligan and the Writers About Season 2 Just Yet Loading comments... More From Our Brands Rolling Stone Shakira Pledges $1.25 Million to Rebuild Schools Damaged by Earthquake in Colombia Robb Report Wyoming’s First Legal Whiskey Distillery Just Dropped a Bourbon to Celebrate America’s 250th Sportico Mountain West, 5 Departing Schools Agree to $49M Settlement WWD Nike’s Website Is a Treasure Trove of the Best Bodysuits for Women — Shop These 6 Editor-Loved Picks",0,2026-08-18 09:39:29
3,https://deadline.com/2026/08/charles-esten-tribute-hayden-panettiere-nashville-dead-1237043868/,Charles Esten Recounts Sweet First Encounter With Hayden Panettiere During ‘Nashville’ Audition: “What A Great Gift It Was To Act With You”,Deadline,2026-08-18T03:28:51,4456,"Skip to main content By Nellie Andreeva Nellie Andreeva Editor-In-Chief @DeadlineNellie More Stories By Nellie Charles Esten Recounts Sweet First Encounter With Hayden Panettiere During ‘Nashville’ Audition: “What A Great Gift It Was To Act With You” “Just Heartbreak”: Connie Britton Mourns ‘Nashville’ Co-Star Hayden Panettiere ‘Clueless’ Eyes More OG Cast Returns Alongside Alicia Silverstone For Paramount+ Limited Series View All August 17, 2026 8:28pm Hayden Panettiere and Charles Esten in 'Nashville' Katherine Bombay-Thornton / ABC Following Connie Britton’s heartfelt tribute to Hayden Panettiere , who died Sunday at the age of 36 , fellow Nashville alum Charles Esten also remembered his former co-star. Esten was a late cast addition to the Nashville pilot and the last series regular to be announced in March 2012 on the country music drama about fading Nashville superstar Rayna James (Britton) who is forced to team up with teen sensation Juliette Barnes (Panettiere). In his Instagram post Monday next to a gallery of photos with Panettiere from the show, Esten recounted his first audition for the role of guitarist and songwriter Deacon Claybourne in a soundstage office in Hollywood. Watch on Deadline Related Stories Obituaries ""Just Heartbreak"": Connie Britton Mourns 'Nashville' Co-Star Hayden Panettiere News Hayden Panettiere Autopsy Shows No Signs Of Trauma “I had read two Deacon scenes before pulling out my guitar and singing two songs. I said my goodbyes and, hoping I’d done well, went to open the door to leave. Instead of swinging all the way out, the door bumped into somebody. Kinda hard,” he wrote. “To my complete surprise, It was Hayden Panettiere , who – in full Juliette Barnes mode – had been listening with her ear to the door. Instead of looking even a little bit caught, her face instantly bloomed into the most beautiful smile. Eyes twinkling, she clapped her hands and said, ‘That was so good!!’ I can promise you that in that moment, there was nothing in the world I needed to hear more than that.” That was the first time Esten met Panettiere who also was auditioning. “It was her turn to go in, so as I went to leave, I said a jokingly cocky, “See you on the set!’,” he recalled. Panettiere landed the role of Juliette weeks before Esten was cast after many rounds of testing. When he showed up in Nashville, where the series was filmed, to start work, Panettiere “walked right up to me, pointed in my face, and with that magical grin said, ‘See you on the set!’,” Esten wrote. “From there, we became fast friends, working very hard to play those 2 troubled Nashvillians, but always having fun and laughing a whole lot along the way.” As they butted heads at the start of Nashville , Rayna and Juliette also fought over Deacon. Rayna’s longtime guitarist, who had always been in love with her, accepted Juliette’s offer to co-write songs together and later joined her on tour. (In an unfortunate plot development, the two also hooked up in the third episode, something Nashville fans prefer to forget.) “She was, of course, extraordinarily talented, infusing her larger-than-life character with all the heart, charisma, humor, whip-smart intelligence, and flat-out magic that were, alongside whatever troubles and pain she carried, a part of her own personal palette,” Esten wrote about Panettiere. “What a great gift it was to act with her, sing with her, and to just be her friend.” On the show, both Deacon and Juliette struggled with alcoholism, something Panettiere had said hit too hold to home for her as it mirrored her real-life addition problems. Esten also recalled Panettiere being “extremely kind” to his wife Patty. “Together, we are heartbroken that she is gone, and praying for her family, and for all those who, like us, will miss and mourn her so dearly,” he wrote. “God bless you, Hayden. Rest In Peace and Light ❤️” Earlier on Monday, Britton posted her own remembrance on IG , which also featured a series of photos from the set of Nashville . “I have no words for this sad song. Just heartbreak,” she wrote. “I love you girl. Sleep easy now. 💔” View this post on Instagram ‘Nashville’ & ‘Heroes’ Star Dies At 36; Career In Photos; Tributes Spidey Posts 2nd-Best Third Frame Ever; ‘Oak Street’ Out-Dinos ‘PAW Patrol’ Demands Huge Bond From AGs & WGA Over Costs Of “Roadblock” Suit HBO Renews ‘IT: Welcome To Derry’ For Season 2; Brad Caleb Kane Sole Showrunner Read More About: Comments",0,2026-08-18 09:39:01
28,https://variety.com/2026/tv/news/jeanie-buss-lakers-sale-bob-iger-josh-kushner-1236836879/,Jeanie Buss Seeks to Contest Sale of Los Angeles Lakers to Bob Iger and Josh Kushner: Report,Variety,2026-08-18T03:22:15,3881,"Aug 17, 2026 8:22pm PT Jeanie Buss Seeks to Contest Sale of Los Angeles Lakers to Bob Iger and Josh Kushner: Report By William Earl Plus Icon William Earl @beautifulbill Latest Jeanie Buss Seeks to Contest Sale of Los Angeles Lakers to Bob Iger and Josh Kushner: Report 6 hours ago Webtoon Entertainment Dives into Vertical Shorts, Setting ‘Love Bites’ and ‘Maybe Meant to Be’ as Microdramas 17 hours ago ‘The Radio Doesn’t Play Songs for Me Anymore’: Tailgaters at the Foo Fighters’ Stadium Tour Mourn the Dimming Light of Rock Music 4 days ago See All Gina Ferazzi / Los Angeles Times via Getty Images Jeanie Buss , the Los Angeles Lakers owner who has been the face of the team since the death of her father Jerry Buss in 2013, is reportedly contesting the plan approved by her siblings to sell the family’s remaining 18% stake in the storied NBA franchise to investors Bob Iger and Josh Kushner. ESPN and numerous outlets reported Monday that Buss is challenging her siblings’ right to approve the sale of the team to the former Disney CEO and Kushner, an investor who founded Thrive Capital in 2010 at age 24. Related Stories 'The King's Warden' Leads Korea to Best First Half Box Office Since Pandemic Jeanie Buss and her five siblings — Jesse, Jim, Johnny, Janie and Joey — have had complicated legal maneuvering around the management of the team. In 2017, following a litigation process, Jeanie was designated the controlling owner of the team through 2030. Jeanie Buss’ attorneys indicated that she asserts that she has the right to approve any sale of the team. Iger reportedly had met with Jeanie and vowed to honor the agreement she had with Mark Walter to remain at the helm through 2030. Popular on Variety Walter, the CEO of Guggenheim Partners, acquired the Lakers from the Buss family in June 2025. The deal was finalized in October 2025, when the NBA distributed a photo of Walter sitting next to a smiling Jeanie Buss. A representative for Iger and Kushner did not immediately respond to a request for comment late Monday. Per ESPN, Jeanie Buss’ lawyer, Adam Streisand, has sent correspondence to the five Buss siblings who voted to sell that “a court had ruled in 2017 that no sale could be “effectuated without approval by the co-trustees, i.e. Jeanie, Janie and Joey Buss,” as reported by ESPN’s Ramona Shelburne. Iger and Kushner surprised the industry and the sports world on Aug. 12 with their deal to acquire the Lakers from Walter for $12.5 billion — a premium from the $10 billion that Walter paid just a year ago. Since then, the New York Times, Wall Street Journal and other outlets have reported that Walter is the focus of a federal probe into how he has handled some of his sports investments in recent years. Matt Cherniss on Apple TV’s Impressive Emmys Batting Average, and When ‘Widow’s Bay,’ ‘Pluribus’ and ‘Severance’ Might Return Cannes Breakout Comedy ‘Jim Queen’ Closes Key Deals Ahead of Annecy Screening (EXCLUSIVE) Variety Toasts French Cinema With Post-Cannes Summer Dinner at Paris’ Laperouse With Thierry Fremaux, Guillaume Canet, Pierre-Antoine Capton, Rebecca Zlotowski and Anamaria Vartolomei Netflix Calls for Cap on French Content Investment Rules, Warning Current System Is ‘Unsustainable’ Cannes’ Critics’ Week Reveals Lineup of Armenian Filmmakers Taking Part in Next Step Studio Program (EXCLUSIVE) ‘Pluribus’ Star Rhea Seehorn on Why She Hasn’t Grilled Vince Gilligan and the Writers About Season 2 Just Yet Loading comments... More From Our Brands Rolling Stone Shakira Pledges $1.25 Million to Rebuild Schools Damaged by Earthquake in Colombia Robb Report Wyoming’s First Legal Whiskey Distillery Just Dropped a Bourbon to Celebrate America’s 250th Sportico Mountain West, 5 Departing Schools Agree to $49M Settlement WWD Nike’s Website Is a Treasure Trove of the Best Bodysuits for Women — Shop These 6 Editor-Loved Picks",0,2026-08-18 09:39:30
32,https://www.hollywoodreporter.com/movies/movie-news/hayden-panettiere-scream-4-casting-director-tribute-death-1236675810/,‘Scream 4’ Casting Director Recalls Hayden Panettiere’s “Fierce Warrior Nature” Helping Her Land Role,Hollywood Reporter,2026-08-18T02:04:11,4504,"× Skip to main content By Ryan Gajewski Plus Icon Ryan Gajewski Senior Entertainment Reporter View All August 17, 2026 7:04pm Hayden Panettiere in 'Scream VI.' Courtesy of Everett Collection Among the performances for which Hayden Panettiere has been most fondly remembered in light of her death at age 36 are her memorable turns in the Scream franchise. Panettiere, who died Sunday, got her start as a child actress in projects like Remember the Titans before starring on such series as Heroes and Nashville and in features like Ice Princess and I Love You, Beth Cooper . In 2011, she originated the role of Kirby Reed in Scream 4 before reprising the character for 2023’s Scream VI after fans campaigned for her return. Related Stories Critic's Appreciation Hayden Panettiere's Talent Never Got the Next Chapter It Deserved Movies Hayden Panettiere and Michelle Trachtenberg's Deaths Have Fans Reminiscing About 'Ice Princess' “The world is losing a very talented actress and beautiful soul who has shared and been revealing about her struggles along the way,” Nancy Nayor, who worked as a casting director for Scream 4 , tells The Hollywood Reporter . “One hopes that there’s a happy ending, but it doesn’t always turn out that way in real life.” Hayden Panettiere (left) and Emma Roberts in Scream 4. Courtesy of Everett Collection Scream 4 marked not only Panettiere’s introduction to the beloved slasher series that filmmaker Wes Craven initiated with 1996’s original movie, but it also served as Nayor’s first and only project in the franchise. She worked with fellow casting directors Avy Kaufman and Rick Rosenthal on the sequel that saw the return of franchise mainstays Neve Campbell, Courteney Cox and David Arquette, along with the additions of series newcomers Emma Roberts, Mary McDonnell, Anthony Anderson and Alison Brie. “Hayden had been known from Heroes and had been working as a child actress, and the industry was aware of her,” Nayor recalls. “When her name came up, she seemed like a really terrific contender for the role of Kirby and a great contrast to Emma Roberts. They were just visually and energetically very different, and we thought they would be great together.” In Scream 4 , Kirby (Panettiere) is a horror-obsessed Woodsboro high school student and the best friend to Jill, who is played by Roberts and is the cousin of Campbell’s character, Sidney. Nayor recalls Panettiere’s positive energy when she landed the part: “I remember thinking she felt very happy. She was very excited to be in the mix and to get the role.” While reflecting on what made her stand out in the audition process, the casting director says, “It was her fierce warrior nature for the role. The character has this incredible scene where she’s on a phone call with Ghostface, and she has to save her friend and [rattle] off a giant list of genre films in a desperate hour. I knew that she would have the passion and the energy to make that scene so believable, so heartbreaking, so intense — and she absolutely delivered all of those qualities.” View this post on Instagram Dimension Films released Scream 4 in theaters on April 15, 2011, and it would go on to collect $97 million globally. Between the tepid commercial response and Craven’s subsequent passing in 2015, the franchise didn’t return to theaters until 2022’s Scream . With the series generating renewed buzz at that time, fans took to social media to push for Panettiere to return, despite Kirby appearing to be left for dead in Scream 4 . The character came back for 2023’s Scream VI , in which she was working as an FBI special agent. “It made me happy that she had been so successful in Scream 4 and that fans were wanting to see more,” Nayor says. “I remember being a fan of Nashville and thinking she was just magnificent in that series, and it was so touching and such a different vibe from Scream . It showed me how incredibly versatile she was.” A number of castmembers from the Scream series have paid tribute to Panettiere , with Roberts posting , “You are so loved, and you will be forever missed.” Additionally, Arquette called her “such a brave and brilliant soul.” During a conversation with Entertainment Tonight in May, Panettiere deemed the role “one of my favorite characters to ever play” and said of Kirby, “She was brave and fierce and edgy.” Adds Nayor, “I was excited to see that Hayden’s journey continued in the franchise. She is really special and so lovely, and it’s just so tragic what’s happened.” THR",0,2026-08-18 09:39:34
33,https://www.hollywoodreporter.com/music/music-news/tupac-murder-trial-begins-opening-statements-1236675547/,Tupac Murder Trial Begins as Prosecution Calls Rapper’s Death “An Act of Revenge”,Hollywood Reporter,2026-08-18T01:24:20,3471,"× Skip to main content By Ethan Millman Plus Icon Ethan Millman Music Editor View All August 17, 2026 6:24pm Duane ""Keffe D"" Davis enters a courtroom in Clark County District Court for a trial readiness status check at the Regional Justice Center on June 17, 2025, in Las Vegas, Nevada. Steve Marcus-Pool/Getty Images A trial on the murder of hip-hop icon Tupac Shakur finally began in Las Vegas on Monday, three decades removed from Shakur’s death in a Las Vegas drive-by shooting, with Duane “Keffe D” Davis accused of orchestrating the killing. The prosecution and Davis’s defense gave their opening statements on Monday morning, with Chief Deputy District Attorney Binu Palal telling jurors that Davis arranged the murder in “an act of revenge,” as CBS News reported, after Shakur had attacked Davis’s nephew Orlando “Baby Lane” Anderson. Related Stories News Tiffany Haddish Pleads Guilty to Misdemeanor Drunk-Driving Charge in Georgia Music Tupac's Murder Case Heads to Trial, 30 Years After Rap Icon's Death Davis, who was arrested and charged with murder in 2023, is the only person to have ever been arrested in the infamous case. He published a memoir in 2019, Compton Street Legend , in which he said he provided the gun used in the crime , which has become a key piece of evidence in the prosecution’s case. “Let’s be clear, Duane Davis did not pull the trigger,” Palal said. “But he did plan the shooting in retaliation of the beating of his nephew. Remarkably, you will learn that from Duane Davis himself.” Davis’s defense attorney Michael Sanft, however, encouraged the jury during his opening statement to treat the memoir as fiction, with the New York Times reporting that Sanft referred to the memoir as “bullshit,” further saying Davis “was never charged for any of what he said during that time period, and it’s because they knew he was full of crap.” Several witnesses took the stand on Monday during the first day of the trial: Las Vegas police officer Garry Dale, who responded to the incident the night of the shooting; Ingrid Stokes, a woman in a nearby car when the shooting occurred; former homicide detective Brent Becker; and former LAPD police officer Fred Miller, one of the detectives who investigated the murder of Notorious B.I.G. Shakur’s murder has long been one of the most notorious unsolved cases in modern pop culture. He was shot in Las Vegas in 1996, riding in the passenger seat while Suge Knight drove. He died six days after the shooting. The case reflected how gang violence became intertwined with the fierce East Coast/West Coast Hip-Hop rivalry that developed in the ’90s. Shakur’s label Death Row was said to be affiliated with the Bloods, and Sean “Diddy” Combs’ Bad Boy Records with the crips. Davis was a leader of the South Side Compton Crips, and the defendant has previously said Combs had called for Shakur’s death. Combs, currently in prison , has consistently denied the claims. As the Times noted, during Dale’s testimony, he recalled being at the scene just after Shakur was shot, with Shakur declining to say who shot him, telling him, “No, we’ll take care of it.” During Becker’s testimony, as CNN reported, he recalled testimony from Knight, telling the court he was “timid” and that “I thought he lied to us. He just didn’t know anything.” Miller was the final witness of the day, and day one concluded with the jury reviewing an extensive audio interview with Davis. The trial will resume on Tuesday. THR",0,2026-08-18 09:39:36
34,https://www.hollywoodreporter.com/tv/tv-reviews/hayden-panettiere-critic-appreciation-heroes-nashville-1236675569/,Hayden Panettiere’s Talent Never Got the Next Chapter It Deserved,Hollywood Reporter,2026-08-18T01:20:09,7079,"Skip to main content By Daniel Fienberg Plus Icon Daniel Fienberg Chief Television Critic TheFienPrint Follow Sign Up View All August 17, 2026 6:20pm Hayden Panettiere in 'Nashville.' ABC/Everett Collection Logo text Hollywood likes child actors to be precocious, to convey an “old soul,” to give the impression of hidden depths that, if we’re being perfectly honest, you only occasionally see when you’re dealing with actual children. But precocity isn’t the same as maturity, and when young actors grow up, it isn’t always easy to make that transition — to go from being a child who performs in ways that are recognizably adult to being an adult who performs in ways that are recognizably human. From her earliest screen appearances, Hayden Panettiere excelled at precocity. Related Stories Movies Hayden Panettiere and Michelle Trachtenberg's Deaths Have Fans Reminiscing About 'Ice Princess' News Hayden Panettiere's Unexpected Ukraine Activism I’ve already had debates today, in the aftermath of Panettiere’s tragic death at the age of 36, about whether or not Panettiere stole Remember the Titans from Denzel Washington and a cast of up-and-coming stars. It’s a very real debate. Not many actors could even debatably steal movies from Denzel Washington, much less actors who weren’t even 10. As Sheryl Yoast, football-obsessed daughter to Will Patton’s Bill Yoast, Panettiere plays what is a fairly common genre archetype: the adorable moppet raised by a sports-obsessed parent to talk about sports like a 50-something man at a barber shop. Almost all of her dialogue is written so that it would sound normal as part of a talk radio call-in show, but delightfully alien from a kid. Precocity! But in a movie in which almost every choice accentuates tear-jerking and other emotional manipulation, Panettiere’s performance is notable for how natural she makes a character who is presented as unnatural. It’s easy to watch Remember the Titans and understand why Ryan Gosling became a star or recognize the attributes essential to the ongoing careers of Donald Faison, Ryan Hurst and Ethan Suplee. It’s just as easy to recognize Panettiere’s screen presence, beyond her ability to elicit amusement at her character’s wise-beyond-her-years obsession with the gridiron. You can see the seeds, in that performance, of what made her so in-demand for projects like Ice Princess , Raising Helen and whichever Bring It On sequel she starred in. Television roles like her work on late-run Ally McBeal and even her guest appearances on Malcolm in the Middle pointed to a young actor who radiated energy, without necessarily promising that a mature actress would necessarily emerge. Countless capable child stars have done precocity, and then never anything else — or have never gotten the opportunity to try anything else. Part of why NBC’s Heroes worked as well as it did when it premiered in September 2006 is that the series treated Panettiere’s Claire not as a child, but as the person on whose shoulders the fate of the world rested. Some of the promotion of and reaction to Claire fetishized her youth and the cheerleader outfit and all of that, but that’s not what the show itself mostly did — and it certainly wasn’t what Panettiere played. Yes, the central mission of the first season was for the other characters to save Claire. But the internal struggle of an ordinary young woman discovering an extraordinary ability to heal, to face a dangerous world with a reduced capacity for feeling pain, was a complex and heroic thing on its own. It was an adult performance that the series only occasionally knew what to do with; after that first season, Heroes never lived up to its full potential and Panettiere didn’t always have as much to play or to play well. Being a young actor continuing to work as you grow comes with the risk that Hollywood won’t be prepared to let you age to that next level. But Panettiere’s second series lead role, in ABC’s Nashville , immediately pushed her out of “young” parts and into onscreen adulthood. The show, which launched in 2012, immediately introduced Panettiere’s Juliette as a diva, a bad girl, an adversary for Connie Britton’s Rayna James. But in the story of a young woman who started fighting for autonomy after years as a juvenile cog in the music industry, Panettiere found something relatable. Juliette did plenty of bad things in the early seasons of Nashville (and beyond), but Panettiere rarely played those choices as merely motivated by a hunger for success or power. Raised professionally on soap operas, the actress presumably knew what a soap opera villain looks and feels like, but Juliette was, instead, first and foremost an industry survivor. Nashville ended in 2018 and Panettiere wasn’t even 30. She’d been a child star and she’d been the anchor of two very different broadcast dramas — as a young adult and then an adult — showcasing very different sets of skills. She had achieved what seemed like the most difficult part of a professional evolution. She never starred in another television series. Other than her return to the Scream franchise in 2023, none of her film work had much visibility. Rather, there were reports about bad relationships and postpartum depression and other struggles chronicled in her memoir, This Is Me: A Reckoning . The career that felt hard-earned and hard-won from Remember the Titans through Nashville never got that next chapter, those next many chapters. I can’t conclude this piece without acknowledging: In the past few years, younger millennials have grieved the loss of a number of actresses whose onscreen growth paralleled their own. Panettiere, Michelle Trachtenberg , Daveigh Chase and others aren’t unified by any one thing — their deaths weren’t the same, their lives in the industry weren’t the same and their support systems weren’t the same. But I still feel comfortable saying this, because it shouldn’t be controversial: Hollywood needs to do better. Young people slip through the cracks in different ways in every walk of life and every part of the country, whether they have supportive parents, negligent parents or overly meddlesome parents. The challenges of life might be magnified for a movie star compared to a barista or grocery bagger or aspiring teacher, but demons are demons, exploiters are exploiters, heartbreak and addiction and depression don’t care how many people want to take your picture on a red carpet. And I know that many or most of Panettiere’s struggles came well after her child stardom, and many were outside of any Hollywood purview. But it’s incumbent on film and television studios, on record labels, on professional sports franchises to have better track records when it comes to protecting and nurturing young people. We’ve had too much evidence that, despite countless shameful documentaries and journalistic exposes, the industry treats kids as a renewable resource rather than a precious resource. I don’t have solutions or individuals to shame or, honestly, anything to add other than this obvious sentiment, and sadness. THR",0,2026-08-18 09:39:37
4,https://deadline.com/2026/08/lakers-iger-buss-family-stak-1237043368/,Technical Foul: Buss Family Dispute Now Leaves Lakers Stake Sale To Bob Iger & Josh Kushner In Purgatory,Deadline,2026-08-18T01:15:00,5950,"Skip to main content By Dominic Patten Dominic Patten Executive Editor, Legal, Labor & Politics @DeadlineDominic More Stories By Dominic Put Up Or Shut Up! Paramount Demands A Very Big Bond From AGs & WGA Over Costs Of “Roadblock” Antitrust Suit On WBD Merger Nick Reiner Wants His Trust Fund For Top-Notch Defense Lawyers; Britney Spears’ Ex-Trustee Says No As Major Hearing Is Set For Monday Call Her Moving: Alex Cooper In Talks With CAA After UTA Exit Under Cloud View All August 17, 2026 6:15pm Jeannie Buss, Josh Kushner and Bob Iger Getty Images UPDATE: So, maybe Bob Iger and Josh Kushner don’t own 83% of the Los Angeles Lakers after all, or do they? It’s crickets from the Thrive camp today as reps for Jeanie Buss contradicted a earlier assertion from the remaining offspring of Dr. Jerry Buss that it is “time to use this opportunity to move on and exit gracefully while we still can.” Related Stories Executives Bob Iger Buys L.A. Lakers In Record-Setting, $12.5B Post-Disney Move News Bob Iger’s New Magic Kingdom: Fans & Media Wonder If He Can Bring That Disney Sparkle To The Lakers In a move that reeks of a Succession and Running Point crossover for which no one asked, a lawyer for Lakers governor Jeanie Buss insisted later Monday that the so-called sale of the family’s remaining 17.8% stake in the NBA team was all a “years-long pattern” and play by Joey and Jesse Buss to force the hand of their sister (and seemingly Dad’s favorite). Accusing the siblings in a two-page letter to their lawyers of leaking “false, defamatory and pernicious” info to ESPN ‘s Shams Charania “for the malicious purpose of doing harm to the Los Angeles Lakers so long as Dr. Buss’s chosen successor, Jeanie Buss, carries out her father’s wishes,” Adam Streisand further lambasted the so-called sale. Citing a 2017 L.A. Superior Court order obtained to clear up a previous Buss civil war, the Sheppard, Mullin, Richter & Hampton attorney states that “any attempt by the co-trustees to do otherwise, and any attempt to aid or abet the co-trustees as such, would constitute a breach of trust, breach of fiduciary duty and be in contempt of court.” Watch on Deadline He emphasized: “On behalf of Jeanie Buss, I demand that your clients make clear publicly that Jeanie Buss is the Controlling Owner of the Los Angeles Lakers and that your clients shall take no action on this supposed ‘vote’ to sell the 17.8% stake.” Contacted by Deadline this evening, Streisand said that there had been no further developments in the matter. As stated earlier, if the family were to cash out their remaining stake in the 11x NBA Champs, Jeanie Buss would lose her exalted governor status. Under the rules of the Adam Silver-run league, to be a team governor an individual must own at least 15% of said team. If the Busses are actually cashing out with a tag-along to Mark Walter’s sale of the Lakers there would be no family member in charge in any capacity since 1979. That’s an “if,” right now. What is not an “if” is that the NBA Board of Governors has to sign off on the initial sale to ex- Disney CEO Bob Iger and Josh Kushner at their September 15 and 16 meeting in NYC. Add to that Kushner will have to sell his piece of the Miami Heat to be able to take his big Lakers courtside seat. PREVIOUSLY, 1:56 PM: Bob Iger was feted like a Disney Prince at D23 this past weekend, but the ex-CEO looks to be scoring an even greater stake in the L.A. Lakers today. With longtime owners the Buss family voting to tag along with Iger and Josh Kushner’s $12.5 billion purchase last week of the NBA team from Mark Walter, the former House of Mouse boss and brother of Donald Trump ‘s number #1 son-in-law now own 83% of the Lakers. That’s a 17.8% rise over the 65% or so the duo had last week when the purchase from Dodgers owner Walter was made public after a frantic 72-hours of bartering. Kushner’s Thrive Capital did not respond to Deadline’s request for comment on enlarged ownership. However, the Buss family were court side with a statement of their own Monday. “We have decided as a family to sell the remaining Buss Family Trust shares to the Bob Iger group as part of the ongoing transaction,” the Busses said today to ESPN (which Iger used to lord over) after four out of the six siblings voted for the sale. “We love the Lakers, Laker fans and will continue to support Los Angeles; but it is time to use this opportunity to move on and exit gracefully while we still can.” As viewers of HBO ‘s two-season Winning Time: The Rise of the Lakers Dynasty know, Dr. Jerry Buss bought the team (plus the L.A. Kings and the Forum itself) in 1979 and brought some Tinseltown magic (+ Magic Johnson) to the NBA. Under the Buss family, with patriarch Jerry passing away in 2013, the Lakers snagged 11 NBA Championships. Last year, the family sold control of the organization to Walter for $10 billion. Under investigation for alleged dodgy finances, Walter flipped the team to franchise seeking Iger and Kushner almost as fast as a Kobe lay-up. Under both Walter and it seemed Iger and Kushner, Jeanie Buss remained a governor of the team. “We have enormous respect and appreciation for Jeanie, her father and what they’ve contributed to this franchise,” Iger told Rupert Murdoch’s The California Post on August “And we have every intention to honor the agreement that was made between Mark and Jeanie. If things change, they’ll change, but we’re going into this with enormous respect and appreciation for who she is and what she represents in the organization.” That era comes to an end now as NBA rules demand a governor has to own at least 15% of a team. ‘Nashville’ & ‘Heroes’ Star Dies At 36; Career In Photos; Tributes Spidey Posts 2nd-Best Third Frame Ever; ‘Oak Street’ Out-Dinos ‘PAW Patrol’ Demands Huge Bond From AGs & WGA Over Costs Of “Roadblock” Suit HBO Renews ‘IT: Welcome To Derry’ For Season 2; Brad Caleb Kane Sole Showrunner Read More About: 5 Comments",0,2026-08-18 09:39:02
35,https://www.hollywoodreporter.com/tv/tv-news/lisa-kudrow-friends-romy-michele-sequel-the-comeback-interview-1236675072/,"Lisa Kudrow on Watching ‘Friends’ After Matthew Perry’s Death, ‘Romy & Michele’ Sequel and Why ‘The Comeback’ May Be “Highlight” of Her Career",Hollywood Reporter,2026-08-18T01:10:11,5896,"× Skip to main content By Scott Feinberg Plus Icon Scott Feinberg Executive Editor of Awards ScottFeinberg Follow Sign Up View All August 17, 2026 6:10pm 'Awards Chatter' logo; Lisa Kudrow Samir Hussein/WireImage Lisa Kudrow is one of the most beloved TV actresses of the past 40 years. She is, of course, best known for playing, from 1994 through 2004, Phoebe Buffay, a New Age guitar-playing masseuse, on NBC’s Friends , which the New York Times has suggested “might be the best-liked sitcom ever,” and for which, in 1998, she became the first of the show’s core sextet to win an Emmy. But she has also done extensive and acclaimed work outside of that show, perhaps more so than any of her Friends costars. Indeed, Kudrow was also memorable before Friends — and even for a while overlapping with it — on another staple of NBC’s ‘Must-See TV’ era, Mad About You . During the run of Friends , she was part of a range of well-received films, from big studio projects like 1997’s Romy and Michele’s High School Reunion and 1999’s Analyze This to low-budget indies such as 1997’s Clockwatchers and 1998’s The Opposite of Sex . And since the end of Friends , she has done perhaps her best work yet as a co-creator (with Michael Patrick King ), writer, executive producer and star of the HBO comedy series The Comeback , a show about Valerie Cherish, a former sitcom actress who is desperate to remain relevant. Related Stories TV Workplace Comedies Are Having a Major Emmy Moment Movies Lisa Kudrow and Mira Sorvino Bring 'Romy and Michele 2' to D23: ""We're Officially Disney Princesses"" Kudrow’s work on The Comeback — which dropped its three seasons in 2005, 2014 and 2026, respectively — has been described by the New Yorker as her “finest creation”; by the New York Times as “a character for the ages” and “a brilliant performance”; by the Independent as “one of TV’s greatest ever performances”; by Vulture as “an all-time television performance”; and by NPR as “perhaps the greatest comedic character study of the 21st century.” It brought her best actress in a comedy series Emmy nominations for the show’s first two seasons, and now, for its third, she is Emmy-nominated for both best actress in a comedy series and , with King, for best writing for a comedy series. (This year’s noms bring her career tally to 17.) Over the course of a conversation at the Los Angeles offices of The Hollywood Reporter , the 63-year-old reflected on what led her to the Groundlings improv school and troupe, and how that shaped much of the rest of her career, including the parts she went on to play in Romy & Michele’s High School Reunion and The Comeback ; how a firing from the pilot of NBC’s Frasier and humbling herself to take a small part on Mad About You ended up paving the way for her association with Friends ; why her rollercoaster journey with The Comeback is, in some ways, “the highlight” of her career; plus more. You can listen to the full conversation via the audio player above or read a few excerpts of it — lightly edited for clarity and brevity — below. On her looks… “I didn’t look like women who were getting cast as series regulars on sitcoms. They still wanted a certain look — very pretty and appealing and all of that — and not that funny, right, except for Shelley Long… I was told, ‘It’s very hard because you’re not gorgeous, and they want gorgeous.’ And I’m like, ‘Okay’… I don’t think that’s ridiculous. I got it. Also, it’s not just how you look; it’s how you act, too. I’m not ‘cute.’ And God, I didn’t want to be cute.” On her early interest in playing Rachel — the part that Jennifer Aniston ultimately played — on Friends … “Idiot that I am, I went, ‘Oh, but you know what? I got to say, Rachel is Jewish. And boy, I love doing a Jewish American Princess. I think I could make that really funny.’ Not even clocking that, ‘Oh no, this is the romantic lead to Ross.’ Right? I told my agents, ‘I can do Jewish American Princess and make that really funny.’ And so they said, ‘Uh-huh. All right. Well, we’ll tell them [the show’s creators].’ They [later] went, ‘No, no. It’s so hard for them to find Phoebe. They’re not messing with that.’ So that was the sweet way of saying, ‘Yeah, you are not the romantic interest.'” On the idea that resulted in The Comeback being revived for a third and final season, 12 years after season two and 21 years after season one… “Michael had this idea. It was so good: She’s finally the lead, offered the leading role in a multi-camera show — except it’s the first one written by AI. And I went, ‘Oh yeah.'” On where The Comeback fits in the context of her whole career… “It’s a highlight, and in some ways, the highlight. I mean, I hadn’t written anything before. And then to be acknowledged, holy cow, by your peers, that this is writing that’s worthy of recognition? That made me cry. I mean, I was thrilled for the acting nomination, but that one really made me cry.” On the forthcoming sequel to Romy & Michele’s High School Reunion… “It felt fun. I don’t know. I trust the director a lot. Tim Federle is directing this one.” On going back, after Matthew Perry’s sudden death , and watching Friends for the first time since making it… “It was great watching it. It became my right-before-bedtime laugh or two. I watch sitcoms before going to bed — I just want to laugh before going to bed. Some things were like, ‘Oh, I remember that,’ but a lot of it I don’t remember and it was like watching it for the first time — I mean, especially scenes that Phoebe wasn’t in, because I hadn’t seen that — and boy, everyone was good! I was just talking to [David] Schwimmer two days ago and saying, ‘God—’ Well, first I had to say sorry, because on Jimmy Fallon I’d said, ‘Ross was a terrible boyfriend!’ And he just laughed and said, ‘That’s all right.’ He hasn’t really watched it either, and I said, ‘It’s so fun. Everyone is so good!'” THR",0,2026-08-18 09:39:38
5,https://deadline.com/2026/08/box-office-global-spider-man-brand-new-day-2-1237042050/,‘Spider-Man: Brand New Day’ Becomes Second-Fastest To Cross $2B WW – Global Top 10 Box Office Update,Deadline,2026-08-18T01:05:00,10650,"Skip to main content By Anthony D'Alessandro Anthony D'Alessandro Editorial Director/Box Office Editor @AwardsTony More Stories By Anthony Disney Sets Ryan Gosling ‘Ghost Rider’ For Summer 2028, Other Tentpole Release Dates Out Of D23 Cineverse Acquires Genre-Bending Thriller ‘Eugene The Marine’ Starring Scott Glenn ‘Spider-Man: Brand New Day’ $71M Second-Best 3rd Frame Ever; ‘End Of Oak Street’ $21M Louder Than ‘PAW Patrol’ In Dino Battle – Box Office Update View All August 17, 2026 6:05pm Tom Holland as Peter Parker in 'Spider-Man: Brand New Day' (2026) Jay Maidment/Marvel Entertainment/Columbia Pictures/Courtesy Everett Collection Monday Update: Holy cow! Or whatever kind of Holy is yelled out in a comic book, but Sony/Marvel Studio’s Spider-Man : Brand New Day crossed the $2 billion global mark, becoming the second-fastest movie to do so and the eighth movie to ever cross that benchmark. Brand New Day pulls off this feat in 17 days while Avengers: Endgame crossed $2B in 11 days. Updated today, Brand New Day counts $786.5M domestic, the fourth highest ever in U.S./Canada, and a running cume of $1.238B abroad for a current worldwide tally of $2.024B . Related Stories News 'Spider-Man: Brand New Day' $71M Second-Best 3rd Frame Ever; 'End Of Oak Street' $21M Louder Than 'PAW Patrol' In Dino Battle - Box Office Update Books All Things Spidey At D23: Tom Holland, Anniversary Comic Book, 'Friendly Neighborhood' Sneak-Peak, 'Amazing Friends' Renewal & Upcoming Special 'Spidey and the Avengers: Halloween Team-Up!' Third global weekend for the Destin Daniel Cretton-directed, Tom Holland and Zendaya-starring pic is $189.7M . Stateside, the pic posted the second-best third weekend at the domestic B.O. at $71M after Force Awakens ‘ third weekend of $90.2M. Watch on Deadline Abroad in 67 markets, Brand New Day made $118.7M this weekend on 53,700 screens. China led the frame with $10M taking its cume to $210M followed by France at $9.1M (-39%) for a cume of $63.7M. Other top markets this weekend: the United Kingdom ($8.2M weekend, -49%, $106.0M cume), Brazil ($7.5M, -47%, $59.5M), Mexico ($7.3M, $78.0M),Australia ($6.6M, -45%, $48.8M), South Korea ($6.4M, -41%, $53.2M), Germany ($6.4M, -42%, $48.8M), Japan ($3.4M, -15%, $27.0M), India ($3.2M, $59.6M), Spain ($2.8M, -44%, $35.2M), and Italy ($2.2M, $36.4M). Spider-Man: Brand New Day is now Sony Pictures’ highest-grossing release ever in 36 international markets, including Argentina, Colombia, Egypt, Hungary, India, Italy, Malaysia, Peru, the Philippines, Poland, Spain, Thailand, Turkey, the United Arab Emirates and Vietnam. John Leguizamo in ‘The Odyssey’ Universal Pictures; Even Eumaeus could see that The Odyssey would be No. 2 again at the global box office, the Christopher Nolan pic now in its fifth frame with $123.4M WW weekend ($23.6M domestic, $99.8M overseas in 83 territories) and a running global tally of $1.294B ($505M domestic, $789.3M overseas). Odysseus docked in China this weekend with a great start of $36.3M (including $7.6M previews), and Imax driving close to 80% of tickets sales from 40% of all showtimes there. Odyssey ranked second in the market after local pic Once Upon a time in the Middle East from filmmaker Muye Wen which cleared $66.7M for the weekend with a running total of $130.3M (overall, third one the global weekend chart behind Spider-Man and Odyssey ). The 3-day take of $28.9M for Odyssey in China is on par with Christopher Nolan’s Oppenheimer and more than double Dark Knight Rises ‘ start. The Odyssey ‘s $13M Imax take in China ($19M cume) is the highest grossing for a Nolan pic in the large format in the Middle Kingdom. The Odyssey achieved an outstanding 9.7 Maoyan rating, both the highest result for an MPA title this year and the joint highest result for an MPA movie ever. Overall, The Odyssey banked $37M worldwide in Imax this weekend with running global cume for exhibitor at $346.4M ($163.4M domestic, $183M overseas cume), its highest grossing title ever. Korea added $16.9M in weekend 2 for a No. 1 rank taking Odyssey ‘s cume to $35.2M surpassing the lifetimes of Nolan’s Inception , Oppenheimer , Dunkirk and Dark Knight Rises . It’s the second-highest grossing Nolan movie currently in the market behind, get this, Interstellar . The UK & Ireland’s fifth session was $5.1M to reach a cume through Sunday of $92.6M. As we told you, it’s already Nolan’s highest ever in his native land and the highest-grossing title ever in Imax UK-side. Odyssey ranked No. 2 behind Brand New Day . Japan is the next big territory for Odyssey on Sept. 11. In France, The Odyssey saw a $5M fifth weekend to reach a cume through Sunday of $69.3M, It’s already Nolan’s highest grossing there. Pic was No. 2 behind Brand New Day . Germany’s fifth frame was $4M, -22% for a running cume of $45.8M. Italy took in $2.6M in its fifth weekend for a running total of $55.6M, reclaiming the No. 1 spot in the market ahead of Brand New Day ‘s weekend 3. The Odyssey is already the biggest Nolan film of all-time in Italia. Australia saw a fifth sesh of $2.6M, -30%, and a cume of $37M. Mexico had a great hold as well, -32%, with a fifth weekend of $2.1M and a running total of $33.8M. Spain also held well in weekend 5 with $1.9M, -25%, and a cume of $34M. ‘The End of Oak Street’ Warner Bros/Bad Robot’s The End of Oak Street with a $47M WW start ($21M domestic, $26M or 3.5M admissions overseas in 74 markets) isn’t the strongest for starry creature feature which cost between $80M-$92M (before global P&A), but it’s where the studio was spotting it, and NRG too. A $21M start in U.S./Canada is alright for an Anne Hathaway movie, above the $17.7M domestic opening of her dramedy with Robert De Niro ($17.7M) (we’re not counting Odyssey which was a massive ensemble or Dark Knight Rises ). We will see where the legs go here. Very cool concept of dinosaurs in a neighborhood, who chase a family. You’d think they’d chase more into cinemas for this original take on dinosaur sub-genre. In Europe, The End of Oak Street debuted to $12.8M with top territories being UK/Ireland ($2.9M), France ($2.3M), Spain ($1.2M), Germany ($928K) and Italy ($712K). Asia did $8.4M for the region with Japan at $1.9M, China at $1.4M way behind Odyssey and Brand New Day and Taiwan at $775K. Latin America made $4.8M with $2.7M from Mexico, and $648K from Brazil. Territories yet to release are Azerbaijan (Aug 20), CIS (Aug. 20), Kazakhstan (Aug 20), Korea (Aug 20), Cyprus (Aug 27) and Greece (Aug 27). ‘Paw Patrol: The Dino Movie’ Paramount and Spin Master’s Paw Patrol: The Dino Movie had its second overseas frame, first domestic with $35.75M WW ($20.25M, 2nd best in franchise domestic start and $15.5M overseas) and a running cume of $68.75M global (of that $48.5M int’l). Previous pic in reported, 2023’s Paw Patrol: The Mighty did excellent abroad, yielding 68% of the final reported global of $205M or $139.7M to domestic’s $65.3M. New openings were: Mexico ($1.4M including previews, No. 4 at 864 locations), Brazil (No. 3 with $950K including previews at 676 sites), Taiwan (No. 5 $358K at 88 locations), Korea (No. 7 with $312K including previews at 253 sites), Argentina (No. 5, $221K with previews at 197 cinemas), Panama (No. 4 with $250K including previews at 260 locations), UAE (No. 7 with $236K at 60 sites taking Mid East region to a $538K gross) and Chile (No. 4 $169K with previews at 75 theaters). Notable holdovers were in France (2nd weekend of $2.3M, -44%, $8M cume), China ($1.8M 2nd weekend, -41%, and running cume of $8.7M) and Germany ($1.1M 2nd weekend, -43%, with a cume just under $4M). In 6th place on the global chart was the Hindi action drama, Awarapan 2 from Nitin Kakkar with $13.24M worldwide from 15 territories ($461K from U.S./Canada; $12.78M from 15 offshore territories). China’s All Wishes Come True bowed stateside with $311K and another $12.65M offshore largely from China, but also including Australia, UK, and Netherlands for what was a $12.96M global weekend in 7th place and running cume of $233.8M worldwide. India’s Vishwanath & Sons ranks No. 8 worldwide with $12.3M globally this weekend from 17 territories, including $10.69M internationally and roughly $1.6M domestically. Disney’s Toy Story 5 in its 9th global weekend saw $9.5M WW ($2.4M domestic, $7.1M overseas from 52 markets) for a running global tally of $1.11 billion ($475.5M domestic cume, $639.3M int’l). Toy Story 5 is the highest grossing Pixar release of all-time in Japan ($72.4M) as well as Egypt, S. Arabia, Kuwait , Qatar. At $1.11B, TS5 is the 8th highest MPA animated title of all-time and the third highest grossing film year-to-date after Brand New Day and The Odyssey and ahead of Michael ($1.016B) and Super Mario Galaxy Movie ($1.012B). Universal’s Minions & Monsters was 10th with $8.3M WW ($6.7M from 82 offshore markets, $1.6M domestic) and a running total of $492.9M WW ($312.7M int’l, $180.2M domestic). Of note, was Japan’s second weekend hold of -19% boosted by Obon national holidays with a $2.2M frame and running total of $8.6M through yesterday, in line with Minions: The Rise of Gru at the same point. Audience reactions are excellent, with a Yahoo! Movies score of 4.0. Max (Andrew Burnap) and Allie (Monica Barbaro) in ‘One Night Only’, directed by Will Gluck. Outside the top 10, Uni’s One Night Only did $4.2M worldwide, ($2M domestic, $2.2M overseas from 26 territories). Running global is $12.1M (with under $10M domestic, where the pic is about done). Pic began its overseas launch in 26 territories, the most notable of which was $400K in Australia, a No. 4 rank behind Spider-Man: Brand New Day , The Odyssey, and fellow opener The End of Oak Street . Netherlands saw $357K start (including $174K previews) boosted by Ladies Night screenings. France bowed to $315K at 270 screens. Israel was $244K in weekend one (including $124K in a strong preview campaign). Pic surpassed the lifetime of The Roses in the market and performed well above the opening weekend of Fly Me to the Moon . German-speaking Switzerland debuted to $164K at 42 screens, also boosted by pre-release open air and Ladies Night screenings. The Callum Turner-Monica Barbaro movie opened to $154K in Poland, which included close to $70K in previews, at 197 screens. We’ll have more updates for you tomorrow. ‘Nashville’ & ‘Heroes’ Star Dies At 36; Career In Photos; Tributes Spidey Posts 2nd-Best Third Frame Ever; ‘Oak Street’ Out-Dinos ‘PAW Patrol’ Demands Huge Bond From AGs & WGA Over Costs Of “Roadblock” Suit HBO Renews ‘IT: Welcome To Derry’ For Season 2; Brad Caleb Kane Sole Showrunner Read More About: 8 Comments",0,2026-08-18 09:39:03
36,https://www.hollywoodreporter.com/tv/tv-features/witney-carson-dwts-pregnancy-next-pro-interview-1236674489/,"Witney Carson Answers Burning ‘DWTS’ Questions After Pregnancy Announcement, Chats ‘Next Pro’",Hollywood Reporter,2026-08-18T01:00:00,13895,"Skip to main content By McKinley Franklin Plus Icon McKinley Franklin View All August 17, 2026 6:00pm Witney Carson on on 'Dancing With the Stars: The Next Pro.' Disney/Vince Valitutti Logo text Witney Carson just made one of Dancing With the Stars ’ biggest announcements Monday, as it was revealed that she is pregnant and still returning as a professional dancer on the show for season 35 . “I feel like I’ve been keeping a dark, dirty secret for a really, really long time,” the two-time mirrorball champion tells The Hollywood Reporter of how she’s feeling about the news being out for the public. Her answer is a reference to a month of speculation that she was expecting her third child with husband Carson McAllister. Related Stories TV Witney Carson Is Pregnant and Returning for 'Dancing With the Stars' Season 35 TV ABC and NBC to Add 11 More NBA Games This Season, Further Squeezing Hollywood Because of the rumors, fans thought this meant Carson was bowing out for season 35, but that is not the case. She is continuing on as a Dancing pro this fall, and is partnered up with Guillermo Rodriguez. Carson says her decision to come back was not made quickly or lightly. “In my first trimester, I was extremely sick. I dropped out of some things that I had been contracted in just because I was so, so sick,” Carson says. “I genuinely didn’t think I was going to be physically able to do the show, and Deena Katz and I, the casting director, had a lot of conversations, and I started to feel a little bit better. We just decided, kind of me, my husband, and Deena were like, if you feel good enough, why not?” The news was announced on Good Morning America , tied to her appearance on the franchise’s spinoff The Next Pro , which tasks a group of dancers to compete for a shot at being the next Dancing pro. Carson, a seasoned pro herself, was “honored” to be asked to guest judge Monday night’s episode where contestants had to teach fans a number (basically a mock Dancing episode). The experience itself surprised Carson, saying she “didn’t actually expect how much I would love it.” “I’ve always been a performer, always a competitor, and I just didn’t really know what to expect,” she says. “I loved being able to give really positive criticism. It was so much fun.” Below, Carson answers all your burning questions about her Dancing return while pregnant (Will she participate in group numbers, or only dance with Rodriguez? Whose idea was it for her to do the show pregnant?), what it was like seeing her former partner Robert Irwin host Next Pro , why she thinks that dancer was eliminated on Monday night’s episode and if she’d consider judging the mainstay series down the line. *** How are you feeling about this news being out; that you are expecting, but you are also returning for next season of Dancing With the Stars ? I feel a little bit crazy, to be honest, but I’m really excited for it to all finally come out. I feel like I’ve been keeping a dark, dirty secret for a really, really long time. I love dance. I love to compete. I love being on the show, and I also love being a mom, and I want to grow my family. So if I can do both and the baby is healthy, then I am gonna try and do it all, because women are amazing. Why not just try and do it? I’m just really excited for everything to start up. I think it’s gonna be a very memorable, memorable season. This is the first time a pro has gone into the season pregnant. Daniela previously said that she found out at the very beginning of a season, and you have also been pregnant on the show, but you revealed that much later into the season, so I have to imagine these seasons will be very different experiences for you. Yes, I am actually going into my second trimester next week, so this is the latest I’ve ever been pregnant dancing, competing; anything. The fact that I am going to be in a little dance costume, being pregnant, is going to be very interesting and something I’ve never done before. But I’m really excited. As long as I feel good and the baby’s healthy, then I think everything should be totally fine. I’m a little bit nervous just with how people are going to react, but you know what? This is just what I feel is right for my family, and this is also my livelihood. Like, the show is also something that I have to do to provide for my family. Working while growing a human is going to be a challenge. But I think it’s going to be also hopefully inspiring, and hopefully it will go okay, and people will embrace it. When you told the Dancing With the Stars team you were expecting, whose idea was it for you to still continue on the show as a pro? Honestly, it was something that me and my husband really discussed. In my first trimester, I was extremely sick. I was very, very sick. I couldn’t get out of bed. I dropped out of some things that I had been contracted in just because I was so, so sick. I genuinely didn’t think I was going to be physically able to do the show, and Deena Katz and I, the casting director, had a lot of conversations, and I started to feel a little bit better. We just decided, kind of me, my husband, and Deena were like, if you feel good enough, why not? Why not do it? I actually just told the whole cast. I told all the pros, and it was really sweet. Everyone was very, very excited and very supportive. Your celebrity partner is Guillermo. Have you two chatted at all, and how are you feeling about taking on season 35 with him? We will meet this week. He’s very sweet, I can tell just from what I’ve seen online and on TV. He’s a dad, so he totally gets it, so hopefully he’ll be very sweet and supportive, which I anticipate. I’m really excited to see what he can do and what his personality is like. I think [season 35] is really going to be about having fun. Last season was super, super intense, very stressful. I felt like last season was definitely like mine to lose because Robert was so great and so popular, and I feel like this season it’s really just about having fun with Guillermo. And who knows, maybe he will make it really far. Maybe he’s an exceptional dancer, and I just have no idea. Will you participate in group opening numbers and other supplemental dance numbers, or do you think you’re solely going to focus on your partnership with Guillermo? Yes, my plan as of right now is I have been rehearsing for all the group numbers. I’ve been pretty much the same involvement as I would be, not being pregnant. Everyone in production has been very helpful and supportive, like if if I need to rest or take a break; they’re very much on top of that. Anything that I don’t feel comfortable with, I speak my mind. So as of now, we’re just doing everything routine, as if I wasn’t pregnant. Everything has been cleared for me to keep continuing on what I would normally do, so that’s what I’m gonna do, just obviously be more conscious of lifting and falls and stuff like that. They’ve all taken such great care of me. I’m not really worried about taking a step back because I feel really good and really healthy. We’re just going to take it week by week, and day by day. It was recently revealed that your Dancing With the Stars: Juniors dancer Kamri Peterson has joined the troupe. What was your reaction when you heard that news? Oh my gosh, I was so excited. The last time I worked with her, she was like nine or 10. She was so, so little, and the fact that I just saw so much of myself in her then, and now that she’s actually on Dancing With the Stars and she’s around the age that I started, it feels so full circle. She feels like my daughter in a way, which I had no part in raising her, but she still feels like a part of the family, so to be able to have her on a season with me, and I’m obviously pregnant, it just feels like a very full circle moment for me to have another family member there. I’m extremely proud of her, and she’s a star. She’s gonna kill it. When you were approached about coming on as a mentor, and also presented with the idea of the show, Dancing With the Stars: The Next Pro , what was your initial reaction? I thought it was such a great idea because there’s so much that goes into being a professional on this show, so I feel like it was a brilliant idea to bring people in behind the scenes a little bit more on what we actually go through. We love what we do, and everyone is very good because we’re so passionate about what we do. But for people to be able to have a better look into that, and then also see all the different challenges week by week that go through in a season, is really interesting and really eye opening. I’m very honored to be a part of it, especially because Robert was a part of it, and it felt like [it was] still in the dance family. It was just a perfect fit. When you filmed, you were fresh off of your season 34 win, so what was it like seeing Robert Irwin in this host role? Oh my gosh, he’s so good. He’s so so talented. He taught me so much about hosting and acting, and all sorts of things I didn’t expect from him. I knew he was uber talented in a lot of things, but I didn’t realize how good he was at hosting. I felt like a big super fan, mom, big sister cheering him on. And being in Australia was so fun too because I love Australia. I feel like I’m an Australian now because of my tie to the Irwins. It really just felt like home. You were brought in for a great challenge where the dancers had to dance with fans; people that could potentially be a contestant on Dancing With the Stars with no dance experience. Was there anything you wanted to offer as advice to the dancers when they were taking on this experience of teaching people who don’t know how to dance, ballroom? I was brought in for this specific challenge because obviously I’ve been on the show for a long time, so I’ve been with a lot of different celebrities. I’ve made it to the finale five times. I’ll just say I’m experienced without feeling too old. This was a really fun challenge for me to come into because the contestants were really challenged on a mini Dancing With the Stars episode, challenged in what we actually do. For me, I wasn’t allowed to give them any advice. I was there really to observe with the other judges, Shirley and Mark, in rehearsals. We wanted to really, really assess their ability to choreograph, their ability to pivot, their adaptability, how they are in a room with a stranger, a beginner, a novice dancer, and how they bring out their strengths and hide their weaknesses — things that we really look for as judges. I was very, very impressed with all of them. At the end of the episode, Nina was ultimately eliminated. What do you think she was lacking that resulted in that elimination? Everyone was really good. Again, they only have two days to teach their fans this routine, so the fact that all of them pulled that off was really impressive. Nina still did an incredible job. With her, I think that she might have been maybe the least knowledgeable on how to teach the quickest and the most efficient. She is knowledgeable in teaching and dance, but specifically when it came to time management and being able to pivot, she was just a little bit slower than the others, so she didn’t get as much out of her fan as the others. That was really the factor when we were comparing. We felt like in the studio, she just didn’t give enough direction efficiently. She still was great and beautiful. They did an amazing job, but that was a hard one. I never want to be a part of eliminations. I did not want to see anyone go home. I’m like, can we all win? Just let’s all be pros. Let’s just switch out every season. How did you enjoy taking on this authoritative role on Dancing With the Stars ? What was it like for you being behind the judges’ panel? Oh my gosh, it was so much fun! I didn’t actually expect how much I would love it, because I just never really saw myself in a judging role. I’ve always been a performer, always a competitor, so I just didn’t really know what to expect. But I absolutely loved it. I loved being able to give really positive criticism, positive feedback. Again, the elimination part I could do without, but being able to sit back and not being stressed about performing, and just being able to talk, it felt super natural. Would you say that the experience of guest judging on Next Pro piqued your interest potentially down the road to become a judge on Dancing With the Stars ? Oh, I would absolutely love that. The judges do an incredible job already, so, you know, I’m not looking to take anyone’s place. But I am so so open to that. I think it would be so much fun, and I would absolutely love it. I loved every second of it. You will also be on the next episode of The Next Pro , dancing alongside the contestants. Is there anything that you can tease from that, and how it differed from your guest judge role? I can tell you, I liked being a judge more than that. Even though I wasn’t getting judged, it was still very stressful, because you were the partner of someone that could potentially go home. There was a lot of pressure on me to make sure I supported them, and I always have that pressure, but it felt like a life-changing decision for someone. I cared a lot about these dancers already, so being their partner and potentially having one of them go home was an added layer of stress. It was very stressful, but the contestants were so sweet and kind, and the partner that I was paired with, he was absolutely lovely. I had such a blast, and I can’t wait for people to watch because there’s also some more surprises for the finale as well. It’s going to be a really good three weeks. *** Dancing With the Stars: The Next Pro airs Mondays at 8 p.m. on ABC , with episodes available to stream Tuesdays on Disney+ and Hulu . Season 35 of Dancing With the Stars will sport a double premiere on Sept. 15 and 16. THR",0,2026-08-18 09:39:39
37,https://www.hollywoodreporter.com/tv/tv-news/amazon-melania-followup-1236675598/,Details of Amazon’s ‘Melania’ Followup Begin to Emerge,Hollywood Reporter,2026-08-18T00:55:01,2611,"× Skip to main content By Katie Kilkenny Plus Icon Katie Kilkenny Enterprise Reporter, TV & Labor katiekilkenny7 Follow Sign Up View All August 17, 2026 5:55pm 'Melania' Amazon/MGM Studios For those whose appetite for documentary footage of the First Lady was not slaked by Melania , more is allegedly coming to Amazon Prime. Marc Beckman, Melania’s senior advisor and longtime manager, first announced that a docuseries was arriving this fall on Real America’s Voice earlier this month. Then Brett Ratner, the director of the 2026 Amazon Prime film Melania , posted on Instagram that he “can’t wait to share with everyone around the world the next two chapters of MELANIA, THE DOCU SERIES!” Amazon did not respond to a request for confirmation or comment. Beckman and Ratner didn’t respond to inquiries asking them to offer more details on the project, either. Though the filmmakers haven’t said much about the alleged docuseries, Beckman pitched the new material on Real America’s Voice as a “total different experience, completely new.” He added that the episodes will “show a part of the First Lady that hasn’t been seen yet.” And in his post, Ratner suggested that members of the original Melania creative team were involved, as he tagged Melania’s recently formed production company Muse Films as well as New Element Media, a shingle from his fellow Melania producer Fernando Sulichin. Beckman previously told The Hollywood Reporter that Amazon’s deal for Melania included at least two episodes of bonus footage that were set to be released alongside the feature documentary on Amazon Prime. But when Melania premiered on Prime on March 9, those episodes were not yet included, suggesting these new episodes may be the ones (or at least may include the ones) previously described. With a price tag of around $75 million for Amazon, Melania went on to gross just $16.6 million at the box office. On streaming, it did appear to top Amazon Prime streaming charts when it first appeared on the platform, but its overall performance there hasn’t been disclosed. Though Amazon’s rich deal for the film prompted speculation about the tech giant cozying up to the Trump administration, Amazon founder Jeff Bezos defended the company’s move as a “good business decision” in an interview in May. “The Melania thing is a falsehood that will not die,” Bezos said in an interview with CNBC’s Andrew Ross Sorkin . “I had nothing to do with that. By the way, it appears it was a good business decision. You know, it did very well in theaters. It’s done very well on streaming. People are very curious about Melania.” THR",0,2026-08-18 09:39:40
29,https://variety.com/2026/film/news/david-f-sandberg-direct-mommys-home-lionsgate-1236836858/,David F. Sandberg to Direct Horror Movie ‘Mommy’s Home’ For Lionsgate,Variety,2026-08-18T00:54:54,3430,"Aug 17, 2026 5:54pm PT David F. Sandberg to Direct Horror Movie ‘Mommy’s Home’ For Lionsgate By Jack Dunn Plus Icon Jack Dunn Latest Vin Diesel Says ‘Fast Forever’ Starts Shooting in December 5 hours ago Michelle Rodriguez Remembers Hayden Panettiere After Co-Hosting World Music Awards: ‘Can’t Stand How Many Young People Are Leaving Us Lately’ 6 hours ago David F. Sandberg to Direct Horror Movie ‘Mommy’s Home’ For Lionsgate 9 hours ago See All Getty David F. Sandberg has been tapped to direct a new psychological horror movie, “Mommy’s Home,” for Lionsgate. From screenwriter James Morosini, “Mommy’s Home” follows “a young dad whose family life becomes terrifyingly unhinged when his cryogenically preserved mom is unfrozen and sent to live with him,” according to an official logline. Sandberg is probably best known for writing and directing his viral YouTube short turned horror feature “Lights Out.” He also helmed “Shazam!” and its 2023 sequel. His most directing credit was 2025’s “Until Dawn,” a big-screen adaptation of the popular horror video game for Sony. Related Stories 'The King's Warden' Leads Korea to Best First Half Box Office Since Pandemic Sandberg’s other upcoming projects include the sci-fi horror “Below” for Netflix and Atomic Monster as well as “A Little Slice of Hell” for Paramount. Popular on Variety Morosini usually works in front of the camera as an actor, recently starring in “It’s What’s Inside” for Netflix and Steve Pink’s sci-fi thriller “Terrestrial.” “Mommy’s Home” marks Morosini’s second feature credit as a screenwriter, after penning, directing and starring in the 2022 dark comedy “I Love My Dad.” Producers for “Mommy’s Home” are Craig Flores, Dawn Olmstead and Anonymous Content. Sandberg and Lotta Losten also produce through their company Mångata. Executive producers include Nathan Kahane, Morosini, David Levine, Garrett Kemble and Ryan Schwartz. Scott O’Brien and Maria Ascanio are overseeing the project for Lionsgate. Dan Freedman negotiated the deal on behalf of the studio. Sandberg is represented by CAA, Gotham Group, and Jackoway Austen Tyerman Wertheimer Mandelbaum Morris Bernstein Trattner Auerbach Hynick Jaime LeVine Sample & Klein. Morosini is represented by CAA and Eric Brooks and Matt Rosen at GGSSC. The InSneider was the first to report Sandberg’s involvement in “Mommy’s Home.” Cannes Breakout Comedy ‘Jim Queen’ Closes Key Deals Ahead of Annecy Screening (EXCLUSIVE) Matt Cherniss on Apple TV’s Impressive Emmys Batting Average, and When ‘Widow’s Bay,’ ‘Pluribus’ and ‘Severance’ Might Return Cannes’ Critics’ Week Reveals Lineup of Armenian Filmmakers Taking Part in Next Step Studio Program (EXCLUSIVE) ‘Pluribus’ Star Rhea Seehorn on Why She Hasn’t Grilled Vince Gilligan and the Writers About Season 2 Just Yet Cannes Critics’ Week Film ‘Six Months in a Pink and Blue Building’ Sells to Strand Releasing for North America (EXCLUSIVE) France’s National Film Board to Reduce Funding for Productions That Fail Gender Equality Targets Loading comments... More From Our Brands Rolling Stone Shakira Pledges $1.25 Million to Rebuild Schools Damaged by Earthquake in Colombia Robb Report Wyoming’s First Legal Whiskey Distillery Just Dropped a Bourbon to Celebrate America’s 250th Sportico Mountain West, 5 Departing Schools Agree to $49M Settlement WWD Nike’s Website Is a Treasure Trove of the Best Bodysuits for Women — Shop These 6 Editor-Loved Picks",0,2026-08-18 09:39:31
30,https://variety.com/2026/tv/news/chris-carter-x-files-i-want-to-believe-directors-cut-1236836849/,LISTEN: How Chris Carter Got a Second Shot at ‘The X-Files: I Want to Believe’ Film,Variety,2026-08-18T00:39:32,4204,"Aug 17, 2026 5:39pm PT LISTEN: How Chris Carter Got a Second Shot at ‘The X-Files: I Want to Believe’ Film 'Daily Variety' podcast dives into news, trends and personalities making headlines in showbiz By Cynthia Littleton Plus Icon Cynthia Littleton Business Editor @Variety_Cynthia Latest Disney Leaders Talk Streaming Strategy and Growth Drivers: Sports, Local Language, Vertical Media and Emerging Formats 2 days ago Darren Walker Opens His Home to Friends and Anonymous Content Emmy Nominees in Celebration of ‘Joy, Reflection, Delight and Awe’ 3 days ago A Bulldog in Business: How Moving into the Booth Opened Other Doors for Dodger Great Orel Hershiser 5 days ago See All Penske Media via Getty Images On today’s episode of “Daily Variety” podcast , “The X-Files” creator Chris Carter explains to Variety ’s Michael Schneider how he got the chance to do a director’s cut of his 2008 “The X-Files: I Want to Believe” feature film. The new cut dubbed “The X-Files: I Want to Believe: Vrach Frankenshteyn” debuted Aug. 14 on Hulu and Disney+ outside the U.S. Carter points out that his preferred cut is actually shorter than the original release, which ran 144 minutes, per IMDB. Related Stories 'The King's Warden' Leads Korea to Best First Half Box Office Since Pandemic “I always felt like people didn’t see the movie I intended to make,” Carter says, noting that 20th Century Studios executive Steve Asbell helped get the director’s cut project off the ground. “I asked him, ‘Have you ever thought about doing a director’s cut?’ And it was really just offhand. And he said, ‘Why? Would you like to do one?’ I said, ‘I’d love to do one.’ I can tell you, though, the reason for doing the director’s cut for me is not to put all the stuff that was taken out, but to put the right stuff in that was taken out.” Popular on Variety Carter discloses that for the original release in 2008, he was under a lot of pressure to ensure that the film would secure at PG-13 rating. “When we showed them our first cut, the studio freaked out. They said, ‘This is torture porn. And you can’t do this for a PG-13 movie.’ So we cut it back and we satisfied them. And then we gave it to the motion picture folks, and they said, this isn’t a PG-13 movie. And we cut it back even further,” Carter says. “So the movie you’re seeing is, by and large, the movie that my partner in crime, [writer-producer] Frank Spotnitz, and I set out to make. And we always set out to make a very scary movie on a very limited budget, which is kind of the way we made ‘ The X Files ‘ TV series.” Carter makes a point of alerting “The X-Files” faithful to the independent horror film that he and his wife, writer Dori Carter, have recently completed in Vancouver. “Queens For a Day” revolves around “a very flawed person who has to go back in time and live her life through in someone else’s shoes,” Carter explains. He hopes to secure theatrical distribution for the film, which he directed, “in the next couple of months.” Listen to Daily Variety on iHeartPodcasts , Apple Podcasts , Variety’s YouTube Podcast channel, Amazon Music , Spotify and other podcast platforms. France’s National Film Board to Reduce Funding for Productions That Fail Gender Equality Targets Netflix Calls for Cap on French Content Investment Rules, Warning Current System Is ‘Unsustainable’ Cannes Critics’ Week Film ‘Six Months in a Pink and Blue Building’ Sells to Strand Releasing for North America (EXCLUSIVE) Cannes Breakout Comedy ‘Jim Queen’ Closes Key Deals Ahead of Annecy Screening (EXCLUSIVE) Matt Cherniss on Apple TV’s Impressive Emmys Batting Average, and When ‘Widow’s Bay,’ ‘Pluribus’ and ‘Severance’ Might Return Cannes’ Critics’ Week Reveals Lineup of Armenian Filmmakers Taking Part in Next Step Studio Program (EXCLUSIVE) Loading comments... More From Our Brands Rolling Stone Shakira Pledges $1.25 Million to Rebuild Schools Damaged by Earthquake in Colombia Robb Report Wyoming’s First Legal Whiskey Distillery Just Dropped a Bourbon to Celebrate America’s 250th Sportico Mountain West, 5 Departing Schools Agree to $49M Settlement WWD Nike’s Website Is a Treasure Trove of the Best Bodysuits for Women — Shop These 6 Editor-Loved Picks",0,2026-08-18 09:39:32
38,https://www.hollywoodreporter.com/tv/tv-news/the-drop-snowfall-spinoff-trailer-wanda-leon-west-coast-rap-1236675808/,‘The Drop’ Trailer Sees ‘Snowfall’ Characters Go After “New Gold Rush” of West Coast Rap,Hollywood Reporter,2026-08-18T00:14:54,4187,"× Skip to main content By Hilary Lewis Plus Icon Hilary Lewis Deputy Editor, East Coast hilarylewis Follow Sign Up View All August 17, 2026 5:14pm Isaiah John (left), Asante Blackk, Gail Bean and Peyton Alex Smith in 'The Drop: A Snowfall Saga.' FX After getting clean, Gail Bean’s Snowfall character Wanda Bell has her sights set on the music business. In the trailer for Snowfall spinoff, The Drop , set to premiere on Tuesday Sept. 8 on FX and Hulu , Wanda is shown proclaiming that West Coast rap “is the new gold rush; no cops, no murder” She then goes to her cousin Lamar (Asante Blackk) and asks him to make a beat for her as the two of them try to attract volatile local rapper Artillery (Simmie “Buddy” Sims III). Related Stories TV 'Deli Boys' Canceled After Two Seasons on Hulu TV 'American Horror Story: 13' First Teaser Returns Jessica Lange, Evan Peters, Twisty the Clown, Rubber Man and More for All-Star Season And, via voiceover, as the tapes start piling up, she explains how what she witnessed with Leon and Franklin ( Snowfall star Damson Idris) building their crack empire, gave her a “front-row seat to how they changed the game. We know our customers because they are our customers.” As the trailer goes on, the tensions on the streets ratchet up as family members disapprove of Lamar getting involved with the rap game and Wanda’s threatened more than once. And Leon suggests Wanda may be in over her head. “I know these streets just like you,” she tells him. “But you don’t know this gangsta business like me,” he replies. Still she ends the preview on a high: “I’m unstoppable, baby!” Here’s the synopsis for the new series, set in ’90s Los Angeles, which Snowfall jumped ahead to in its 2023 series finale , with Leon telling Franklin that Wanda was trying to make it in music. “ The Drop: A Snowfall Saga follows Snowfall characters Wanda Bell (Gail Bean) and Leon Simmons (Isaiah John) as they fight to reinvent themselves in ’90s Los Angeles, where the fallout from the crack epidemic is fueling a new game: the rise of West Coast rap. Wanda starts the series driven by the clear belief that West Coast rap has the power to reshape American culture. She will work to put together a ragtag group of geniuses and lead them to the realization of all their dreams. To do it, she must navigate the dangerous overlap of music and street politics, pulling in those closest to her including her cousins Lamar Kinsey (Asante Blackk) and James Kinsey (Peyton Alex Smith), and pursuing volatile local rapper Artillery (Simmie “Buddy” Sims III), who is already in a tangle with law enforcement. Her internship with former D-boy-turned-label-owner Darryl ‘DG’ Grant (Brandon Mychal Smith) creates opportunities but also deepens tensions between Wanda and Leon, who has vowed to leave the streets for good and chase down his own atonement through his free legal clinic. As ambition, loyalty and survival collide, how much is everyone willing to risk in order to build something lasting in a world that threatens to pull them down?” The cast also includes Mykelti Williamson, Nicki Micheaux, Isidora Goreshter, Eric Balfour, Richard Portnow, Zaire Adams, Demetrius Grosse and Quincy Chad, with Chad reprising his Snowfall role as Big Leon. Malcolm Spellman ( The Falcon and the Winter Soldier, Bel-Air ) executive produces the series from FX Productions with Snowfall EPs Dave Andron, Thomas Schlamme, Julie DeJoie, Michael London, Trevor Engelson and Paul Garnes. Speaking to The Hollywood Reporter for the Snowfall finale, Andron explained crafting the narrative so Leon and Wanda, then happily married, could move forward. “One of our guiding lights for who was going to make it out was: The people who had taken stock of the things they’d done and tried to change their lives should get to make it out,” he said, naming Leon as one of those characters. “It felt like you wanted there to be, for those people, a chance to go live a life. They get a chance to go forward and try to right the wrongs of their past. That felt important as well. Because the reality is it’s not just hopeless for everybody. But that was the guiding light for who gets a happier ending.” THR",0,2026-08-18 09:39:41
6,https://deadline.com/2026/08/mariska-hargitay-interview-my-mom-jayne-1237043627/,"Before She Hosts Primetime Emmy Awards, Mariska Hargitay Goes For Gold With Triple Nominee ‘My Mom Jayne’",Deadline,2026-08-18T00:05:40,8019,"Skip to main content By Matthew Carey Matthew Carey Documentary Editor, Awards @mattcarey More Stories By Matthew Lightdox Acquires ‘Auber 89’ Ahead Of Doc’s World Premiere at Venice Film Festival Sidebar Giornate Degli Autori ‘Traces Of Home’ Trailer: Award-Winning Film From EPs Melissa Barrera And John Leguizamo Tells Story Of Love And Forced Displacement ‘First They Came For My College,’ Film About Ron DeSantis-Led “Hostile Takeover” Of Florida School, Announces Theatrical Run View All August 17, 2026 5:05pm Mariska Hargitay in 'My Mom Jayne' HBO As Mariska Hargitay reflects on the past year in her life – a momentous one for the actress and filmmaker – a word comes to her mind to describe it: “cathartic.” She completed her 27 th season starring as Capt. Olivia Benson on Law & Order: SVU and in May made her Broadway debut in the drama Every Brilliant Thing – both exceptional achievements. But the catharsis emerged through an even more personal endeavor: her nonfiction directorial debut My Mom Jayne . The HBO documentary, an intimate exploration of Hargitay’s mother, the late actress Jayne Mansfield , and of a mystery surrounding the identity of Hargitay’s father, has earned three Primetime Emmy nominations, including Outstanding Documentary or Nonfiction Special and Outstanding Directing for a Nonfiction Program. Related Stories News Everything We Know About 'The Gilded Age' Season 4 So Far News Showtime! Buss Family Sells Remaining Lakers Stake To Bob Iger & Josh Kushner “The film has been, for me, the gift that just keeps on giving,” she tells Deadline. “It was an archeological dig of me not knowing what I was going to find, hoping that I had the internal architecture to support myself… Going into the unknown and not knowing what the other side was going to look like, it’s been so extraordinary to come out the other side with the results beyond my even dreams or comprehension, not knowing that the film would resonate with so many people the way it has.” Watch on Deadline Hargitay was just three years old when her mother was tragically killed in an auto accident outside New Orleans in 1967. Mariska and her two older brothers, Zoltán and Miklos (Mickey Jr.), were in the back seat of the vehicle but survived. Mariska and her older siblings were raised by Mickey Hargitay Sr., the man she grew up believing to be her biological father. Jayne Mansfield in 1957. Everett Collection Jayne Mansfield possessed great beauty and talent. She was multilingual and played classical piano and violin, but her exceptional good looks and curvaceous figure limited how the men who ran Hollywood perceived her. Mansfield accommodated herself to the sex symbol persona. In the film, Hargitay recalls growing up without her mom and becoming uncomfortable with how Mansfield had presented on screen. “I didn’t really appreciate the sort of bombshell image and didn’t like some of the [acting] choices she made,” Hargitay told us at the Cannes Film Festival, where My Mom Jayne premiered. “I felt myself being embarrassed by her and just wanting a normal mom and a regular mom and ‘pick me up from school’ and like that… I just felt like I dissociated myself and said, yeah, I don’t want to be part of that, and I want to do it differently.” Executive producer Lauran Bromley, director Mariska Hargitay, and producer and Trish Adlesic pose during the ‘My Mom Jayne: A Film By Mariska Hargitay’ photocall at the 78th annual Cannes Film Festival on May 18, 2025. Pascal Le Segretain/Getty Images In the course of the film, Hargitay reevaluates her mom, forming a fuller picture of how Mansfield’s career choices were circumscribed by the egregious sexism of the 1950s and ‘60s. She also explores her mother’s complicated love life, and the blended family Jayne raised that included Mickey Hargitay’s daughter by his first wife. The honesty of the portrayal, coupled with the reality that many people experience blended families or complicated family dynamics has allowed viewers to connect with the film. A young Mariska Hargitay with her mom, Jayne Mansfield. HBO Documentary Films “You could say, ‘Oh, [this story is] about Jayne Mansfield, a movie star in the ’50s and her TV star daughter’; that’s not what the movie is about. It’s a family film. It’s a story about generational trauma, and it’s a story about identity and recovery and reclamation and forgiveness and so many things,” Hargitay says, expressing pride in “the way the film has been received and the way that people have said, ‘That’s my story,’ and the spark that has led people to investigate their own families to uncover their family secrets or just deal with them or just look at them closer.” Hargitay captures on screen her reaction to learning as an adult that Mickey Hargitay in fact wasn’t her biological father. Her dad was Nelson Sardelli, a Brazilian singer with whom Jayne Mansfield became romantically involved during a break from her marriage to Hargitay. That revelation triggered conflicting emotions in Mariska, who felt intensely loyal to Mickey Hargitay as her loving father and didn’t want it to seem as if, somehow, she were turning her back on him. “When we keep secrets, I think that occupies a big part of our psyche — knowingly and unconsciously,” Hargitay observes. “Holding this secret and feeling bad about it and knowing that there was a part of me that just wasn’t clear and allowing myself to be my authentic self — but out of duty thinking this is how it had to be to honor my father. And then when I came to the realization like, no, no, no, that secret isn’t honoring anyone. We have to tell the secret.” She adds, “I wanted to make a love letter for my father, Mickey. That’s what I wanted to do. But in the process, it turned out to really be a love letter to all three of them [Jayne, Nelson, and Mickey] because the film deals with the complexity of the human condition, the real complexities of what it is to be human and how two things can be true at once… I wanted to understand why. Who was the woman behind the pose? Why did my father never admit to me? Why did Nelson never claim me? And I got answers to all of it, and the answers were the most loving.” In My Mom Jayne , Mariska connects with Nelson Sardelli, and the half-sisters she never knew she had. “It was very cathartic and mind-blowing to hear Nelson’s side of the story and understanding why he made the decisions that he made and how complex the decisions were for all three of them in so many ways,” she shares. “I was freed up; I felt like this giant exhale.” Mariska Hargitay acknowledges the audience after making her Broadway debut in ‘Every Brilliant Thing’ at the Hudson Theatre on June 2, 2026. Rob Kim/Getty Images The freeing of psychic space has allowed Hargitay to pursue new avenues of creativity. She made her Broadway debut 40 years after her late mother had done the same. “She was 22 [when she made her debut] and I was 62. That was also a deeply extraordinary feeling for me,” Hargitay affirms. “And when I went to Broadway, one of the things that I took with me was a plaque that she got that said ‘Broadway’s Rising Star 1955.’ And so every night I would hold that before I went [on stage].” Hargitay will continue an extraordinary year by embarking on the 28 th season of Law & Order: SVU and taking on another major challenge – hosting the Primetime Emmy Awards on NBC on Monday, Sept. 14. We’ll have more on Mariska’s plans for hosting the show in a separate piece we’ll publish on Tuesday. She won’t be simultaneously hosting and hearing announcements of winners in the documentary categories – those are presented at the Creative Arts Emmys ceremony in Los Angeles on Sept. 5 and 6. ‘Nashville’ & ‘Heroes’ Star Dies At 36; Career In Photos; Tributes Spidey Posts 2nd-Best Third Frame Ever; ‘Oak Street’ Out-Dinos ‘PAW Patrol’ Demands Huge Bond From AGs & WGA Over Costs Of “Roadblock” Suit HBO Renews ‘IT: Welcome To Derry’ For Season 2; Brad Caleb Kane Sole Showrunner Read More About: 1 Comments",0,2026-08-18 09:39:05
39,https://www.hollywoodreporter.com/music/music-industry-news/round-hill-files-lawsuits-against-suno-anthropic-1236675713/,"Round Hill Files $1 Billion Copyright Infringement Suits Against Suno, Anthropic",Hollywood Reporter,2026-08-17T23:46:30,2253,"Skip to main content By Ethan Millman Plus Icon Ethan Millman Music Editor View All August 17, 2026 4:46pm Getty Images Logo text Independent music publisher Round Hill is suing Suno and Anthropic on claims of mass copyright infringement, alleging that the two AI companies scraped hundreds of the publisher’s songs without permission to train their AI models. Round Hill marks just the latest major lawsuit for both Suno and Anthropic, who’ve both been sued by the major record companies on similar claims. Suno, industry’s biggest AI music generation platform, also faces a suit from Universal Music Group and Sony Music Group (WMG also sued, though the company has since settled ) related to its use of copyright to create new AI-generated recordings. Anthropic, meanwhile faces suits from Universal Music Publishing, Abcko, Concord and BMG over the companies’ songs’ lyrics being used to train its AI agent Claude. Round Hill is a prominent music publisher whose copyrights include the Goo Goo Dolls’ “Iris,” Bonnie Tyler’s “Total Eclipse of the Heart,” the Kinks’ “Lola” and Dio’s “Holy Diver.” The company provided a list of 500 songs that the defendants had infringed upon. Round Hill said in the suits that the company plans to “amend to list potentially ten thousand or more of their musical compositions,” with those damages potentially exceeding $1 billion. “While in other cases for copyright infringement, Defendant has waxed poetic about the necessity of progress and AI’s value to society, there is simply no reason — other than rote expediency — to have that progress come at the cost of copyrights holders,” prominent music attorney Richard Busch, representing Round Hill, wrote in the suits. Round Hill further argued that the latter “‘expediency’ arguments completely falter” when taking into account Suno and Anthropic’s significant cash valuations they’ve earned while “exploiting illicit copies of copyrighted works, including the Round Hill Works.” “There is simply nothing fair about a company using theft to build for purely commercial purposes a multi-billion dollar business while those from which they steal receive nothing,” Round Hill said. Reps for Anthropic and Suno didn’t immediately respond to request for comment. THR",0,2026-08-18 09:39:42
40,https://www.hollywoodreporter.com/tv/tv-features/field-of-dreams-game-2026-iowa-score-netflix-where-to-watch-1236674694/,Inside Netflix’s Field of Dreams Face-Off in Iowa: “A Magical Moment”,Hollywood Reporter,2026-08-17T23:40:39,12376,"× Skip to main content Minnesota Twins and Philadelphia Phillies players (with coach Don Mattingly) walk out of the corn field before the start of the Field of Dreams game between the Philadelphia Phillies and the Minnesota Twins in Dyersville, Iowa, on Aug. 13, 2026. Patrick McDermott/Netflix They built it, and thousands came. The Field of Dreams movie site in Dyersville, Iowa, roared back to life last Thursday to host upwards of 8,000 fans, 26 Hall of Famers and VIPs like Theo Von to take in Major League Baseball ‘s regular season matchup between the Philadelphia Phillies and Minnesota Twins. The high-profile outing, presented by John Deere and streamed live on Netflix , marked only the third MLB game to be played on the grounds where director Phil Alden Robinson filmed the beloved 1989 sports drama starring Kevin Costner. Related Stories General News Theo Von Takes Break From Field of Dreams Game to Talk Road Trips, Staying Healthy And Loving Iowa Movies Patrick Renna on 'The Sandlot' Fame and ""Once in a Lifetime"" Trip to Field of Dreams Game in Iowa But it was the first in four years and the first to take place inside a newly constructed, permanent stadium adjacent to the movie’s original baseball field and farmhouse. True to its inspiration, it’s also framed by meticulously arranged cornrows, which guests passed through in order to access the stadium. The wait (and the walk) amped up the anticipation, and one could feel the excitement on the grounds as gates opened for press and special guests hours ahead of the 6:30 p.m. start time. It also helped that rain clouds that had been dumping on Iowa all week dried up just in the nick of time. The movie site filled up first as fans flocked to take photographs of the scene and mingle with “ghost” players who were keen to play catch (with gloves and balls available to use free of charge). Star players from the Phillies and Twins also roamed the field freely with families, friends and fellow players. It was a uniquely special sight that even saw Phillies managing partner and chief executive officer John Middleton hitting the infield to play catch with his grandsons. It was a pinch-me day for Phillies player and Iowa native Derek Hill, who hails from Des Moines. “It means a lot to me to be here, but I think it means more to the state by bringing the recognition,” he told The Hollywood Reporter . “Seeing all these people out here enjoying the game of baseball and tying it back to the movie, it’s incredible.” Hill has seen the film “countless times” over the course of his 30 years, joking that he “probably watched it the day I was born with my pops.” The film is currently on Netflix, and the streamer must have seen a bit of a surge in viewership, as nearly every person THR encountered at the field said they watched it again in recent days or weeks leading up to the game. “I watched it on an airplane the other day because I knew we were coming here,” Von told THR from his seat mid-game. “I wanted to relight the candle a little bit. It’s a nice story about a father-son that really brings people together. I’ve run into some fathers and sons here at the ballpark today, so that’s been really cool and kind of heartwarming to see.” Hollywood has had a rough go in recent years, so it’s heartwarming for many industry insiders to hear just how alive the legacy is for one of its exports, especially after the passing of decades. Though he wasn’t in attendance, producer Larry Gordon just recently shared what an uphill battle it was to get the picture made back in the ’80s. “Whenever you think you have a hard pitch to sell, think about this one: A farmer plows on his corn crop to build a baseball diamond so that the ghost of Shoeless Joe Jackson comes back to the team of dead players all because one day working in his field that farmer heard an unattached voice whisper to him in a very easy to decipher message that anyone would quickly get: ‘If you build it, he would come,'” Gordon said while accepting Producers United’s Legacy Award on Sherry Lansing’s back lawn. “We were turned down and practically thrown out by every studio more than once. It took years, but we got it made.” The film went on to secure three Academy Award nominations, including one for best picture. Robinson also snagged one for best adapted screenplay, which was based on Canadian novelist W. P. Kinsella’s 1982 novel Shoeless Joe. Iconic lines and script passages — “is this heaven?” to “if you build it, he will come” — were peppered throughout the grounds, from Fanatics merch stands and backdrops to billboards. Hall of Famer CC Sabathia, who parted the cornrows to walk on the field as part of a group of 26 legends before the first pitch, told THR that he only watched the film for the first time last week. “I loved it,” said Sabathia, who also joined Netflix as an on-screen commentator for the broadcast. “When you watch the movie, it gets you back into the memories of what got you into baseball in the first place. Baseball is one of those sports that relies on an older father, brother, grandfather or uncle to play catch with you, toss some ground balls, pitches or pop-ups. For me, I was an only child and there were three people — my dad and two uncles — who were never too tired to play with me. They meant a lot to me so watching the movie meant a lot to me because of them.” Netflix and the MLB pulled out all the stops and a gaggle of talent to fill out the broadcast. On the scene were broadcasters Anthony Rizzo, Elle Duncan, Matt Vasgersian and Lauren Shehadi along with baseball greats Sabathia, Barry Bonds and Albert Pujols who joined the telecast to provide insider commentary. “I’m glad that Netflix jumped into bed with us to be able to bring the sport to a wider fan base,” Sabathia told THR of the streamer’s recent and inaugural foray into MLB action with three events : opening night in March, the Home Run Derby in July and the Field of Dreams game . “Netflix has hit it right on the money with trying to expand the fan base.” The push is part of a wider trend in sports to eventize regular season games to rally existing fans while embracing new ones. “The challenge for baseball is how do you create these jewel events in a schedule that requires 162 games be played in a 180-day window? It’s very difficult,” Vasgersian said. “As opposed to doing a game from an iconic ballpark that’s been around for a hundred years, like Fenway Park in Boston or Wrigley Field in Chicago, where you’re just steeped in the history, the history for the Field of Dreams game is really accessible. The film is not that old in the grand scheme of things, and the movie set still exists. It’s not like going to Universal Studios and seeing the New York street sets and having somebody tell you, ‘This is where they shot the movie.’ This is here and it’s special.” Shehadi agreed. “I always talk about moments in time in life. This is a moment in time for me. It’s one of those things that I’ll think about for the rest of my life. I grew up around this game. I was at the ball field when I was seven years old and my dad and mom would drop me off. And I grew this deep love, this deep love for the game,” she explained. “This game is for love of sport and love of country. Having this game in such a beautiful place at the Field of Dreams, it takes you back to your childhood to those simple, pure times. … That’s what this game represents. It’s a magical moment in time.” If you ask anyone in attendance at the game, they would also cite the magical moment of watching those 26 Hall of Famers emerge from the cornfield in the outfield to make their way to the infield to be introduced by Schwarber and fellow All-Star Byron Buxton of the Twins. Newly inducted Hall of Famers Andruw Jones and Jeff Kent had the honor of throwing out the first pitches while Alana Springsteen sang the National Anthem. Schwarber did his best to keep the good vibes going. As the first batter to kick off the game, he smashed a home run deep into right field for what would be his first of two. It was greeted by fireworks. “It’s so cool to see a ball disappear into a cornfield,” said a fan seated near THR . In total, there were four home runs (three for Philadelphia and one for Minnesota) as the Phillies rallied to beat the Twins 7-1. Aside from the fully grown stalks in the fields, corn was seemingly everywhere. There was a corn shucking contest, elote corn bites at concession stands and fans decked out in corn costumes or hats. Before the game and in between innings, fans kept busy playing cornhole. After the final pitch had been thrown, Phillies players ran onto the field to celebrate their victory. The final score and the entire experience delivered a Hollywood ending for Iowa native Hill, who was seen taking an ear of corn as a souvenir. He said, “It was really cool to be able to come back here and live out my dream.” Hill snags a souvenir after his team won the MLB matchup. Credit: Chris Gardner/The Hollywood Reporter A general view of the original house used for filming. It’s now for rent on Airbnb. Credit: Chris Gardner/The Hollywood Reporter A general view of the atmosphere on the original field used for filming with “ghost” players. Credit: Chris Gardner/The Hollywood Reporter Philadelphia Phillies players walk the field before game time. Credit: Chris Gardner/The Hollywood Reporter John S. Middleton, managing partner and principal owner of the Philadelphia Phillies, plays catch with his grandchildren on the Field of Dreams movie site. Credit: Chris Gardner/The Hollywood Reporter One of the film’s most iconic lines. Credit: Chris Gardner/The Hollywood Reporter Minnesota Twins emerge from the cornfield to walk out onto the field. (Photo by Patrick McDermott/Netflix) The Philadelphia Phillies pose for a team picture before the start of the Field of Dreams game. (Photo by Patrick McDermott/Netflix) Fans arrive for the Field of Dreams game while walking on a gravel path after passing through corn rows. (Photo by Patrick McDermott/Netflix) A general view of the cornfield. (Photo by Patrick McDermott/Netflix) Minnesota Twins players seen before the start of the Field of Dreams game. (Photo by Patrick McDermott/Netflix) Elle Duncan, Barry Bonds, Albert Pujols and Anthony Rizzo teamed for Netflix’s broadcast. (Photo by Patrick McDermott/Netflix) The Minnesota Twins and the Philadelphia Phillies line up on the field for pregame festivities. (Photo by Patrick McDermott/Netflix) Singer Alanna Springsteen performs the National Anthem. (Photo by Patrick McDermott/Netflix) Josh Bell and Byron Buxton of the Minnesota Twins. (Photo by Patrick McDermott/Netflix) A general view of the field. (Photo by Patrick McDermott/Netflix) Broadcasters Matt Vasgersian, CC Sabathia and Hunter Pence pose with guest MLB legend Roger Clemons. (Photo by Patrick McDermott/Netflix) A general view of a cameraman working for Netflix. (Photo by Patrick McDermott/Netflix) A general view of the atmosphere outside the stadium. Credit: Chris Gardner/The Hollywood Reporter Kyle Schwarber of the Philadelphia Phillies celebrates his first-inning homer during the Field of Dreams game between the Philadelphia Phillies and the Minnesota Twins in Dyersville, Iowa, on Aug. 13, 2026. (Photo by Patrick McDermott/Netflix) Fans watch play. (Photo by Patrick McDermott/Netflix) Members of the military are honored during the Field of Dreams game. (Photo by Patrick McDermott/Netflix) Broadcaster and Hall of Famer CC Sabathia (Photo by Patrick McDermott/Netflix) A general view of the atmosphere with a Fanatics merch bus. Credit: Chris Gardner/The Hollywood Reporter Luis Arraez of the Philadelphia Phillies. (Photo by Patrick McDermott/Netflix) Bryce Harper of the Philadelphia Phillies is interviewed by broadcaster Lauren Shehadi. (Photo by Patrick McDermott/Netflix) Broadcaster Anthony Rizzo eats corn during his post-game interview with MVP Kyle Schwarber. (Photo by Patrick McDermott/Netflix) A general view of the scoreboard showing the final score with the Philadelphia Phillies defeating the Minnesota Twins 7-1 in the Field of Dreams game. On the heels of the game, MLB announced that the 2027 Field of Dreams Game will feature a matchup between the Kansas City Royals and the Boston Red Sox in Dyersville, Iowa, on Aug. 12, 2027. (Photo by Patrick McDermott/Netflix) THR",0,2026-08-18 09:39:43
7,https://deadline.com/2026/08/kevin-macdonald-pep-guardiola-man-city-beautiful-obsession-1237014372/,Kevin Macdonald On Capturing Pep Guardiola For Prime Video’s ‘A Beautiful Obsession’: “Like Having Robert De Niro Play A Football Coach”,Deadline,2026-08-17T23:01:00,6262,"Skip to main content By Max Goldbart Max Goldbart International TV Co-Editor @Goldbart1 More Stories By Max Kevin Macdonald On Capturing Pep Guardiola For Prime Video’s ‘A Beautiful Obsession’: “Like Having Robert De Niro Play A Football Coach” ‘Small Town Scandal’: ‘Only Murders In The Building’-Inspired Show From New Zealand Comic Royalty Proves Podcasts Can Be Perfect “Proof Of Concept” ‘The Boys’ VFX Firm Untold Hires Film & Episodic Chief View All August 17, 2026 4:01pm Pep Guardiola City Studios “Pep playing himself is a bit like having Robert De Niro play a football coach.” Those are the musings of Oscar-winning director Kevin Macdonald , who has just spent two years charting the exploits of Pep Guardiola and Manchester City for A Beautiful Obsession and yet had barely heard of Guardiola before he was brought on board by Prime Video, Plan B , Workerbee and City Studios . “He wears his heart on his sleeve,” said Macdonald. “He’s just so compelling to watch.” Macdonald, whose subjects have included Whitney Houston and Bob Marley, and who won an Oscar for One Day in September, believes his lack of interest in soccer was advantageous when following one of the greatest managers of all time. The docuseries charts Guardiola’s tumultuous final two seasons after winning an English record four Premier League titles in a row and follows in a long line of Amazon sports docs about soccer teams, although this one isn’t part of the streamer’s successful All or Nothing strand. Watch on Deadline Related Stories News Netflix Unveils Live Darts Event With Teenage Sensation Luke Littler News ""Remarkable True Story"" Of Family Behind World-Famous Panini Stickers Told In Beta-Backed Italian Series 'Album Of Dreams' Asking stupid questions Kevin MacDonald. Image: Deadline via Getty “There’s something quite good about asking stupid questions,” Macdonald told Deadline. “I told him I didn’t know much about football and the weird thing was that really engaged him. He was like, ‘Oh my god I’m so fed up with talking about football.’ So we talked about books, films and all sorts of other things.” Macdonald’s disinterest in the UK’s national sport echoes that of Fisher Stevens, who directed Netflix’s smash hit Beckham documentary several years back and has also said in the past he didn’t know much about soccer when he took up the gig. It allowed Macdonald to get under Guardiola’s skin, the Scottish director explained. “I asked why he was so interested and why the players cared so much,” added Macdonald, who spent hours observing with the legendary Spanish coach, met him five times and interviewed him three times. “We tried to make a series that was emotional and human, and saw these players go through really dramatic events. I hope the series will be enjoyed by people who aren’t football fans, but are just interested in the human drama.” That drama came during the first few months of the period being covered in the doc as Guardiola, fresh off the back of his GOAT-like title quadruple, suddenly found results turning for the worst. Gavin Johnson, Group Media Director at City Football Group, who oversees City Studios, said filming this period was “quite uncomfortable for people internally,” but the team was commited to keeping the cameras rolling. “There is an acceptance at the top of the business that you have to tell deeper stories around the club and to do that you have to open yourself up,” said Johnson. “We’d had this amazing run and then we couldn’t stop losing for a short number of games and it was really really hard. Sometimes it was uncomfortable to watch but that is what makes good drama.” Macdonald said this created “authenticity and honesty,” which contrasts with the “first wave” of popular streaming sports docs from a few years back that “were quite constructed and quite limited” in scope. “Fans see that every Saturday,” he added. “They want something more – a kind of observational, vérité documentary that is quite rare in other worlds.” City Studios’ deep access comes from its unique position as an in-house Manchester City studio, chronicling the team all-year round. “The team we’ve built at City haven’t shied away from any area but have done a wonderful job to build trust, catch all of the content and work within the parameters we have to work within,” said Johnson. “These are top sports individuals [we are following] who have to try and win games for Man City. But also they’re human beings and that is the essence of what Kevin Macdonald has scratched below the surface of.” City Studios has a development deal with Sony Pictures Television for soccer content and Sony international boss Wayne Garvie has previously said he wants to find soccer’s Succession. Updating on the pact, Johnson said there are “three or four projects we are really excited about,” which lean on Garvie’s “expertise, contacts passion and knowledge,” but the world of scripted programming can be “frustratingly slow” compared with docs, he added. “The philosophical underpinning of the series” Image: City Studios So what next for Guardiola? Having won numerous titles at Barcelona, Bayern Munich and Manchester City, the 55-year-old is heading for a rare career break after turning down a job to manage the Italian national team. Macdonald said Guardiola is remarkably philosophical about the future. “He’s coming to terms with the idea that you cannot be the best forever, but you need to understand and communicate to those around you that you have to enjoy life whether you are winning or losing,” added Macdonald. “In a way that is the philosophical underpinning of the series. This feels very authentic coming from Pep. I kept telling him he was a natural Buddhist.” The docuseries launches August 19. It is directed by Macdonald alongside City Studios’ John De Caux and produced by Macdonald for Plan B/KM Films and Banijay UK-owned Workerbee, along with Johnson and Ged Doherty for City Studios. ‘Nashville’ & ‘Heroes’ Star Dies At 36; Career In Photos; Tributes Spidey Posts 2nd-Best Third Frame Ever; ‘Oak Street’ Out-Dinos ‘PAW Patrol’ Demands Huge Bond From AGs & WGA Over Costs Of “Roadblock” Suit HBO Renews ‘IT: Welcome To Derry’ For Season 2; Brad Caleb Kane Sole Showrunner Read More About: Comments",0,2026-08-18 09:39:06
8,https://deadline.com/feature/the-morning-show-season-5-news-updates-what-to-expect-1236760731/,Everything We Know About ‘The Morning Show’ Season 5 So Far,Deadline,2026-08-17T22:22:28,1905,"Skip to main content By Dessi Gomez Dessi Gomez SEO Staff Writer @GomezDessi More Stories By Dessi Everything We Know About ‘The Morning Show’ Season 5 So Far Everything We Know About ‘The Gilded Age’ Season 4 So Far Everything We Know About ‘Percy Jackson And The Olympians’ Season 3 So Far View All August 17, 2026 3:22pm L-R: Mark Duplass and Reese Witherspoon in 'The Morning Show' Season 4 Apple TV+ Season 5 of Apple TV ’s The Morning Show has begun adding new faces to its already stacked cast. Season 4 left off with a major character and actress making their departures about midway through. Already, three names have been added to the mix of the news network world and beyond. Related Stories Casting Jeff Daniels Joins ‘The Morning Show’ For Season 5 News ‘The Morning Show’ Boss Breaks Down Season 4 Finale; Teases Season 5 “Dance” Between Mia And Ben: “It’s Gonna Get Interesting Between Them” For everything we know about The Morning Show Season 5, read on. When will The Morning Show Season 5 come out? Watch on Deadline The release date for the next season has not yet been established. Is The Morning Show Season 5 in production? Yes, in an interview with Deadline , Lauren Neustadter confirmed from set of The Nightingale that Season 5 is currently filming. Will there be more seasons of The Morning Show ? No, the fifth season is the final installment for the Apple drama show. Who will be new in The Morning Show Season 5? Jeff Daniels has joined the drama series to play the major recurring role of Lukas , a self-made billionaire and founder of a well-known investment firm. Daniels also recently joined the cast of Apple TV’s Shrinking Season 3 as Jimmy’s (Jason Segel) father. Deadline also broke the news that Grey’s Anatomy alum Jesse Williams will portray Vernon, UBN’s newest Head of News. He’s known as “a brash pot-stirrer with a talent for grabbing and keeping an audience.”",0,2026-08-18 09:39:07
9,https://deadline.com/feature/the-gilded-age-season-4-news-updates-everything-we-know-1236748421/,Everything We Know About ‘The Gilded Age’ Season 4 So Far,Deadline,2026-08-17T22:19:33,3961,"Skip to main content By Dessi Gomez Dessi Gomez SEO Staff Writer @GomezDessi More Stories By Dessi Everything We Know About ‘The Morning Show’ Season 5 So Far Everything We Know About ‘The Gilded Age’ Season 4 So Far Everything We Know About ‘Percy Jackson And The Olympians’ Season 3 So Far View All August 17, 2026 3:19pm L-R: Carrie Coon and Merritt Wever in 'The Gilded Age' Season 3 HBO Max The culture clash will continue in Season 4 of Julian Fellowes’ HBO period drama The Gilded Age , based on the turn-of-the-century time period in America that lasted between 1870 and 1900 . Some familiar faces have been promoted to series regulars since Season 3, and some new faces are joining the cast to play big-name historical characters, among other new roles for the large ensemble. Related Stories News ‘The Gilded Age’ Cast Throughout The Seasons Of The Period Drama Cancellations and Renewals ‘The Gilded Age’ Renewed For Season 4 By HBO For everything we know about The Gilded Age Season 4, read on: When will The Gilded Age Season 4 come out? Watch on Deadline In a video promotion released in December, HBO hinted that the newest season of the period drama would arrive in 2026 . Is The Gilded Age Season 4 in production? The show’s fourth season has wrapped production. Star Carrie Coon posted the news on her Instagram story. How many episodes of T he Gilded Age Season 4 will there be in total? The Gilded Age ‘s fourth season will have a total of 8 episodes. Will there be new characters in The Gilded Age Season 4? Yes. Deadline broke the news in February that Taylor Trensch ( Bat Boy: The Musical ), James Scully ( You) , Dennis Haysbert ( 24 ), Maggie Kuntz ( John Proctor is the Villain ), Neal Huff ( Mare of Easttown ), and Tony Award-winner Bonnie Milligan ( Search Party ) would be joining the Season 4 cast in recurring roles. Jim Gaffigan ( Chappaquiddick ), Dallas Roberts ( Walk the Line ), Elizabeth Marvel ( Presumed Innocent ), and Andrew Burnap ( Snow White ) have joined as guest stars . Gaffigan will play Grover Cleveland, the 22nd President of the United States, who comes to New York to curry favor with the elite class. Roberts will portray Daniel Manning, a seasoned politician and Secretary of the Treasury under President Grover Cleveland. Marvel will play Nurse Virginia Saville, a kind nurse who works at the Neighborhood Settlement House in the Lower East Side. Burnap will portray Porter, a young gentleman of Society with an Ivy League education and money to invest in exciting new ventures. Who else is coming back to The Gilded Age Season 4? Jordan Donica, who plays Dr. William Kirkland, and Ashlie Atkinson, who portrays Mamie Fish, have been upped to series regulars for the upcoming fourth season. Kelley Curran, who plays Enid Winterton — formerly known as Turner when she served as Bertha’s (Carrie Coon) maid, has also been promoted to series regular . Denée Benton as Peggy Scott and Jordan Donica as Dr. Kirkland in ‘The Gilded Age’ Season 3 HBO Max Series regulars since Season 1 include Carrie Coon, Morgan Spector, Louisa Jacobson, Denee Benton, Cynthia Nixon, Christine Baranski, Harry Richardson, Blake Ritson, Taissa Farmiga, and Audra McDonald, who are all set to return. What happened in Season 3 of The Gilded Age ? Donica’s character, Dr. Kirkland, proposed to Peggy Scott (Benton) in a happy, joyful moment at the end of Season 3. In contrast, George (Spector) and Bertha hit some rough waters in their marriage. This was largely due to Bertha’s rolling full steam ahead by forcing their daughter Gladys (Farmiga) into an arranged marriage . George felt he had no control and was angered by Bertha not wanting her daughter to have a shot at a love match. It’s worth noting that George is upset on Gladys’s behalf; however, she married the Duke of Buckingham and ended up falling in love with him! Bertha’s sister Monica (Merritt Wever) came to town for the wedding, much to the former’s chagrin.",0,2026-08-18 09:39:08
10,https://deadline.com/2026/08/all-her-fault-creator-megan-gallagher-interview-1237043228/,‘All Her Fault’ Creator On Challenging How Society Views Women & Mothers In Thriller Series,Deadline,2026-08-17T22:15:00,4644,"Skip to main content By Katie Campione Katie Campione Senior TV & Labor Reporter @katie_campione More Stories By Katherine ‘Industry’ Adds Cary Elwes, Dianna Agron, Sam Riley & More As Season 5 Guests ‘All American’: Tensions High Within The Vortex Amid ICE Raid Aftermath & Fight For Beverly Coach In New Season 8 Clip ‘Lanterns’ Star Kyle Chandler Weighs In On Premiere Twist That Sets In Motion “The Whole Mystery” Of HBO Series View All August 17, 2026 3:15pm 'All Her Fault' showrunner Megan Gallagher at The London in West Hollywood on Sunday Griffin Nagel/Peacock Of all the feedback she’s received on All Her Fault , there is one comment that sticks with creator and showrunner Megan Gallagher : “Those are two of the worst husbands I’ve ever seen on television, and neither one of them were having an affair.” It certainly would’ve been easy (and predictable) to fuel audiences’ distaste for the spouses of Marissa Irvine (Sarah Snook) and Jenny Kaminski (Dakota Fanning), the two women at the center of the thriller who are brought together by the disappearance of the former’s son, by adding an extramarital relationship to the mix — particularly for Jenny’s husband, Richie (Thomas Cocquerel), whose sins amount to far less than Peter’s (Jake Lacy). Related Stories News ‘All Her Fault’ EPs On Creating Riveting Whodunnit Series With An Ending “You Don’t See Coming” – Crew Call Live News Emmy Nominations 2026: The Complete List But, it also would’ve undercut the themes Gallagher wanted to drive home with the limited series, which explores the ways that women and mothers often shoulder the brunt of societal responsibility and therefore get the lion’s share of the blame as well. Watch on Deadline “I don’t think that that’s the worst thing that you can do to your spouse, necessarily. I really don’t,” Gallagher said during an All Her Fault x Women in Entertainment FYC screening at The London in West Hollywood on Sunday. “The truth is, if you are Jenny Kaminsky, and you are miserable every day and asking for help every day, and the person who’s supposed to love you and be your life partner is doing everything within their power to keep you miserable, that’s so much worse, I think, than having an affair. Like, I’d rather have you sleep with your secretary than do that. It meant something to be able to get that on the screen, that look at marriage.” It also gave Gallagher an opportunity to dig into the complexities of a woman like Jenny, someone she says “might seem like [a] pushover” but is far from it. “She’s a people pleaser by nature. She’s very clearly depicted that way, as somebody whose strength is in being empathic and being intuitive and kind of sensing what other people need,” she explained. “And I feel like I know so many people like that, men and women both, but I think that those people often have a very steely core down there.” Gallagher describes the scene where Jenny finally puts her foot down with Richie as the character finally “finding that moment of no.” L-R: Megan Gallagher and Deadline’s Katie Campione onstage Griffin Nagel/Peacock Jenny’s realization is fueled not only by her husband’s actions throughout the series but also by the revelations about Marissa’s missing son and the part her own husband Peter played in his disappearance. At every turn, Marissa blames herself for Milo’s disappearance, as do others, and Peter lets her bear that undue weight for most of the series without explaining his part in any of it. Ultimately, Marissa is a devoted mom who had nothing to do with her son’s disappearance and who was fooled by her own husband. Just like with Jenny, Gallagher says she wanted to challenge expectations for the kind of woman Marissa would be. “I purposefully wrote Marissa as an incredibly accomplished career woman who wasn’t necessarily a lovey-dovey mom,” she said. “She’s got a real edge to her, in a good way, in a way that I find relatable. I’m not a wilting flower. She’s a really strong lady.” Marissa’s devotion to both her son and her own sense of self was an important component to get on screen, Gallagher said, adding: “It’s one thing when society blames you or the media blames you and all that kind of stuff. It’s another thing when women internalize this guilt and we take it on ourselves. To me, that’s the most heartbreaking part.” ‘Nashville’ & ‘Heroes’ Star Dies At 36; Career In Photos; Tributes Spidey Posts 2nd-Best Third Frame Ever; ‘Oak Street’ Out-Dinos ‘PAW Patrol’ Demands Huge Bond From AGs & WGA Over Costs Of “Roadblock” Suit HBO Renews ‘IT: Welcome To Derry’ For Season 2; Brad Caleb Kane Sole Showrunner Read More About: Comments",0,2026-08-18 09:39:09
11,https://deadline.com/2026/08/abby-phillip-cnn-contract-1237043487/,Abby Phillip Signs New Deal To Remain At CNN,Deadline,2026-08-17T22:05:22,1634,"Skip to main content By Ted Johnson Ted Johnson Political Editor @tedstew More Stories By Ted Abby Phillip Signs New Deal To Remain At CNN New Yorker’s Ariel Levy To Join ‘60 Minutes’ As A Contributor CNN Says White House’s Personal Attacks On Kristen Holmes Are “Beneath The Office” After Trump Fumed Over Her Questions View All August 17, 2026 3:05pm Abby Phillip CNN Abby Phillip has signed a new deal at CNN , where she has hosted the nightly show CNN Newsnight . A network spokesperson declined to comment on talent contracts. According to a source, Phillip recently renewed her deal to remain at the network, which she joined in 2017. CNN NewsNight ‘s roundtables frequently land clips on social media, as figures from across the political spectrum debate, and at times argue, over the top stories of the day. Variety first reported on Phillip’s new contract. Last year, CNN signed another primetime host, Anderson Cooper, to a new contract. In addition to AC 360 , Cooper hosts the Sunday newsmagazine The Whole Story . Phillip also hosts Table for Five on Saturday mornings and the streaming series Confessions and Obsessions. She previously was the network’s senior political correspondent and the host of Inside Politics Sunday. She previously worked at The Washington Post, ABC News and Politico. Watch on Deadline ‘Nashville’ & ‘Heroes’ Star Dies; Career In Photos; Tributes Spidey Posts 2nd-Best Third Frame Ever; ‘Oak Street’ Out-Dinos ‘PAW Patrol’ Demands Huge Bond From AGs & WGA Over Costs Of “Roadblock” Suit HBO Renews ‘IT: Welcome To Derry’ For Season 2; Brad Caleb Kane Sole Showrunner Read More About: 1 Comments",0,2026-08-18 09:39:10
12,https://deadline.com/2026/08/ghost-rider-2028-disney-release-dates-1237043467/,"Disney Sets Ryan Gosling ‘Ghost Rider’ For Summer 2028, Other Tentpole Release Dates Out Of D23",Deadline,2026-08-17T21:32:56,2640,"Skip to main content By Anthony D'Alessandro Anthony D'Alessandro Editorial Director/Box Office Editor @AwardsTony More Stories By Anthony Disney Sets Ryan Gosling ‘Ghost Rider’ For Summer 2028, Other Tentpole Release Dates Out Of D23 Cineverse Acquires Genre-Bending Thriller ‘Eugene The Marine’ Starring Scott Glenn ‘Spider-Man: Brand New Day’ $71M Second-Best 3rd Frame Ever; ‘End Of Oak Street’ $21M Louder Than ‘PAW Patrol’ In Dino Battle – Box Office Update View All August 17, 2026 2:32pm L-R: Ryan Gosling and Nicolas Cage in 2007's 'Ghost Rider' Jason Mendez/Getty Images for Amazon MGM Studios/Columbia Pictures/Courtesy Everett Collection Disney sent out a list of 2028 theatrical release dates and then some, most of which we told you about both separately on D23’s big Friday night and in our outlook from the studio’s big film lineup . Prominently, while we knew Ghost Rider was opening in 2028, Disney has officially made it known that the Ryan Gosling-starring, Shawn Levy-directed anti-hero movie is hitting theaters on July 28, 2028, the weekend the studio already had on hold for an untitled Marvel Studios movie. Again, the end of July is the hot new launchpad post-Covid for Marvel pics like Deadpool & Wolverine and Spider-Man: Brand New Day. Related Stories News Ryan Gosling Unveiled As Ghost Rider At Marvel’s Comic-Con Panel News Disney D23 Takeaway: With ‘X-Men’, ‘Tangled’, ‘Incredibles 3’ & More, Movie Studio Poised To Slay In 2028 Shifting earlier in 2027 is Searchlight Pictures’ suspense horror Monitor, going from April 30 next year to April 16. Blurb for pic from Matt Black and Ryan Polly: After a disturbing video surfaces online, something begins to spread — moving from screen to screen and targeting anyone who watches. No escape. No warning. Once you’ve seen it — it’s already too late. Watch on Deadline Disney is still calling dibs on an untitled movie, switching it on the calendar from February 18, 2028 to February 11, 2028. As previously announced, the 2028 and 2029 tentpole pic dates are as follows: 2028 Pixar’s Ghost Market — March 10 Disney live-action Tangled — March 31 Marvel Studio’s untitled X-Men — May 5 Disney Animation movie Clay — November 22 Black Panther 3 — December 15 2029 Untitled Disney movie (previously an untitled Marvel movie) — November 9 Coco 2 — November 21 ‘Nashville’ & ‘Heroes’ Star Dies; Career In Photos; Tributes Spidey Posts 2nd-Best Third Frame Ever; ‘Oak Street’ Out-Dinos ‘PAW Patrol’ Demands Huge Bond From AGs & WGA Over Costs Of “Roadblock” Suit HBO Renews ‘IT: Welcome To Derry’ For Season 2; Brad Caleb Kane Sole Showrunner Read More About: Comments",0,2026-08-18 09:39:11
20,https://deadline.com/2026/08/page/2/,More Stories,Deadline,2026-08-01T00:00:00,7182,"Skip to main content Latest in Dan Harmon Talks Overhauling ‘Rick And Morty’ Workplace, Fears & Hopes For Future Of Adult Animation – Contenders TV Nominees Studio There was ""a great deal of turbulence,"" Dan Harmon acknowledged, following co-creator and star Justin Roiland's 2023 ouster from Adult Swim’s Rick and Morty ahead of Season 7, amid domestic violence charges (which were ultimately dropped) and other allegations of misconduct. But it feels now, that… By Matt Grobar Aug 17, 2026 2:30 pm Print Print Dan Harmon Talks Overhauling ‘Rick And Morty’ Workplace, Fears & Hopes For Future Of Adult Animation – Contenders TV Nominees Studio Read the full story Awards New Yorker’s Ariel Levy To Join ‘60 Minutes’ As A Contributor Ariel Levy, a staff writer at The New Yorker, is joining CBS News’ 60 Minutes as a contributor. Executive Producer Nick Bilton wrote: “Ariel is an astonishingly original writer and reporter, fearlessly going to far-flung places and exploring sensitive topics that have driven consequential… By Ted Johnson Aug 17, 2026 2:17 pm Print Print New Yorker’s Ariel Levy To Join ‘60 Minutes’ As A Contributor Read the full story Business Sam Trammell, Robin Weigert, Chris Coy Among 6 Cast In Hulu’s ‘Prison Break’ Reboot EXCLUSIVE: Sam Trammell ( True Blood ), Sean Bridgers ( Deadwood ), Chris Coy ( Black Rabbit) , Kerry Bishé ( Halt and Catch Fire ), Robin Weigert ( Deadwood ) and Jean Louisa Kelly ( Uncle Buck ) are set for recurring roles in Prison Break , Hulu’s upcoming series reboot from Elgin James ( Mayans M.C., The Outlaws… By Denise Petski Aug 17, 2026 2:00 pm Print Print Sam Trammell, Robin Weigert, Chris Coy Among 6 Cast In Hulu’s ‘Prison Break’ Reboot Read the full story Exclusive TV Blake Levin Joins Independent Artist Group As Head Of Media Finance & Sales EXCLUSIVE: Independent Artist Group has appointed Blake Levin to the role of Head of Media Finance and Sales. At IAG, Levin will lead the media finance and content sales business, working with filmmakers, producers, production companies, financiers and rights holders to structure financing… By Matt Grobar Aug 17, 2026 1:37 pm Print Print Blake Levin Joins Independent Artist Group As Head Of Media Finance & Sales Read the full story Exclusive Business Vince Gilligan On The Mysteries Of ‘Pluribus’: “I Want People Who Watched The Show To Tell Me What It Means” – Contenders TV Nominees Studio Pluribus creator and executive producer Vince Gilligan learned a big lesson about saying too much about a series when he answered questions about the meaning of his first big hit, Breaking Bad . ""I was always talking about 'this is what this means. No, you’re wrong and don’t interpret it that way.'… By Pete Hammond Aug 17, 2026 1:30 pm Print Print Vince Gilligan On The Mysteries Of ‘Pluribus’: “I Want People Who Watched The Show To Tell Me What It Means” – Contenders TV Nominees Studio Read the full story Awards CNN Says White House’s Personal Attacks On Kristen Holmes Are “Beneath The Office” After Trump Fumed Over Her Questions Donald Trump fumed at CNN’s Kristen Holmes as she tried to ask him about his communications with North Korean Leader Kim Jong Un. In the Oval Office on Monday, Trump had been defending his relationship with Kim, saying that “I understand him. He understands.” The president posted on Truth Social… By Ted Johnson Aug 17, 2026 1:19 pm Print Print CNN Says White House’s Personal Attacks On Kristen Holmes Are “Beneath The Office” After Trump Fumed Over Her Questions Read the full story Business “Just Heartbreak”: Connie Britton Mourns ‘Nashville’ Co-Star Hayden Panettiere Following her breakout role as cheerleader Claire Bennett on NBC’s Heroes , Hayden Panettiere in 2012 was cast as the co-lead opposite Connie Britton in the ABC country music drama Nashville. Following Panettiere’s passing at the age of 36 , Britton posted a heartfelt tribute on Instagram.… By Nellie Andreeva Aug 17, 2026 1:17 pm Print Print “Just Heartbreak”: Connie Britton Mourns ‘Nashville’ Co-Star Hayden Panettiere Read the full story TV ‘My Life With The Walter Boys’ Star Nikki Rodriguez Signs With Independent Artist Group EXCLUSIVE: Independent Artist Group (IAG) has signed actress Nikki Rodriguez for representation. Rodriguez is the star of the Netflix hit YA series My Life with the Walter Boys , based on Ali Novak's Wattpad novel of the same name. The coming-of-age series debuted its third season on the streamer… By Rosy Cordero Aug 17, 2026 1:10 pm Print Print ‘My Life With The Walter Boys’ Star Nikki Rodriguez Signs With Independent Artist Group Read the full story Exclusive Business Kountry Wayne Talks Micro-Drama Empire That Helped Fuel His Rise As A Stand-Up – Comedy Means Business Podcast Kountry Wayne, the Southern comic who landed major streaming releases for his first two specials, has an unusual origin story. While many comedians have built audiences through social media, Wayne took a more specialized route: He zeroed in on vertical micro-dramas, a format that helped him… By Matt Grobar Aug 17, 2026 1:00 pm Print Print Kountry Wayne Talks Micro-Drama Empire That Helped Fuel His Rise As A Stand-Up – Comedy Means Business Podcast Read the full story Watch TV Cineverse Acquires Genre-Bending Thriller ‘Eugene The Marine’ Starring Scott Glenn EXCLUSIVE: Terrifier 3 studio, Cineverse, has taken domestic rights to Eugene the Marine starring Scott Glenn (Emmy nominee The White Lotus ), Jim Gaffigan ( Linoleum ) Annette O’Toole ( Virgin River ), and Shioli Kutsuna ( Invasion, Gundam ) with plans for a theatrical release in select cities later this… By Anthony D'Alessandro Aug 17, 2026 12:59 pm Print Print Cineverse Acquires Genre-Bending Thriller ‘Eugene The Marine’ Starring Scott Glenn Read the full story Exclusive Film ‘Spider-Man: Brand New Day’ $71M Second-Best 3rd Frame Ever; ‘End Of Oak Street’ $21M Louder Than ‘PAW Patrol’ In Dino Battle – Box Office Update MONDAY AM UPDATE: Sony/Marvel Studio’s Spider-Man: Brand New Day came in higher in its third weekend with $71M , still the second-best third frame ever Stateside after Star Wars: The Force Awakens ($90.2M in 2015) with a -51% hold. That third-weekend decline is better than Avengers: Endgame ‘s (-57%… By Anthony D'Alessandro Aug 17, 2026 12:42 pm Print Print ‘Spider-Man: Brand New Day’ $71M Second-Best 3rd Frame Ever; ‘End Of Oak Street’ $21M Louder Than ‘PAW Patrol’ In Dino Battle – Box Office Update Read the full story Box Office Everything We Know About ‘Percy Jackson And The Olympians’ Season 3 So Far Another season of Disney’s television series adaptation of Rick Riordan’s Percy Jackson and the Olympians has come and gone, but Season 3 is close at hand. The series received a very early Season 3 renewal in March 2025, and some very key players have been cast for the third… By Dessi Gomez Aug 17, 2026 12:40 pm Print Print Everything We Know About ‘Percy Jackson And The Olympians’ Season 3 So Far Read the full story TV Previous page of stories Previous Next page of stories Next Sidebar Newswire PMC Deadline is a part of Penske Media Corporation. © 2026 Deadline Hollywood, LLC. All Rights Reserved. Powered by WordPress.com VIP Site",0,2026-08-18 09:39:21
19,https://deadline.com/2026/08/ariel-levy-60-minutes-contributor-1237043444/,New Yorker’s Ariel Levy To Join ‘60 Minutes’ As A Contributor,Deadline,2026-08-01T00:00:00,2037,"Skip to main content By Ted Johnson Ted Johnson Political Editor @tedstew More Stories By Ted Abby Phillip Signs New Deal To Remain At CNN New Yorker’s Ariel Levy To Join ‘60 Minutes’ As A Contributor CNN Says White House’s Personal Attacks On Kristen Holmes Are “Beneath The Office” After Trump Fumed Over Her Questions View All August 17, 2026 2:17pm ‘60 Minutes' CBS Ariel Levy , a staff writer at The New Yorker, is joining CBS News ‘ 60 Minutes as a contributor. Executive Producer Nick Bilton wrote: “Ariel is an astonishingly original writer and reporter, fearlessly going to far-flung places and exploring sensitive topics that have driven consequential debates. For nearly three decades, first at New York magazine and then at The New Yorker , she has reported on culture, gender, sexuality, health and the people and ideas shaping modern life in a way that is entirely unique.” Related Stories News ‘60 Minutes’ Announces New, Big-Name Correspondents & Contributors News Former ‘60 Minutes’ Correspondents Scott Pelley And Sharyn Alfonsi To Serve As Journalists In Residence At Columbia University Levy will be the newest addition to the newsmagazine after an overhaul in May, which saw the executive producer replaced and three correspondents fired, including Sharyn Alfonsi, Cecilia Vega and Scott Pelley. Last month, Bilton announced the hiring of Ross Douthat as correspondent, and Sebastian Junger, Trevor Phillips and Gianna Toboni as contributors. Norah O’Donnell will be a correspondent after contributing to the show. Watch on Deadline Levy is the author of a memoir, The Rules Do Not Apply, and Female Chauvinist Pigs, about the rise of raunch culture. She also hosted the podcast The Just Enough Family. ‘Nashville’ & ‘Heroes’ Star Dies At 36; Career In Photos; Tributes Spidey Posts 2nd-Best Third Frame Ever; ‘Oak Street’ Out-Dinos ‘PAW Patrol’ Demands Huge Bond From AGs & WGA Over Costs Of “Roadblock” Suit HBO Renews ‘IT: Welcome To Derry’ For Season 2; Brad Caleb Kane Sole Showrunner Read More About: Comments",0,2026-08-18 09:39:19
18,https://deadline.com/2026/08/dan-harmon-rick-and-morty-emmy-interview-1237043095/,"Dan Harmon Talks Overhauling ‘Rick And Morty’ Workplace, Fears & Hopes For Future Of Adult Animation – Contenders TV Nominees Studio",Deadline,2026-08-01T00:00:00,4142,"There was “a great deal of turbulence,” Dan Harmon acknowledged, following co-creator and star Justin Roiland’s 2023 ouster from Adult Swim ‘s Rick and Morty ahead of Season 7, amid domestic violence charges (which were ultimately dropped) and other allegations of misconduct. But it feels now, that the ship has been righted and the page has been turned. “This was a show that was grandfathered in from an era of less accountability, less awareness, less complication, and just creating a workplace where everybody felt human and grown up, that was enough to take several years,” said Rick and Morty co-creator, writer and executive producer Harmon at Deadline’s Contenders Television: The Nominees Studio, appearing alongside showrunner/EP Scott Marder . Related Stories News Vince Gilligan On The Mysteries Of 'Pluribus': ""I Want People Who Watched The Show To Tell Me What It Means"" - Contenders TV Nominees Studio News 'Love Story' Stars On Playing An Iconic Romance: The Fights, The Fashion And The New York Of The '90s - Contenders TV Nominees Studio Watch the conversation below and scroll down for photos from the event. One of the biggest behind-the-scenes shifts, Harmon said, has been fostering a workplace “where collaboration replaced the auteur model — where even an egomaniac like me could admit and benefit from the fact that people that went to art school actually know better than me how to tell a story.” Credited by Harmon as instrumental to the changes he described, Marder told us another facet of Rick and Morty ’s evolution has been creating a work environment that’s a bit less brutal — where systems were put in place to ensure the show wouldn’t “kill any one particular person” with work demands. “It’s a really tough show. We rewrite constantly, all that sort of stuff,” Marder noted. “By the time [Season] 9 was in place, all these systems were working and gelling, and morale was high.” Gratifying, for Marder, is the quality of work that has resulted from Rick and Morty ’s behind-the-scenes reboot. This year, Rick and Morty — a comedy chronicling the dimension-hopping misadventures of a cynical genius scientist and his anxious teenage grandson — scored its fifth Emmy nomination for Outstanding Animated Program. The show’s first nom since 2023 affords it a chance to win the category for a third time. “What’s cool about Season 9 is it’s the first one that I’ve heard people even put up there with the first two, which really feels rewarding,” said Marder. “I feel like Season 9 is the most in-sync flow we’ve had with the directors and art teams…which is why…people love the writing, but they also feel like the art has picked up, as well.” 01 L-R: Dan Harmon and Scott Marder Anthony Avellano for Deadline Dan Harmon Anthony Avellano for Deadline Scott Marder Anthony Avellano for Deadline L-R: Dan Harmon and Scott Marder Anthony Avellano for Deadline Scott Marder Anthony Avellano for Deadline During their chat with Deadline, the Rick and Morty duo confirmed that Season 10 is on track to premiere next summer. Joking that “it’s being generated by Palantir as we speak,” Harmon also spoke to his “cynical fear” for the future of adult animation — the question being, “how possible is this tomorrow?” Harmon argued that the Covid pandemic created “an illusion of huge demand” for this kind of content, but notes that animation has always been “a high-risk, high-yield thing.” “It’s not slop; it’s not driven by an algorithm,” Harmon said. “It takes longer to make your pilot than the average executive’s job is going to be secure. I don’t mean that to be crass because I could say the same thing about actors, writers, everybody. I mean, Venice is sinking.” The counterargument to Harmon’s cynicism is a show like Adult Swim’s Common Side Effects , which he described as being imbued with “a sort of unprecedented humanity.” “Fingers crossed, adult animation continues to be a thing. Because I believe that what Mike White does with White Lotus can be done even more effectively with animation,” Harmon said. “It’s a medium that that has a huge use for redeeming humanity.” Read More About: 5 Comments",0,2026-08-18 09:39:18
17,https://deadline.com/2026/08/disney-2028-box-office-x-men-tangled-ghost-rider-d23-1237041743/,our outlook from the studio’s big film lineup,Deadline,2026-08-01T00:00:00,1881,"Skip to main content By Anthony D'Alessandro Anthony D'Alessandro Editorial Director/Box Office Editor @AwardsTony More Stories By Anthony Disney Sets Ryan Gosling ‘Ghost Rider’ For Summer 2028, Other Tentpole Release Dates Out Of D23 Cineverse Acquires Genre-Bending Thriller ‘Eugene The Marine’ Starring Scott Glenn ‘Spider-Man: Brand New Day’ $71M Second-Best 3rd Frame Ever; ‘End Of Oak Street’ $21M Louder Than ‘PAW Patrol’ In Dino Battle – Box Office Update View All August 15, 2026 6:18pm Disney teases upcoming slate at 2026 D23. Disney/Pixar/Marvel Studios The morning after an intoxicating D23 Friday night, which included a dancing spirit squad, Adam Driver and Inde Navarrette X-Men surprises, Josh Gad crooning, Ryan Gosling, Anne Hathaway and confetti raining, it became really clear — Disney is going to have a killer 2028 at the box office. And they haven’t even filled out the entire year’s slate yet. With the 2026 domestic box office racking toward an estimated $10 billion stateside, will people still be going to the cinemas two years from now? Related Stories News Everything Announced At D23: New X-Men Cast, ‘Avengers: Doomsday’ Teaser, ‘Coco 2,’ ‘Tangled’ Live Action First Look & More News The 65 Movies That Have Made More Than $1 Billion At The Global Box Office Hell yes, if Disney has anything to do with it. Disney has 14 dates currently in the Rentrak system for 2028 — and that’s not counting 20th Century Studios or Searchlight theatrical releases. Again, dates can always shed, but with the few tentpole dates that were announced last night at D23’s The Ultimate Disney Fan Event at the Anaheim Honda Center, coupled with what we already know, it would not be shocking if 2028 has a shot at rivaling Disney’s record global year at the B.O., which was 2019 with $13.15B (that’s when they were fully merged with 20th Century Fox). Watch on Deadline",0,2026-08-18 09:39:17
16,https://deadline.com/2026/06/pep-guardiola-prime-video-manchester-city-doc-amazon-1236950167/,forA Beautiful Obsession,Deadline,2026-08-01T00:00:00,2738,"Skip to main content By Max Goldbart Max Goldbart International TV Co-Editor @Goldbart1 More Stories By Max ‘Small Town Scandal’: ‘Only Murders In The Building’-Inspired Show From New Zealand Comic Royalty Proves Podcasts Can Be Perfect “Proof Of Concept” ‘The Boys’ VFX Firm Untold Hires Film & Episodic Chief ‘Where Is Austin Tice?’: BBC & NPR Team On Podcast Unravelling The Story Of Journalist Who Disappeared In Syria In 2012 View All June 8, 2026 9:00am Pep Guardiola City Studios The final two seasons of Pep Guardiola ‘s Manchester City reign have been captured for an Amazon docuseries from Plan B and Kevin Macdonald . Check out a teaser below. Guardiola, one of the most successful Premier League managers of all time, is leaving Manchester City this summer after winning six Premier League titles and numerous other trophies. The four-part docuseries capturess the end of his tenure. The series opens as City’s record-breaking run of 26 games unbeaten comes to a shuddering halt, with a string of defeats in late 2024 leaving Guardiola visibly shaken. Focus then shifts to the boardroom as the club initiates a major rebuild, with star player Kevin De Bruyne’s emotional departure and the arrival of new talent. Gradually, a new look squad rediscovers its identity. Related Stories News Kevin Macdonald On Capturing Pep Guardiola For Prime Video's 'A Beautiful Obsession': ""Like Having Robert De Niro Play A Football Coach"" News 'The Terminal List' Reveals Season 2 Premiere Date & First-Look Photos Of Chris Pratt & More Guardiola has had success in numerous countries and is seen as one of the greatest managers of all time, although he wasn’t quite able to end on a high as Arsenal narrowly took the Premier League title last month. The doc, which returns to City after Prime Video ‘s All or Nothing strand captured its 2017-18 title-winning season, brings together some big talent in the shape of Oscar-winner Macdonald and Plan B/KM Films, his JV with Plan B. City’s in-house facility City Studios is also producing. All or Nothing has followed numerous sports teams down the years. The series is directed by Macdonald alongside City Studios’ John De Caux and produced by Macdonald for Plan B/KM Films, and Gavin Johnson and Ged Doherty for City Studios. In 2024, Manchester City’s parent group and Sony Pictures Television struck a strategic deal to co-develop and produce scripted, non-fiction and kids programs. ‘Nashville’ & ‘Heroes’ Star Dies; Career In Photos; Tributes Spidey Posts 2nd-Best Third Frame Ever; ‘Oak Street’ Out-Dinos ‘PAW Patrol’ Demands Huge Bond From AGs & WGA Over Costs Of “Roadblock” Suit HBO Renews ‘IT: Welcome To Derry’ For Season 2; Brad Caleb Kane Sole Showrunner Read More About: Comments",0,2026-08-18 09:39:16
15,https://deadline.com/2026/05/mariska-hargitay-broadway-every-brilliant-thing-2-1236906064/,Every…,Deadline,2026-08-01T00:00:00,2172,"Skip to main content By Greg Evans Greg Evans NY & Broadway Editor @GregEvans5 More Stories By Greg Dave Marsh Dies: Pioneering Rock Critic, Bruce Springsteen Biographer Was 76 Anne Hathaway Knows You’re Worried About The Fate Of Starbuck The Dog In ‘The End Of Oak Street’ Bill Maher Has A Word For Luigi Mangione “Groupies” View All May 15, 2026 6:13am Mariska Hargitay, 'Every Brilliant Thing' Production Mariska Hargitay has extended her starring run in Broadway ‘s Every Brilliant Thing by a week, and will now play in the essentially-solo show at the Hudson Theatre from Tuesday, May 26, through Sunday, July 5. Producers Second Half Productions, Seaview, and Gavin Kalin Productions announced the extension today. As previously announced, the play’s current star, the Tony-nominated Daniel Radcliffe, will play his final performance on Sunday, May 24. Hargitay, best known for her long-running role of Captain Olivia Benson on NBC’s Law & Order: SVU, will star as the unnamed narrator who recounts a life marked by depression and domestic challenges and who has compiled a lifelong list of “every brilliant thing” that makes life worth living. At first the list is meant as a gift for the narrator’s troubled mother but eventually becomes a lifeline for the narrator as well. Written by Duncan Macmillan with Jonny Donahoe, and directed by Jeremy Herrin, Every Brilliant Thing is structed as a solo performance but with a twist: The sole scripted character – the narrator – interacts with audience members who stand in for various other characters. The play has been performed in over 80 countries including a hit production in London’s West End in 2025, which transferred to the Hudson Theatre on Broadway in February. Watch on Deadline The Broadway production has been Tony-nominated for Best Revival of a Play and Best Leading Actor in a Play (Radcliffe). ‘Nashville’ & ‘Heroes’ Star Dies; Career In Photos; Tributes Spidey Posts 2nd-Best Third Frame Ever; ‘Oak Street’ Out-Dinos ‘PAW Patrol’ Demands Huge Bond From AGs & WGA Over Costs Of “Roadblock” Suit HBO Renews ‘IT: Welcome To Derry’ For Season 2; Brad Caleb Kane Sole Showrunner Read More About: Comments",0,2026-08-18 09:39:14
14,https://deadline.com/2026/08/hayden-panettiere-dead-1237042575/,died Sunday at the age of 36,Deadline,2026-08-01T00:00:00,1601,"Skip to main content By Tom Tapp Tom Tapp Deputy Managing Editor More Stories By Tom 2026-27 Awards Season Calendar: Oscars, Emmys, Grammys, Guilds & More Harrison Ford, Robert Downey Jr. & Ellen Pompeo Pay Tribute To Bob Iger As He Becomes A Disney Legend Watch Kevin Costner’s “Field Of Dreams” MLB Game Intro View All August 17, 2026 5:46am Hayden Panettiere Storm Santos UPDATED with police statement: Hayden Panettiere , who played the superpowered cheerleader on NBC’s Heroes and the rising country superstar on ABC’s Nashville , has died at the age of 36. Her rep confirmed the news to Deadline. “It is with profound sadness that we share the tragic passing of our beloved Hayden. She was an incredible light and a force of nature who brought immeasurable love and joy to all who knew her — and to the millions who watched her onscreen,” her father, Skip Panettiere, said in a statement to ABC. He asked for privacy “as our family takes time to process this unimaginable loss.” Related Stories Obituaries Hayden Panettiere: Her Life & Career In Photos Obituaries 2026 Deaths Photo Gallery: Hollywood & Media Obituaries Panettiere died in Greenville, SC, and foul play is not suspected, according to police. Police dispatch audio obtained by TMZ reveals a friend of Panettiere’s called 911 at around 1:50 p.m. on Sunday reporting an “unresponsive female.” On the audio, medics were heard discussing an “overdose” and “cardiac arrest” around the time of her death. Paramedics attempted to resuscitate Panettiere using “advanced cardiac life support,” but she was pronounced deceased at the scene.",0,2026-08-18 09:39:13
13,https://deadline.com/2026/08/connie-britton-tribute-hayden-panettiere-nashville-dead-1237043343/,heartfelt tribute to Hayden Panettiere,Deadline,2026-08-01T00:00:00,1829,"Skip to main content By Nellie Andreeva Nellie Andreeva Editor-In-Chief @DeadlineNellie More Stories By Nellie Charles Esten Recounts Sweet First Encounter With Hayden Panettiere During ‘Nashville’ Audition: “What A Great Gift It Was To Act With You” “Just Heartbreak”: Connie Britton Mourns ‘Nashville’ Co-Star Hayden Panettiere ‘Clueless’ Eyes More OG Cast Returns Alongside Alicia Silverstone For Paramount+ Limited Series View All August 17, 2026 1:17pm (L-R): Connie Britton and Hayden Panettiere in 'Nashville' Disney General Entertainment Content Following her breakout role as cheerleader Claire Bennett on NBC’s Heroes , Hayden Panettiere in 2012 was cast as the co-lead opposite Connie Britton in the ABC country music drama Nashville . Following Panettiere’s passing at the age of 36 , Britton posted a heartfelt tribute on Instagram. Related Stories Obituaries Hayden Panettiere: Her Life & Career In Photos News Hayden Panettiere: Emma Roberts, Melissa Barrera, David Arquette, Viola Davis & More Pay Tribute To “Amazing Talent” “This was Hayden. Bursting with brilliance, shining so bright,” Britton wrote next to carousel of photos from Nashville . “I have no words for this sad song. Just heartbreak. I love you girl. Sleep easy now. 💔” Panettiere was actually the first of the two leads to be cast in the show, joined later by the Friday Night Lights star. The series centered on 40-year-old Nashville superstar Rayna James (Britton) who is stunned to find that her star is fading and her label requires her to team up with teen sensation Juliette Barnes (Panettiere) on tour–or else face the loss of her own tour and the label’s promotion of her latest record, whose sales have been underwhelming. It was the dynamic between Rayna and Juliette and the chemistry Britton and Panettiere that made Nashville a hit.",0,2026-08-18 09:39:12
