id,url,title,source,publication_date,text_length,full_text,is_duplicate,created_at
1,https://deadline.com/2026/10/theo-rossi-ron-perlman-wrap-horror-film-renew-first-look-1237149091/,"Theo Rossi, Ron Perlman & Rachelle Goulding Wrap Under-The-Radar Horror Film ‘Renew’, First Look Revealed",Deadline,2026-10-07T16:10:00,3788,"Skip to main content By Andreas Wiseman Andreas Wiseman Executive Editor, Film & International @AndreasWiseman More Stories By Andreas Tradition Pictures Sets Multi-Project Partnership With Kenan Thompson’s Artists For Artists; Mark Canton, James Maslow & Joseph Sikora Join Advisory Board Meridian Pictures Picks Up Mike Maples Western ‘The Regulator’ Rhys Ifans, Lily Rabe & Sarah Catherine Hook Dramedy ‘Capsized’ Boarded By The Yellow Affair Ahead Of U.S. Festival Bow View All October 7, 2026 9:10am Add us as a Google Preferred Source L-R: Theo Rossi, Ron Perlman and Rachelle Goulding Penske Media EXCLUSIVE : Theo Rossi has added an under-the-radar horror film to his genre era in the shape of Renew , which will reunite him on screen with his Sons Of Anarchy , Come With Me and The Saviors co-star Ron Perlman . Filming recently wrapped on Renew , “a suspense-driven horror film that begins as an intimate love story before descending into visceral horror”. Directed by Tommy DeNucci from a screenplay he co-wrote with Rossi, the film, which also stars Rachelle Goulding ( Suits LA ), “follows a husband and wife who return to the secluded Montana guest ranch where they were married to renew their vows, hoping to leave the past behind and begin again. But when she mysteriously disappears, he is forced to confront the life he fought to escape as he uncovers a hidden evil lurking beneath the ranch’s idyllic façade.” Below is a first-look image. Related Stories News Ron Perlman, Peter Facinelli, Mark Elias & Serena Wang Starring In Indie Film 'We Could Be Heroes' News Ron Perlman, Shohreh Aghdashloo & Cuba Gooding Jr. Set For Golden Dunes Jury Duty In Dubai The ensemble cast also includes Ronnie Gene Blevins, Allison Dunbar, Sam Daly, Danny Rivera, Rebecca Creskoff, Darko Ostojic, Bonnie Gayle Sparks, Barron Boedecker and Chris Wilks. Diana Hull and Rossi produced the film. Watch on Deadline Production wrapped in Red Lodge and Roberts, Montana. Rossi was joined on the project by longtime producing partner Nicholas Carmona. DeNucci has previously directed Rossi in movies Vault and Play Dirty . Rossi, also known for HBO’s The Penguin , Netflix’s Carry-On , and Emily the Criminal , commented: “What excited Tommy and me most was building the film around two people with a shared history who are trying to find their way back to each other. There’s hope, humor and heart in that, but also the weight of everything they’ve been through. When that hope comes under threat, you find out how far someone will go for the person they love. We wanted audiences invested in Randy and Liz from the very beginning, so they feel the danger right alongside them.” Producer Diana Hull said: “Watching this cast and crew bring Renew to life in Montana was incredibly rewarding. The film asks a great deal of its performers, both emotionally and physically, and their commitment carried through every stage of production. We can’t wait for audiences to experience what we’ve created together.” DeNucci added: “From the very first draft, we wanted audiences to settle into this beautiful Montana escape and genuinely fall in love with Randy and Liz. The more authentic their relationship feels, the more terrifying it becomes when everything begins to unravel. This remarkable cast brought that emotional journey to life in ways that exceeded every expectation.” Rossie and Perlman will also join forces on the upcoming Sons of Anarchy reboot Legends . Renew , credit: Skydance CEOs Meet The Press On Day 1 With Lots Of Promises, Few Answers Jed Mercurio Among Bidders To Be Next ‘Doctor Who’ Producer Facebook Exposed In Aaron Sorkin’s Stirring Thriller ‘The Social Reckoning’ Michelle Yeoh Teases ‘Blade Runner 2099’; Zhang Yimou On ‘Three-Body Problem’ Read More About: Comments",0,2026-10-07 16:16:40
39,https://www.hollywoodreporter.com/tv/tv-news/alls-fair-season-2-kardashian-release-date-trailer-1236724457/,‘All’s Fair’ Season 2 Is Back With a Vengeance — and a Release Date,Hollywood Reporter,2026-10-07T16:09:54,1929,"Skip to main content By Jackie Strause Plus Icon Jackie Strause Managing Editor, East Coast jackiedstrause Follow Sign Up View All October 7, 2026 9:09am Glenn Close, Naomi Watts, Kim Kardashian and Niecy Nash-Betts in the 'All's Fair' season one finale. Disney/Ser Baffo Logo text All’s Fair is making its next opening statement. The second season of the buzzy and divisive Hulu series starring Kim Kardashian , Naomi Watts , Niecy Nash-Betts , Teyana Taylor , Sarah Paulson and Glenn Close is back with a wild trailer (below) and a release date: Nov. 4. Matthew Noszka and Cauã Reymond round out the cast, with new guest stars including Dorinda Medley, Noah Fearnley, Denise Richards, Jaime Pressly and Margo Martindale. Previously announced guest stars include Nyle DiMarco, Lady Bunny, Olivia Lux, Marcia Marcia Marcia, Jewels Sparkles, Bob the Drag Queen, Daya Betty and Monet X Change. Related Stories TV Chris Colfer Reveals If He'd Return for a 'Glee' Reboot: ""I Have Heard Absolutely Nothing"" TV Jamie Foxx Does Not Want to Be Canceled Over New Hulu Stand-up Special: ""After That Kevin Hart Roast, I Had to Cut Everything"" Here’s the official season two synopsis: “The lawyers of Grant, Ronson & Greene are back for another season of scandals, secrets, and stilettos. As new allegiances form, friendships are tested and a shocking revelation threatens the very existence of the firm.” All’s Fair is produced by 20th Television in association with Ryan Murphy Television, and is executive produced by Ryan Murphy, Kardashian, Kris Jenner, Nina Jacobson, Brad Simpson, Joe Baken, Nissa Diederich, Scott Robertson, Eric Kovtun, Anthony Hemingway, Louise Shore, Tanase Popa, Close, Watts, Paulson, Nash-Betts, Taylor and Lyn Greene. All’s Fair season two releases three episodes Wednesday, Nov. 4 on Hulu and Hulu on Disney + for bundle subscribers in the US and Disney + internationally. New episodes stream Wednesdays. THR",0,2026-10-07 16:17:22
2,https://deadline.com/2026/10/punkie-johnson-comedy-special-watch-youtube-1237149112/,‘SNL’ Alum Punkie Johnson Sets Debut Stand-Up Special ‘Long Tiddie Short Story’ With Hartbeat,Deadline,2026-10-07T16:06:32,3961,"Skip to main content By Matt Grobar Matt Grobar Senior Film Reporter More Stories By Matt David Krumholtz Joins ‘The Trial Of Louise Woodward’ At HBO After Mulling “Indefinite Break” From Acting Ben Shapiro Decries Suspension Of Production On Daily Wire Movie ‘Pawn Shop’ As Shoot Resumes: “Politics, Pure And Simple” Jessica Biel Joins Searchlight Pictures’ ‘Playmates’ View All October 7, 2026 9:06am Add us as a Google Preferred Source Punkie Johnson Van Corona EXCLUSIVE: Former Saturday Night Live cast member Punkie Johnson has announced that her debut stand-up special, Long Tiddie Short Story , will premiere on Hartbeat’s LOL Stand-Up YouTube Channel October 21st. In the special, Johnson steps into the ring to reflect on her time at SNL , her complicated relationship with queerness, and her own questionable life choices. It’s billed as a brutally honest and unfiltered hour about marriage, sex, drugs, and what can transpire when you pretend to be “normal.” Johnson taped the hour at The Comedy Store in Los Angeles. Directed by Steven Feinartz, it’ll be available as a comedy album across audio streaming services on November 13, available for pre-order on October 21. The special is produced by Feinartz and Danielle Lee and exec produced by Johnson, Ethan Stern and Dominic Del Bene. Related Stories Casting 'Barbershop': Roy Wood Jr., Punkie Johnson, Brett Gray & E.J. Bonilla Join Jermaine Fowler In Amazon Series News Punkie Johnson & Chloe Troast Talk ""Very Hard"" Post-'SNL' Careers: ""No Life Jacket"" Hartbeat reunites with Johnson after producing her 2023 SiriusXM show, Love Thang , for Kevin Hart’s LOL Radio. Recently, she’s also filmed a role in their upcoming Barbershop TV series for Prime Video. The special joins a growing stand-up slate from Hartbeat, including the second installment of LOL Live at Hulu, with new half-hour specials currently rolling out monthly, as well as Funny AF , the stand-up competition series that was picked up for a second season after drumming up major viewership at Netflix. Watch on Deadline The deal to distribute Johnson’s special was spearheaded by Hartbeat President & Chief Distribution Officer Jeff Clanagan and VP, Comedy Eric Weil. Clanagan told us, “Punkie is exactly the kind of singular comedic voice we want to champion at Hartbeat. We’ve had the opportunity to work with her across radio, television and now stand-up, and bringing her debut special directly to audiences on YouTube reflects our larger strategy of creating more ways for great comedians to reach fans wherever they are. We’re excited to continue building with Punkie and supporting her work across platforms.” Weil added, “Punkie has the rare ability to be completely fearless and deeply personal at the same time. Long Tiddie Short Story is unmistakably her — honest, unpredictable and incredibly funny. We’re proud to be part of her first stand-up special and to continue a creative relationship with Punkie that has grown across radio, television and stand-up.” A comedian, actress and writer from New Orleans, Louisiana, Johnson was with SNL for four seasons beginning in 2020. Touring nationally these days while developing original television and film projects, she’s previously been seen starring in two seasons of Lena Waithe’s The Chi , with additional roles in HBO Max’s Love Life , Netflix’s Space Force , HBO’s A Black Lady Sketch Show and CBS’s Ghosts . Johnson also served as a writer/consultant on Peacock’s reboot of Queer as Folk and appeared in the cult hit comedy film Bottoms opposite Ayo Edebiri and Rachel Sennott. She is repped by Ethan Stern at Underscore, WME and Ziffren Brittenham. Skydance CEOs Meet The Press On Day 1 With Lots Of Promises, Few Answers Jed Mercurio Among Bidders To Be Next ‘Doctor Who’ Producer Facebook Exposed In Aaron Sorkin’s Stirring Thriller ‘The Social Reckoning’ Michelle Yeoh Teases ‘Blade Runner 2099’; Zhang Yimou On ‘Three-Body Problem’ Read More About: Comments",0,2026-10-07 16:16:41
44,https://www.hollywoodreporter.com/tv/tv-news/the-hunting-wives-season-3-renewal-netflix-1236724434/,‘The Hunting Wives’ Lands Early Season 3 Renewal at Netflix,Hollywood Reporter,2026-10-07T16:00:00,2271,"Skip to main content By Jackie Strause Plus Icon Jackie Strause Managing Editor, East Coast jackiedstrause Follow Sign Up View All October 7, 2026 9:00am Malin Akerman and Brittany Snow in 'The Hunting Wives' season one. Kent Smith/Netflix Logo text The Hunting Wives have hit their mark — and landed an early renewal. The Netflix series from Rebecca Cutter starring Malin Akerman and Brittany Snow , who lead a cutthroat yet soapy set of Texas housewives, has nabbed a season three renewal ahead of season two’s return. Season two, which was announced in September, returns Thanksgiving Day (Nov. 26) with the original (surviving) cast reprising their roles. The third season will be another eight episodes, with a release date and cast yet to be announced. Related Stories Movies Ava DuVernay Returns With One of Netflix's Most Political Docs Ever: ""This Movie Kicked My Butt"" TV Jamie Foxx Does Not Want to Be Canceled Over New Hulu Stand-up Special: ""After That Kevin Hart Roast, I Had to Cut Everything"" The Hunting Wives , adapted by showrunner Cutter from the bestselling novel of the same name by May Cobb, became a 2025 summer sensation for Netflix when it released season one . “I’m so stoked to be heading back to Maple Brook, and I promise that once you’ve finished season two, you’ll be desperate to see what happens next. Buckle up, because season three will be even more scandalous and twisted,” Cutter said on Wednesday in a statement about the early renewal. Cutter’s statement implies that similar to season one , season two could also end on a cliffhanger. ( Snow has already teased a big death to come.) The sexy and binge-y thriller, which was originally developed for Starz, is a Lionsgate Television and 3 Arts Entertainment production and will release both season two and three on the streamer as a Netflix-branded series. Producers pivoted the series to Netflix in the lead up to Starz’s official split from Lionsgate and released The Hunting Wives weeks later, on July 21. It became the most-viewed streaming series in the U.S. and spent six weeks in Nielsen’s top 10 chart of streaming originals. Created by writer/showrunner/EP Cutter ( Hightown ), Hunting Wives is also executive produced by Erwin Stoff for 3 Arts Entertainment and Cobb. THR",0,2026-10-07 16:17:27
43,https://www.hollywoodreporter.com/tv/tv-news/anna-pigeon-renewed-season-2-usa-1236724415/,‘Anna Pigeon’ Renewed for Second Season on USA,Hollywood Reporter,2026-10-07T16:00:00,2387,"Skip to main content By Rick Porter Plus Icon Rick Porter Television Business Editor rickporter Follow Sign Up View All October 7, 2026 9:00am Tracy Spiridakos (center) as the title character in USA's 'Anna Pigeon.' Michelle Faye/USA Network Logo text USA Network ‘s rebuild of a scripted series roster continues with the renewal of Anna Pigeon . The cable outlet has picked up a second season of the show, which stars Tracy Spiridakos ( Chicago PD ) as a crime-solving national park ranger. The renewal for Anna Pigeon , which is based on a series of novels by Nevada Barr, comes two days before its Oct. 9 season finale. “It’s been really thrilling to see audiences fall in love with Anna and come to the park every week,” showrunner Morwyn Brebner said in a release announcing the renewal. “We’re so grateful to our cast and crew who brought Nevada Barr’s iconic world to life with such heart and passion; we cannot wait to get back outside for season two.” Related Stories TV Why Now Was the Time for Golf Channel to Revive 'Big Break' TV Medical Drama 'Diplomatic Immunity' Scores USA Series Order Produced by Cineflix and Seven24 Films, Anna Pigeon has drawn decent ratings for USA: Its series premiere drew 2.35 million viewers over seven days, making it the best debut for a USA scripted show since 2018. The show is the No. 1 new scripted drama on ad-supported cable for the year so far. “ Anna Pigeon has connected with audiences in a meaningful way, bringing a compelling new heroine and a fresh perspective to USA Network,” said Michael Sluchan, senior vp scripted content for Versant Entertainment. “We’re thrilled to continue Anna’s journey with Tracy, Morwyn, [director and executive producer Lea Thompson] and our incredible partners at Cineflix.” The Versant-owned USA is slowly building up a slate of scripted series that harken back to the network’s “blue skies” era of the 2000s and 2010s (under NBCUniversal). Along with Anna Pigeon , USA has the John Grisham legal drama The Rainmaker — whose second season premieres Oct. 16 — and the recently ordered Diplomatic Immunity , about a doctor assigned to the U.S. embassy in Rome. Brebner ( Rookie Blue, Crew Girl ) and Thompson executive produce Anna Pigeon with Brett Burlock, Sonia Hosko, Todd Berger, Julie Di Cresce, Tom Cox, Jordy Randall, Peter Emerson and Gordon Gilbertson. Leslie Cowan serves as producer. THR",0,2026-10-07 16:17:26
42,https://www.hollywoodreporter.com/business/business-news/creator-maurice-kamara-uta-1236724323/,Creator Maurice Kamara Signs With UTA (Exclusive),Hollywood Reporter,2026-10-07T16:00:00,1754,"× Skip to main content By Etan Vlessing Plus Icon Etan Vlessing Canada Bureau Chief View All October 7, 2026 9:00am Maurice Kamara Courtesy of UTA Maurice Kamara, the cultural tastemaker behind The People Gallery online fashion page, has signed with United Talent Agency for representation . The People Gallery features man-on-the-street style interviews with celebrities like Oprah Winfrey, Pamela Anderson and Michael B. Jordan at fashion shows and other events or just New Yorkers showing their street style when out and about. “Let’s see your fit, describe it for us,” Kamara will often say from behind the camera as he opens the celebrity encounters. Leveraging over 3 million followers across TikTok and Instagram, The People Gallery also increasingly offers an online voice for brands Kamara partners with. “What began as Kamara stopping stylish strangers on the streets of New York has grown into a global platform documenting the people, personalities, and perspectives shaping culture across fashion, music, sports, and beyond,” the agency said in a statement. The UTA Creators division will expand Kamara’s opportunities in digital media, brand partnerships, sports and other platforms. The signing comes as Kamara builds on his brand partnerships and high-profile appearances, including an upcoming collaboration with UGG and a cameo in Drake’s recently released short film FOMO. Brooklyn native Kamara after over 15 years in high end retail also now attends Met Gala and fashion weeks around the world and is the subject of New York Times and GQ profiles. UTA was early to the creators game, launching a dedicated digital talent group in 2006 to identify and represent category-leading creators across emerging and established platforms. THR",0,2026-10-07 16:17:25
41,https://www.hollywoodreporter.com/tv/tv-news/julio-pena-amazon-mgm-throttled-adaptation-1236722887/,"Julio Peña Joins Josh Heuston, Nicole Wallace in Amazon MGM’s ‘Throttled’",Hollywood Reporter,2026-10-07T16:00:00,2732,"× Skip to main content By Lexy Perez Plus Icon Lexy Perez Senior Digital Editor and Producer View All October 7, 2026 9:00am Julio Peña, Nicole Wallace and Josh Heuston Isaac Morell; Pablo Curto; Aurore Marechal/Getty Images Julio Peña has joined the cast of Amazon MGM Studios ‘ Throttled , an upcoming film based on the book from Lauren Ashers’ Dirty Air series. The actor joins previously announced stars Nicole Wallace (the Culpa Mia trilogy) and Josh Heuston ( Off Campus ). In the upcoming romance from Amazon MGM Studios, Peña will play Santi Alatorre, “the older brother of Maya Alatorre (portrayed by Wallace) and a driver on the racing circuit whose teammate and fiercest rival, Noah Slade (Heuston), falls into a forbidden romance with Maya.“ Related Stories TV Peacock's 'The Good Daughter' Trailer: Rose Byrne, Meghann Fahy Attempt to Solve Small-Town Murder in Suspenseful Thriller Series TV Inside the Shocking Decision to End 'Young Sheldon' at Its Peak (Exclusive Excerpt) The trio shared a social media post to announce Peña‘s casting. In their video, Wallace and Heuston are seen talking privately, only for Peña to interrupt and squeeze in the middle of them. “Welcome to the team,” Heuston says to Peña, only for Peña to shake his hand and respond, “Thanks! Just stay away from my sister.“ He then hugs Wallace while Heuston laughs it off saying, “You bet!“ Melissa Osborne ( My Fault: London , My Oxford Year ) will adapt the script and Nzingha Stewart ( Daisy Jones & the Six ) is set to direct. Max Handelman and Elizabeth Banks of Brownstone Productions are producing along with Ethea Entertainment’s Jennifer Gibgot and Andrew Panay, who recently produced The Last Sunrise , Prime’s film adaptation of Anna Todd‘s bestselling romance novel. Garrett Grant is also producing, with Alison Small of Brownstone Productions and Asher executive producing. Asher‘s 2020 book Throttled is the first of four books in the Dirty Air sports romance series. The adaptation marks another addition to Amazon MGM‘s building library of book-to-screen adaptations , including Off Campus , Every Year After and The Love Hypothesis. Peña is best known for his work in the Through My Window t rilogy on Netflix, whose first installment logged 68 million views in its first two weeks. He recently wrapped the untitled Meta series based on A24’s Talk to Me . Last year he starred in The Captive, which premiered at TIFF and earned him a Goya Award nomination for best new actor. Peña also stars in the Money Heist Netflix spinoff Berlin . Peña is represented by Anonymous Content, YouRock Talent Partners, and Jackoway Austen Tyerman Wertheimer Mandelbaum Morris Bernstein Trattner Auerbach Hynick Jaime LeVine Sample & Klein. THR",0,2026-10-07 16:17:24
40,https://www.hollywoodreporter.com/movies/movie-news/oscars-2027-saudi-arabia-picks-a-matter-of-life-and-death-1236721951/,Oscars: Saudi Arabia Picks ‘A Matter of Life and Death’ as Best Int’l Feature Submission,Hollywood Reporter,2026-10-07T16:00:00,2718,"× Skip to main content By Georg Szalai Plus Icon Georg Szalai Global Business Editor View All October 7, 2026 9:00am 'A Matter of Life and Death' Courtesy of Front Row The Saudi Film Commission has selected Anas Ba Tahaf‘s A Matter of Life and Death as Saudi Arabia’s official submission for the best international feature film Oscar category at the 99th Academy Awards. Written by and starring Sarah Taibah alongside Yaqoub Al Farhan, the film is produced by Film Clinic, Front Row Filmed Entertainment and Arabia Pictures, with Front Row handling international sales. The film is set in contemporary Jeddah and blends romance, fantasy and black comedy in a highly stylized visual world. “At heart, it is a love story, just not the safe kind,” a description of the movie notes. “At its center is Hayat, a fiercely independent young woman convinced that a generational curse will kill her on her 30th birthday. Having made peace with dying, she crosses paths with Yousef, a brilliant but emotionally detached heart surgeon living with bradycardia. His abnormally slow heartbeat only seems to quicken when he comes close to death – or to killing. As a surgeon surrounded every day by the fragile line between life and death, temptation is never far away.” So, while she wants to die, he wants to kill, but inconveniently, they fall in love with each other. “Hayat is impulsive, funny, stubborn, fearless and spectacularly headstrong, a contemporary Saudi woman written without explanation or apology,” says Front Row. “Her independence is not the story. It is simply who she is.” Related Stories Movies Saoirse Ronan Responds to Rumors That Husband Jack Lowden Will Be the Next James Bond TV BBC Releases 'Blue Planet III' Trailer at London Premiere With Blue Carpet, Splashy Piccadilly Lights Takeover ‘A Matter of Life and Death’ film still, courtesy of Front Row When the mythology behind Hayat’s curse is revealed, live-action briefly gives way to a handcrafted, gothic animated sequence. A Matter of Life and Death received its world premiere at the Red Sea International Film Festival in December 2025, before opening theatrically across Saudi Arabia in late June 25. A Matter of Life and Death was produced by Mohamed Hefzy for Film Clinic, Gianluca Chakra for Front Row Filmed Entertainment, and Abdulelah Alahmary and Ahmad Taema for Arabia Pictures, with support from the Red Sea Fund. Saudi Arabia has never been nominated for the international Oscar. The Academy of Motion Picture Arts and Sciences will unveil the 15 films on the best international feature film shortlist on Dec. 15. The five nominees will be announced Jan. 21, 2027. The 99th Academy Awards ceremony will take place on March 14, 2027. THR",0,2026-10-07 16:17:23
35,https://variety.com/2026/film/news/miami-film-festival-gems-lineup-2-1236904436/,"Miami Film Festival GEMS Sets Lineup With ‘The Debut,’ ‘Club Kid’ as Opening and Closing Titles",Variety,2026-10-07T16:00:00,10883,"Oct 7, 2026 9:00am PT Miami Film Festival GEMS Sets Lineup With ‘The Debut,’ ‘Club Kid’ as Opening and Closing Titles By Jordan Moreau Plus Icon Jordan Moreau Latest ‘The Social Reckoning’ First Reactions: A ‘Solid Sequel,’ ‘Good, Just Not Great Film’ and a ‘Harsh Assessment of Zuckerberg’ 2 days ago ‘Free Elizabeth Holmes’ Group Defends Convicted Theranos Founder at ‘You Can See Everything’ Doc Screening: She’s ‘Innocent and Needs to Be Free’ 2 days ago ‘Lanterns’ Finale: Hal Jordan’s Killer and Manhunter Revealed, Sinestro Creates [SPOILER], John Stewart Powers Up for ‘Superman’ Sequel 3 days ago See All A24 Miami Dade College’s Miami Film Festival unveiled the lineup for its 13th Miami Film Festival GEMS, the festival’s fall midseason event taking place from Oct. 29-Nov. 5. GEMS will open with A24’s “The Debut” from writer-director Jesse Eisenberg and close with A24’s “ Club Kid ” from writer-director and star Jordan Firstman. Julianne Moore stars in “The Debut” as Mona Friedman, a shy, unassuming housewife who is cast in a bit part at a small community theater and becomes a zealous method actor, ready to wage war on the show’s domineering director (Paul Giamatti) to protect the artistic integrity of her role. The musical comedy also stars Halle Bailey, Eisenberg and Bernadette Peters, with music and lyrics by Eisenberg. Related Stories Lego's 'Heartlake the Musical' Heads to Peacock in the U.S., Tencent in China Amid Global Sales (EXCLUSIVE) Disney Licenses Slew of Titles to Netflix, Including All Five 'Ice Age' Movies, 'Percy Jackson and the Olympians,' 'Felicity,' 'Will Trent,' 'Elio' and More (EXCLUSIVE) In “Club Kid,” Firstman stars as Peter, a hard-partying New York City club promoter whose whirlwind lifestyle is upended by the arrival of the 10-year-old son he never knew he had. The film, which had its world premiere in Un Certain Regard at the Cannes Film Festival, also stars Cara Delevingne, Diego Calva and Kirby Howell-Baptiste. Popular on Variety Centerpiece titles include “Being Heumann”, “Behemoth!”, “Bunker”, “Elsinore”, “Paper Tiger”, and “Wild Horse Nine.” The festival also places a focus on international submissions to the Academy Awards, and will feature submitted titles such as Ryusuke Hamaguchi’s “All of a Sudden”, Lukas Dhont’s “Coward”, and Andrey Zvyagintsev’s “Minotaur.” Variety will also honor Emmy Award-winning and Golden Globe-nominated actor, writer and director actor John Turturro with the Variety Creative Vanguard Award during the festival. The award will be presented as part of a moderated conversation about his illustrious career and his latest film, “The Only Living Pickpocket in New York”, hosted by Variety’s co-president and co-editor-in-chief Ramin Setoodeh. “The Only Living Pickpocket in New York,” written and directed by Noah Segan, will also screen at the festival. Additionally, “Mouse,” from directors Kelly O’Sullivan and Alex Thompson, will screen as part of the lineup, with the filmmakers receiving the Festival’s Art of Light Award. The film premiered at the Berlin International Film Festival and comes from the filmmakers behind “Ghostlight.” Kyle MacLachlan will receive the Precious Gem Award at a special event in partnership with Books & Books in Miami to honor the release of his debut memoir “Fictional Self.” In honor of the 25th anniversary of “Hedwig and the Angry Inch,” the festival will host a special retrospective screening of the cult-favorite rock musical, followed by the Impact Award presentation and Q&A with writer, director and star John Cameron Mitchell. “The 13th edition of GEMS further solidifies the festival as a major awards season stop, bringing together some of the most anticipated films of the year alongside a curated collection of discoveries from around the world,” said Lauren Cohen, Director of Programming. “With 50 titles, this is the largest GEMS line-up yet. To be able to celebrate the work of incredible storytellers such as Danny Boyle, Martin McDonagh, James Gray, Pedro Almodovar, Ryusuke Hamaguchi, Hirokazu Kore-eda, Mike Leigh, Siân Heder, and Brad Bird all in one lineup captures the richness and resonance of world cinema today.” “Audiences can expect GEMS 2026 to be one of our most memorable editions yet,” said James Woolley, Executive Director of the festival. “We are beyond thrilled to honor actor Kyle MacLachlan, filmmaker John Cameron Mitchell and Los Javis for their incredible contributions to the entertainment industry.” The Centerpiece films include: “Being Heumann” – from Academy Award-winning director Siân Heder, who co-wrote the screenplay with Rebekah Taussig, is based on the memoir by disability rights activist Judy Heumann. The film tells the story of the 1977 takeover of the San Francisco Federal Building, when Heumann (Ruth Madeley) and a coalition of disabled activists refused to leave until the government enforced Section 504 of the Rehabilitation Act, in what became the longest occupation of a federal building in American history. Mark Ruffalo stars as Joseph Califano, the government official standing in their way, and Dylan O’Brien also stars. “Behemoth!” – From Academy Award-nominated director/writer Tony Gilroy follows Alex Serian (Pedro Pascal), a gifted cellist who returns home to Los Angeles after 20 years on the road. Music, which has been the constant all-consuming river of his life, swells him into an adventure that will change him forever. The film also stars Olivia Wilde, Eva Victor, Alexa Swinton, Kaya Ralls, Erik Griffin, JoBeth Williams, Margarita Levieva, with Hank Azaria, and Will Arnett. “Bunker” – From director Florian Zeller (“The Father,” “The Son”) Bunker centers on an architect who takes a morally ambiguous job building a survivalist bunker for a tech billionaire, while his wife begins to question their marriage of 17 years. The psychological thriller stars Javier Bardem and Penélope Cruz. “Elsinore” – From director Simon Stone (“The Dig”) and writer Stephen Beresford (“Pride”) tells the true story of actor Ian Charleson (Andrew Scott), who in 1989 stepped into the role of Hamlet at London’s National Theatre while privately battling AIDS, in a performance that became the triumph of his career. The film also stars Olivia Colman, Billie Piper and Johnny Flynn. “Paper Tiger” – In James Gray’s deeply felt and intense crime thriller, set in 1986 New York, a naïve engineer, Irwin (Miles Teller) accepts a seemingly lucrative business proposition from his brother, Gary (Adam Driver), a former cop. But when Irwin witnesses something he wasn’t meant to see at the Gowanus Canal, the brothers find themselves pulled into a dangerous confrontation with the newly emerging Russian mafia. As the threat of violence escalates, Irwin’s wife Hester (Scarlett Johansson) sounds the alarm, Irwin desperately tries to protect his family, and Gary is forced to make an impossible choice to save those he loves. “Wild Horse Nine” – From Academy Award-winning writer-director Martin McDonagh is set shortly before the 1973 Chilean coup, when CIA agents Chris (John Malkovich) and Lee (Sam Rockwell) are dispatched by their bureau chief (Steve Buscemi) from Santiago to Easter Island, where Chris’s bond with a pair of rebellious students threatens to send the trip sideways. The black comedy also stars Mariana di Girolamo, Ailín Salas with Tom Waits and Parker Posey. Two more anniversary screenings round out the program. The festival will host a special 20th anniversary screening of Sofia Coppola’s “Marie Antoinette” at Vizcaya Museum & Gardens. The festival will also present a 10th anniversary screening of Anna Biller’s “The Love Witch” in 35mm on Halloween. The festival will also host two preview night screenings before the festival dates. First will be “ Fjord ” directed by Cristian Mungiu, which will play on October 14 at Silverspot Cinema. Winner of the Palme d’Or at this year’s Cannes Film Festival, the film stars Sebastian Stan and Renate Reinsve. The second Preview Night title is Sundance hit Wicker directed by Alex Huston Fischer & Eleanor Wilson on October 20. The film stars Alexander Skarsgård, Olivia Colman, Elizabeth Debicki, Peter Dinklage & Richard E. Grant. The complete list of films screening at the 2026 GEMS Festival include: “All of a Sudden” (Director Ryusuke Hamaguchi) “Bedford Park” (Director Stephanie Ahn) “Being Heumann” (Director Siân Heder) “Behemoth!” (Director Tony Gilroy) “Bitter Christmas” (Director Pedro Almodovar) “Bunker” (Director Florian Zeller) “Burgundy” (Directors Michael Dweck, Gregory Kershaw) “Campeón Gabacho” (Director Jonás Cuarón) “Clarissa” (Directors Arie Esiri and Chuko Esiri) “Club Kid” (Director Jordan Firstman) “Coward” (Director Lukas Dhont) “Elsinore” (Director Simon Stone) “Everytime” (Director Sandra Wollner) “First Light” (Director James J. Robinson) “Fjord” (Director Cristian Mungiu) “Hedwig and the Angry Inch” (Director John Cameron Mitchell) “I Play Rocky” (Director Peter Farrelly) “Iron Boy” (Director Louis Clichy) “Ink” (Director Danny Boyle) “Josephine” (Director Beth de Araújo) “La Bola Negra” (Directors Javier Calvo & Javier Ambrossi) “La Gradiva” (Director Marine Atlan) “Look Back” (Director Hirokazu Kore-eda) “Marie Antoinette” (Director Sofia Coppola) “Minotaur” (Director Andrey Zvyagintsev) “Mouse (Directors Kelly O’Sullivan & Alex Thompson) “Paper Tiger” (Director James Gray) “Queen at Sea” (Director Lance Hammer) “Ray Gunn” (Director Brad Bird) “Rehearsals for a Revolution” (Director Pegah Ahangarani) “Risa and the Wind Phone” (Director Juan Cabral) “River” (Director Joshua Giuliano) “Rose” (Director Markus Schleinzer) “Sad Girlz” (Director Fernanda Tovar) “Summer of Three” (Director Carlitos Ruiz-Ruiz) “Tangles” (Director Leah Nelson) “Tender Loving Care” (Director Mike Leigh) “The Beloved” (Director Rodrigo Sorogoyen) “The Debut” (Director Jesse Eisenberg) “The Gallerist” (Director Cathy Yan) “The Huntress” (Director Suzanne Andrews Correa) “The Liberation” (Director Guy Nattiv) “The Life & Deaths of Wilson Shedd” (Director Tim Blake Nelson) “The Love Witch” (Director Anna Biller) “The Only Living Pickpocket in New York” (Director Noah Segan) “Time Warp” (Director Allison Berg) “Wicker” (Director Alex Huston Fischer & Eleanor Wilson) “Wild Horse Nine” (Director Martin McDonagh) “Yellow Letters” (Director Ilker Catak) The New Kindle Is Down to $100 for Amazon Prime Big Deals Day Wall Street Skittish on Skydance as Stock Drops Further Post-Merger Saoirse Ronan Responds to James Bond Rumors About Husband Jack Lowden: ‘Not Really a Subject That’s Coming Up in Our House’ ATX TV Festival Sets ‘Sweet 16’ Theme for 2027 Lineup With ‘Revenge’ Reunion, ‘Freaks and Geeks’ Script Reading ‘Line of Duty’ Creator Jed Mercurio Submits ‘Doctor Who’ Bid to BBC Fox News Puts Spotlight on News Team as Midterm Elections Approach Loading comments...",0,2026-10-07 16:17:18
34,https://variety.com/2026/tv/news/alls-fair-season-2-release-date-trailer-1236904415/,"‘All’s Fair’ Sets Season 2 Release Date, Drops Decadent First Trailer",Variety,2026-10-07T16:00:00,2719,"Oct 7, 2026 9:00am PT ‘All’s Fair’ Sets Season 2 Release Date, Drops Decadent First Trailer By Joe Otterson Plus Icon Joe Otterson TV Reporter joeotterson Latest Next Generation Collective Launches in Support of Young Hollywood Talent’s Mental Health 19 hours ago Jessica Biel to Play Hugh Hefner’s Wife in ‘Playmates’ Movie for Searchlight 21 hours ago ‘Star Trek: The Next Generation’ Star Gates McFadden to Write Dr. Crusher Comic Book Series (EXCLUSIVE) 23 hours ago See All Disney+ Hulu has announced the premiere date for “All’s Fair” Season 2. The second season of the drama series will debut on Nov. 4 with three new episodes. New episodes will drop on Wednesdays thereafter. Hulu has also released a trailer for Season 2, which can be seen below. The official logline for the second season states, “The lawyers of Grant, Ronson & Greene are back for another season of scandals, secrets, and stilettos. As new allegiances form, friendships are tested and a shocking revelation threatens the very existence of the firm.” Related Stories 'A Different World' Renewed for Season 2 at Netflix Danny Boyle Says ‘28 Years Later Part 3’ Will ‘Have a Lot of Cillian Murphy in It’ and Backs Jack O’Connell as the Next James Bond The series stars Kim Kardashian, Naomi Watts, Niecy Nash-Betts, Teyana Taylor, Matthew Noszka, and Cauã Reymond, with Sarah Paulson and Glenn Close. Guest stars in the new season include Dorinda Medley, Noah Fearnley, Denise Richards, Jaime Pressly, Margo Martindale, Nyle DiMarco, Lady Bunny, Olivia Lux, Marcia Marcia Marcia, Jewels Sparkles, Bob the Drag Queen, Daya Betty, and Monet X Change. Popular on Variety “All’s Fair” was created by Ryan Murphy, Jon Robin Baitz, and Joe Baken. Murphy and Baken are executive producers along with Kardashian, Kris Jenner, Nina Jacobson, Brad Simpson, Nissa Diederich, Scott Robertson, Eric Kovtun, Anthony Hemingway, Louise Shore, Tanase Popa, Close, Watts, Paulson, Nash-Betts, Taylor, and Lyn Greene Fox News Puts Spotlight on News Team as Midterm Elections Approach Skydance Film Heads Dana Goldberg and Josh Greenstein Set Studios Plan, Pledge Paramount and Warner Bros. Will ‘Build and Release’ Own Films Ray Panthaki Debut, Jose Maria Cabral, Frederic Baillif Pics Make the Cut at Tallinn Black Nights Official and First Films Competitions Glen Powell Is Staying Quiet on Politics Because ‘I Do Not Like the Discourse,’ Says ‘Running Man’ Flopped After Paramount Laid Off ‘Entire Marketing Department’ ‘Vikings’ Actor Gustaf Skarsgard Makes Feature Directorial Debut With Psychological Horror ‘The Cannibal’ (EXCLUSIVE) Brazilian Cinema at Risk: A Report From Watching the Presidential Elections From the Rio Film Festival Loading comments...",0,2026-10-07 16:17:17
33,https://variety.com/2026/tv/news/anna-pigeon-renewed-season-2-usa-network-1236904380/,‘Anna Pigeon’ Renewed for Season 2 at USA Network,Variety,2026-10-07T16:00:00,3957,"Oct 7, 2026 9:00am PT ‘Anna Pigeon’ Renewed for Season 2 at USA Network By Joe Otterson Plus Icon Joe Otterson TV Reporter joeotterson Latest Next Generation Collective Launches in Support of Young Hollywood Talent’s Mental Health 19 hours ago Jessica Biel to Play Hugh Hefner’s Wife in ‘Playmates’ Movie for Searchlight 21 hours ago ‘Star Trek: The Next Generation’ Star Gates McFadden to Write Dr. Crusher Comic Book Series (EXCLUSIVE) 23 hours ago See All USA Network “ Anna Pigeon ” has been renewed for Season 2 at USA Network , Variety has learned. The drama series originally debuted on the basic cabler on Aug. 7, with the Season 1 finale set to air on Oct. 9. The show is based on Nevada Barr’s Anna Pigeon book series. “It’s been really thrilling to see audiences fall in love with Anna and come to the park every week,” said series showrunner Morwyn Brebner. “We’re so grateful to our cast and crew who brought Nevada Barr’s iconic world to life with such heart and passion; we cannot wait to get back outside for season two.” Related Stories Netflix Orders Dark Comedy 'All the Rage' From 'Dead to Me' Duo Liz Feldman, Kelly Hutchinson Alfonso Cuaron to Make First Korea Visit at Busan as Festival Also Spotlights European Women+ Filmmakers The series stars Tracy Spiridakos as Anna Pigeon, along with Paulina Alexis, Ronnie Rowe, Tricia Helfer, Kim Coates, Crystle Lightning, Cooper Levy, Manuel Rodriguez-Saenz, Ryan Northcott, Nikki Rae Hallow, Jordan Sledz, and Melanie Scrofano. Popular on Variety The Season 1 logline states that the show follows Pigeon, “a former city slicker who became a park ranger after a devastating loss changed the trajectory of her life forever. While Anna tries to outrun her demons, her focus turns to solving crimes that have taken place within national park grounds, no matter who or what gets in her way. Season two promises continued mystery and adventure, as Anna’s story continues to unfold.” Brebner serves as showrunner, with Lea Thompson directing. Both are also executive producers alongside Brett Burlock, Sonia Hosko, Todd Berger, Julie Di Cresce, Tom Cox, Jordy Randall, Peter Emerson and Gordon Gilbertson. Leslie Cowan serves as producer. The series is produced by Cineflix and SEVEN24 Films for USA Network in association with Bell Media. Cineflix Rights is the exclusive international worldwide distribution partner, excluding the US. “’Anna Pigeon’ has connected with audiences in a meaningful way, bringing a compelling new heroine and a fresh perspective to USA Network,” said Michael Sluchan, SVP of Scripted Content, Entertainment, at Versant. “We’re thrilled to continue Anna’s journey with Tracy, Morwyn, Lea and our incredible partners at Cineflix.” “Anna Pigeon” is one of two scripted series currently airing on USA Network. The network also has Season 2 of the legal drama “The Rainmaker,” which is based on the John Grisham novel of the same name, set to debut on Oct. 16. USA Network has also greenlit the medical drama “Diplomatic Immunity” from Matt Corman and Chris Ord. USA Network was one of the cable channels spun off into the standalone company Versant by Comcast in early 2026. Other channels now under Versant include MS Now (formerly MSNBC), E!, Syfy, and Oxygen. Lego’s ‘Heartlake the Musical’ Heads to Peacock in the U.S., Tencent in China Amid Global Sales (EXCLUSIVE) Prime Day Blu-ray Deals Include 50% Discounts on Dozens of Films and Boxed Sets: ‘Boogie Nights, ‘Pulp Fiction,’ ‘The Sopranos’ and More Maggie Gyllenhaal Says Directors Who Squash Collaborators Are ‘Very Scared’ or ‘Just Not Very Smart’ ‘Will You Still Be My Friend’ Director Lu Po-Shun on Finding Common Ground From San Sebastian to Busan Busan Jury President Zhang Yimou Weighs In on ‘The Assassin(s)’ History Row as Juror July Jung Says Her ‘Heart Feels So Cold’ ATX TV Festival Sets ‘Sweet 16’ Theme for 2027 Lineup With ‘Revenge’ Reunion, ‘Freaks and Geeks’ Script Reading Loading comments...",0,2026-10-07 16:17:16
32,https://variety.com/2026/tv/news/the-hunting-wives-renewed-season-3-netflix-1236904349/,‘The Hunting Wives’ Renewed for Season 3 at Netflix Ahead of Season 2 Premiere,Variety,2026-10-07T16:00:00,3082,"Oct 7, 2026 9:00am PT ‘The Hunting Wives’ Renewed for Season 3 at Netflix Ahead of Season 2 Premiere By Selome Hailu Plus Icon Selome Hailu Latest ‘Angus, Thongs and Full-Frontal Snogging’ Pilot Set at Netflix 20 hours ago ‘East of Eden’ Hits 6.5 Million Views in Four Days on Netflix 21 hours ago ‘The Voice’ Season 30 Premiere Hits 7.8 Million Viewers in Seven Days (EXCLUSIVE) 2 days ago See All COURTESY OF NETFLIX “ The Hunting Wives ” has been renewed for a third season. The news comes ahead of the series’ second season, which will be released on Netflix on Nov. 26. Though the Lionsgate and 3 Arts-produced series was originally greenlit to air on Starz, it was acquired by Netflix ahead of the Season 1 premiere in 2025 and remains a Netflix original moving forward. “The Hunting Wives” stars Brittany Snow and Malin Åkerman and is based on the book of the same name by May Cobb, though in Season 2, the story will go beyond the events of the book. The first season followed Sophie O’Neil (Snow) as she and her family “move from the East Coast to deep East Texas, where she succumbs to socialite Margo’s (Åkerman) irresistible charms – and finds her life consumed by obsession, seduction and murder,” per the official logline. In Season 2, “Sophie and Margo are on the outs. But soon enough, old secrets and new foes force them back together. As they play their dangerous games, the question arises. Are they the hunters or the hunted?” The cast also includes Dermot Mulroney, Jaime Ray Newman, Evan Jonigkeit, George Ferrier, Karen Rodriguez, Hunter Emery, Branton Box, Dale Dickey, Kim Matula, Cam Gigandet, Alex FitzAlan, John Stamos and Angel Reese. Related Stories David Fincher Ending Netflix Deal After Six Years and Three Movies, Including 'Cliff Booth' 'Best of the Best' Director Lena Khan on Making a Bollywood Fusion Dance Movie for Netflix, Working With Hasan Minhaj and Telling Maitreyi Ramakrishnan to Bring 'Channing Tatum Energy' Rebecca Cutter created “The Hunting Wives” and serves as showrunner. Executive producers include Cutter, Cobb and 3 Arts’ Erwin Stoff. Lionsgate is the studio. Popular on Variety “I’m so stoked to be heading back to Maple Brook, and I promise that once you’ve finished Season 2, you’ll be desperate to see what happens next,” Cutter said in a statement. “Buckle up, because Season 3 will be even more scandalous and twisted.” ‘First Christmas’ Actors Mark Addy, Yasmin Al-Khudhairi Join Table Read to Build Momentum for British Indie Film (EXCLUSIVE) George Cheeks Addresses Staffers in First Memo as Skydance TV Co-Chair: ‘CBS Remains a Cornerstone’ Busan Jury President Zhang Yimou Weighs In on ‘The Assassin(s)’ History Row as Juror July Jung Says Her ‘Heart Feels So Cold’ These Lego Sets Are All Up to 40% Off on Amazon for Prime Big Deals Day Jack White Slams Trump as ‘Worst American of All Time’ Following Comment That Iran Can ‘Take Out’ L.A. and San Diego ‘In the Shadows’ Producers to Self-Release British Boxing Biopic Following Collapse of U.K. Distributor True Brit Entertainment (EXCLUSIVE) Loading comments...",0,2026-10-07 16:17:15
31,https://variety.com/2026/film/global/oscars-saudi-arabia-a-matter-of-life-and-death-intl-feature-1236904328/,Oscars: Saudi Arabia Picks Quirky Comedy ‘A Matter of Life and Death’ for International Feature Race,Variety,2026-10-07T16:00:00,3737,"Oct 7, 2026 9:00am PT Oscars: Saudi Arabia Picks Quirky Comedy ‘A Matter of Life and Death’ for International Feature Race By Nick Vivarelli Plus Icon Nick Vivarelli International Correspondent @NickVivarelli Latest ‘All’s Fair’ Season 2 to Launch From Rome Film Festival With Kim Kardashian, Naomi Watts, Niecy Nash-Betts and Sarah Paulson Attending 1 day ago Oscars: Syria Selects Doc ‘The Other Side of the Sun’ for International Feature Race, Marking First Entry Since Fall of Assad Regime 2 days ago ‘NAZA’ Rebuttal Doc Surfaces Online, Made by IDF Reserve Members 2 days ago See All Courtesy Front Row Filmed Entertainment Saudi director Anas Ba Tahaf’s romantic black comedy “A Matter of Life and Death” has been selected as Saudi Arabia ’s candidate for the Oscars international feature film category. The quirky movie marks the directorial debut of Tahaf, who previously worked as co-producer, editor and first assistant director on Mahmoud Sabbagh’s groundbreaking rom-com “Barakah Meets Barakah,” which represented Saudi Arabia at 89th Academy Awards a decade ago. Related Stories ‘Sweet Magnolias’ Cancellation: Creator, Stars JoAnna Garcia Swisher and Jamie Lynn Spears React to Netflix Series Ending Lego's 'Heartlake the Musical' Heads to Peacock in the U.S., Tencent in China Amid Global Sales (EXCLUSIVE) “A Matter of Life and Death” pairs actors Sarah Taibah (“Mandoob”) and Yaqoub Alfarhan (“Norah,” “Rashash”) and is set in Jeddah, the city on the eastern shore of the Red Sea known for vibrant youth culture, a mix of modern and ancient architecture and for being the gateway to Mecca. Popular on Variety The film’s plot involves a superstitious young woman named Hayat who is convinced she’s cursed and wants to end her life. She intersects with Yousef, an introverted heart surgeon who suffers from slower than average heartbeats that seem to quicken when he comes close to death or to killing. “She wants to die; he wants to kill, and they should be perfect for each other. Then, inconveniently, they fall in love,” says the synopsis. “A Matter of Life and Death” had its world premiere at the Red Sea International Film Festival in Jeddah in December last year, then opened theatrically in June across Saudi Arabia where it pulled a decent roughly $600,000 in grosses, according to Rentrack. The indie film later received a jury special mention at the Saudi Film Festival, where Taibah won an acting award for her performance as Hayat. “A Matter of Life and Death” is produced by Mohamed Hefzy for Film Clinic, Gianluca Chakra for Front Row Filmed Entertainment , and Abdulelah Alahmary and Ahmad Taema for Arabia Pictures, with support from the Red Sea Fund. Front Row Filmed Entertainment is handling international sales. The shortlist for the 2027 Oscar nominations will be announced by the Academy of Motion Picture Arts and Sciences on Dec. 15, with the final selection revealed on Jan. 21. The 99th Academy Awards ceremony is scheduled to take place on March 14 in Los Angeles. Chinese Landscape Painting Film Series Will Run to a Fourth Installment, Says ‘First Taste of Loneliness’ Director Gu You (EXCLUSIVE) ‘Line of Duty’ Creator Jed Mercurio Submits ‘Doctor Who’ Bid to BBC Brazilian Cinema at Risk: A Report From Watching the Presidential Elections From the Rio Film Festival As New York Comic Con Turns 20, Organizer Teases Coney Island Team-Up, After 3 p.m. Ticket and Possibility of Expanding to Five Days Next Year ‘First Christmas’ Actors Mark Addy, Yasmin Al-Khudhairi Join Table Read to Build Momentum for British Indie Film (EXCLUSIVE) Ray Panthaki Debut, Jose Maria Cabral, Frederic Baillif Pics Make the Cut at Tallinn Black Nights Official and First Films Competitions Loading comments...",0,2026-10-07 16:17:14
30,https://variety.com/2026/artisans/news/casting-socitey-artios-awards-nominations-2027-1236903909/,"‘Heated Rivalry,’ ‘The Pitt’ and ‘The Diplomat’ Lead Artios Awards Nominations",Variety,2026-10-07T16:00:00,14401,"Oct 7, 2026 9:00am PT ‘Heated Rivalry,’ ‘The Pitt’ and ‘The Diplomat’ Lead Artios Awards Nominations By Jazz Tangcay Plus Icon Jazz Tangcay Artisans Editor @jazzt Latest Indie Distributors Cinema Machine and Graven Image Launch as Divisions of Blood Sweat Honey (EXCLUSIVE) – Film News in Brief 20 hours ago Crunchyroll’s Inaugural Anime Future Forum Brings Anime Together for Day of Thought Leadership 22 hours ago ‘Behemoth!’: Why Tony Gilroy Needed Nine Composers to Score His Latest Film, and a Guide to Who Did What in the Film (EXCLUSIVE) 4 days ago See All Courtesy of Sabrina Lantos/HBO Max The casting directors behind “Heated Rivalry,” “The Pitt” and “The Diplomat” are among those leading the 2027 Artios Awards nominations. Netflix led with 14 nominations, followed by HBO Max with nine. Apple TV and Hulu each earned seven nominations, and Prime Video landed six. The nominations honor the contribution of casting professionals in television, theater, commercials, short film, short-form series, casting for international film and casting for international television series. Related Stories Produced by J.A. Bayona, Netflix Documentary Series 'Beyond Society' Examines What Happens After the Survivors of the 1972 Andes Plane Crash Return to Uruguay Gary Glitter Doc Postponed at Netflix After ‘New Legal Information,' Trailer Pulled From YouTube Destiny Lilly, CSA president, said, “I am thrilled to celebrate the nominees for the 2027 Artios Awards. Casting is an integral part of authentic storytelling, bringing humanity, originality and creativity to the stage and the screen. This annual ceremony serves as a reminder that casting remains a vital element in the process of making great work. It is an honor to celebrate casting professionals across the globe in ceremonies in London, New York and Los Angeles.” Popular on Variety The winners will be announced at galas at The Beverly Hilton in Los Angeles, The Edison Ballroom in New York and One Moorgate Place in London, U.K., on Feb. 18, 2027. Among the casting directors with multiple nominations are Bernard Telsey, Mary Vernieu, Sharon Bialy, Jessica Ronane and Jim Carnahan. Submissions for theatrically released feature films open Oct. 26, and nominees will be announced Dec. 16. Honorees for The Hoyt Bowers Award for Excellence in Casting, Lynn Stalmaster Award For Career Achievement, Marion Dougherty New York Apple Award, The Rosalie Joseph Humanitarian Award, The Capelier-Shaw Award and The Global Impact Award, which are also presented during the Artios ceremonies, will be announced at a later date. The full list of nominations is below. Television “Television Series: Comedy” “Abbott Elementary” (S5): Wendy O’Brien, Chris Gehrt “Hacks” (S5): Morgan Smith, Linda Lowy; Associate Casting Director: Lily Trotter “Nobody Wants This” (S2): Collin Daniel, Brett Greenstein; Associate Casting Director: Alexa Pereira “Only Murders In The Building” (S5): Tiffany Little Canfield, Destiny Lilly, Bernard Telsey; Associate Casting Director: Danielle King “Shrinking” (S3): Brett Benner, Debby Romano “The Four Seasons” (S2): Sherry Thomas, Sharon Bialy; Italy Casting Director: Armando Pizzuti; Associate Casting Director: Katie Rampey Television Series: Drama “Paradise” (S2): Tiffany Little Canfield, Josh Einsohn; Associate Casting Director: Brian Sutow “Slow Horses” (S5): Nina Gold, Melissa Gethin Clarke “The Diplomat” (S3): Julie Schubert; U.K. Casting Directors: Lucinda Syson, Natasha Vincent “The Gilded Age” (S3): Bernard Telsey, Adam Caldwell; Associate Casting Director: Amelia McCarthy “The Pitt” (S2): Cathy Sandrich Gelfond, Erica Berger; Associate Casting Director: Seth Caskey “Your Friends And Neighbors” (S2): Cindy Tolan, Suzanne Ryan; Associate Casting Director: Nicholas Petrovich Television Pilot And First Season: Comedy “Boots”: Junie Lowry Johnson, Libby Goldstein; Louisiana Casting Director: Ryan Glorioso; Associate Casting Director: Josh Ropiequet; Louisiana Associate Casting Director: Justin Coulter “I Love L.A. “: Mary Vernieu, Bret Howe; Associate Casting Director: Benjamin Bermudez “Margo’s Got Money Troubles”: David Rubin, Matt Lander; Associate Casting Directors: Jesse Haddock, Djinous Rowling “Murderbot”: Sharon Bialy, Russell Scott, Sherry Thomas; Toronto Casting Directors: Jason Knight, John Buchan; Associate Casting Director: Stacia Kimler “The Paper”: Leslie Woo; Associate Casting Directors: Dayna Katz, Julina Baber “Young Sherlock”: Dan Hubbard, Rory Okey Television Pilot And First Season: Drama “A Knight Of The Seven Kingdoms”: Lucy Bevan, Emily Brockmann; Northern Ireland Casting Director: Carla Stronge; Associate Casting Director: Katie Brydon; Northern Ireland Associate Casting Director: Mike Hooley “Heated Rivalry”: Jenny Lewis, Sara Kay; Associate Casting Director: Kalene Osborne “Off Campus”: Deanna Brigidi, Andrea Bunker; Vancouver Casting Directors: Corinne Clark, Jennifer Page; Vancouver Associate Casting Director: Ciarra Cook “Pluribus”: Sharon Bialy, Sherry Thomas, Russell Scott; New Mexico Casting Director: Marie A.k. McMaster “Task”: Avy Kaufman; Philadelphia Casting Directors: Diane Heery, Jason Loftus “The Testaments”: Sharon Bialy, Sherry Thomas, Russell Scott; Canada Casting Director: Robin D. Cook; Associate Casting Director: Stacia Kimler; Canada Associate Casting Directors: Kelly Boaz, Jonathan Oliveira Films, First Released For Television Or Streaming “Mike & Nick & Nick & Alice”: Jenny Jue; Vancouver Casting Director: Candice Elzinga “Oh. What. Fun. “: Bernard Telsey, Tiffany Little Canfield; Atlanta Casting Directors: Tara Feldstein Bennett, Chase Paris; Associate Casting Director: Rose Bochner “People We Meet On Vacation”: Mary Vernieu, Jessica Kelly; New Orleans Casting Director: Meagan Lewis; Associate Casting Director: Benjamin Bermudez “Remarkably Bright Creatures”: Lindsay Ahanonu, Mary Vernieu; Vancouver Casting Directors: Corinne Clark, Jennifer Page; Associate Casting Director: Alexandra Presas; Vancouver Associate Casting Director: Ciarra Cook “Roommates”: Mary Vernieu, Sydney Shircliff; New York Casting Director: Christine Kromer; Associate Casting Director: Alexandra Presas “The RIP”: Sharon Bialy, Sherry Thomas; Associate Casting Director: Alyssa Morris “Tom Clancy’s Jack Ryan: Ghost War”: Natasha Vincent, Lucinda Syson “Reality Series: Competition” “Beast Games” (S2): Katy Wallin-Sandalis; Casting Producer: Erin Tomasello “Love Island USA” (S7): Jodi Thomas, Danielle Gervais, Beyhan Oguz; Casting Producer: Debbie Pierre “Pop Culture Jeopardy!” (S2): Mindy Zemrak; Casting Producer: Ashley Holt “RuPaul’s Drag Race” (S18): Goloka Bolte, Adam Cook, Michelle Redwine “The Challenge: Vets & New Threats” (S41): Lisi Alpert “Top Chef” (S23): Ron Mare; Casting Producers: Heather Allyn, Joy Barrett, Anna Sturgeon Reality Series: Structured And Unstructured “Ladies Of London”: The New Reign (S4): Erin Tomasello; Casting Producer: Ally Erush “My Strange Addiction “(S7): Suzie Strosin “Queer Eye” (S10): Danielle Gervais, Pamela Vallarelli, Natalie Pino; Casting Producer: Jasmin Pettaway “Shark Tank” (S17): Mindy Zemrak; Casting Producer: Ashley Holt “Vanderpump Villa” (S3): Suzie Strosin, Kelley Allen, Lindsay Liles Animated Program For Television “Bob’s Burgers” (S16): Julie Ashton “Diary Of A Wimpy Kid: The Last Straw”: Christian Kaplan; Associate Casting Directors: Beth Day, Steven Tylor O’Connor “Eb White’s Charlotte’s Web” (S1): Danielle Aufiero, Amber Horn “Family Guy” (S24): Christine Terry, Jackie Sollitto “King Of The Hill” (S14): Leslie Woo, Associate Casting Director: Julina Baber “Rick And Morty” (S8): Robert McGee International Television Series “Acapulco” (S4): Susan Vash, Alexandra Niedt “Boho” (S1): Sien Josephine Teijssen “Film Club” (S1): Kelly Valentine Hendry, Jessica Mescall “Prisoner” (S1): Kelly Valentine Hendry; Associate Casting Director: Lilly Hanbury “The Big Fuck Up” (S1): Sien Josephine Teijssen “The House Of The Spirits” (S1): Roberto Matus Limited Series “All Her Fault”: David Rubin, Matt Lander; Australia Casting Director: Jane Norris; Associate Casting Director: Djinous Rowling “Beef” (S2): Jeanie Bacharach; Associate Casting Director: Maddalena Zuppetta “DTF St. Louis” (S1): Francine Maisler, Amber Wakefield; Atlanta Casting Directors: Chase Paris, Tara Feldstein Bennett; Associate Casting Director: Molly Rose; Atlanta Associate Casting Director: Tasha Ward “Love Story” (S1): Nicole Daniels, Courtney Bright; Associate Casting Director: Jennifer Brooks “Murdaugh: Death In The Family” (S1): John Papsidera; Atlanta Casting Directors: Amanda Lenker Doyle, Erica Bream; Associate Casting Director: Emily Bohbrink “The Beast In Me” (S1): Julie Tucker Live Action Children & Family Program For Television “Electric Bloom” (S1): Collin Daniel, Brett Greenstein; Associate Casting Directors: Alexa Pereira, Danny Dunitz “One Piece” (S2): Junie Lowry Johnson, Libby Goldstein; Associate Casting Director: Samantha Garrabrant “Vampirina: Teenage Vampire” (S1): Amber Horn, Danielle Aufiero “Wizards Beyond Waverly Place” (S2): Alexis Koczara, Christine Shevchenko; Associate Casting Director: Gianna Butler “XO, Kitty” (S3): David Rapaport, Lyndsey Baldasare; Korea Casting Director: Su Kim; Associate Casting Director: Rosie Lobb, Claire Yenson “Zombies 4: Dawn Of The Vampires”: Danielle Aufiero, Amber Horn, Steven Tylor O’Connor; Australia Casting Director: Kirsty McGregor Theater Broadway: Comedy Or Drama “Arthur Miller’s Death Of A Salesman”: Taylor Williams “Becky Shaw”: Daniel Swee “Dog Day Afternoon”: Bernard Telsey, Karyn Casl; Associate Casting Director: Charlie Hano “Giant”: Daniel Swee “Liberation”: Jillian Cimini; Associate Casting Director: Neal Buckley “Proof”: Daniel Swee Broadway: Musical “Cats: The Jellicle Ball”: Victor Vazquez, Sujotta Pace “Ragtime”: Craig Burns “Schmigadoon!:” Bernard Telsey, Kristian Charbonier “The Lost Boys”: Kristian Charbonier, Craig Burns; Associate Casting Director: Jimmy Larkin “The Rocky Horror Show”: Carrie Gardner, Stephen Kopel; Associate Casting Directors: Neal Buckley, Sujotta Pace London Theatre “Avenue Q”: Rosie Pearson, James Pearson “Every Brilliant Thing”: Jessica Ronane “Mary Page Marlowe”: Jim Carnahan; Associate Casting Director: Liz Fraser “Romeo & Juliet”: Jim Carnahan; Associate Casting Director: Liz Fraser “The Lady From The Sea”: Jessica Ronane “War Horse”: Jill Green; Associate Casting Director: Olivia Laydon Los Angeles Theater “Foursome”: Jordan Bass “Here Lies Love”: Richie Ferris, Michael Donovan “Jesus Christ Superstar”: Bernard Telsey, Lindsay Levine “Primary Trust”: Henry Russell Bergstein The Blank Theatre Company’s Young Playwrights Festival: Alexa Pereira New York Theater: Comedy Or Drama “Anna Christie”: Bernard Telsey, Will Cantler “Ginger Twinsies”: Xavier Rubiano; Associate Casting Director: Louis DiPaolo “Kyoto”: Jim Carnahan, Alexandre Bleau “Meet The Cartozians”: Daniel Swee “Prince Faggot”: Alaine Alldaffer, Taylor Williams “Trophy Boys”: Charlie Hano “What Happened Was…: “Jim Carnahan, Alexandre Bleau New York Theater: Musical “Come From Away”: Mark Brandon, Jarrett Reiche “Heathers: The Musical”: Jimmy Larkin, Rachel Hoffman “Masquerade”: Kate Lumpkin; Associate Casting Director: Joseph Cook “Romy & Michele”: Mark Brandon, Patrick Maravilla “Saturday Church”: Erica A. Hart, Nicholas Petrovich; Associate Casting Director: Sujotta Pace “The 25th Annual Putnam County Spelling Bee”: Geoff Josselson, Felicia Rudolph Regional Theater “A Raisin In The Sun”: Katja Zarolinski “Amadeus”: JC Clementz “Chez Joey”: Tara Rubin, Peter Van Dam, Raiyon Hunter; Associate Casting Director: Olivia Paige West “Damn Yankees”: Tara Rubin, Merri Sugarman; DC Casting Director: Raiyon Hunter; Associate Casting Director: Spencer Gualdoni “Dear Evan Hansen”: Geoff Josselson, Felicia Rudolph “Fences”: David Caparelliotis “Freak The Mighty”: Rachel Hoffman; Associate Casting Directors: Charlie Hano, Jimmy Larkin “Working Girl”: Rachel Hoffman, Rashad Naylor Special Theatrical Performance “Bat Boy: The Musical”: Patrick Goodwin; Associate Casting Director: Jimmy Larkin “Bring It On: The Musical”: Lindsay Levine “Come From Away”: Rachel Hoffman “High Spirits”: Rachel Hoffman “La Cage Aux Folles”: Rashad Naylor “The Wild Party”: Bethany Knox “West Side Story”: Xavier Rubiano, Merri Sugarman; Associate Casting Director: Olivia Paige West Theater Tours “Stereophonic”: Alaine Alldaffer “Suffs”: Rachel Hoffman “The Notebook: The Musical: “Patrick Goodwin “The Outsiders”: Xavier Rubiano; Associate Casting Director: Louis DiPaolo “The Phantom Of The Opera”: Claire Burke, Peter Van Dam; Associate Casting Director: Frankie Ramirez Commercials Adidas Backyard Legends | The Greatest Football Story Ever Told: Kharmel Cochrane Every Human’s Dog – The Farmer’s Dog: Chelsea Bloch, Marisol Roncali, Jason Crow Everyone Has Something To Protect: Danya Solomon Irn Bru – This Is Not A Soft Drink: Sally McCleery The Marketers: Chrissy Fiorilli-Ellington; Associate Casting Director: Jane Flowers Uktv ‘u & You’: Tree Petts Short Film & Short Form Series “Short Film” “Hatchlings”: Salvatore Schiavone, Gianna Butler “Marina”: Danielle Pretsfelder Demchick “MR Benjamin’s Birthday”: Natasha Ward-shaw “Mushroom Dad”: Tanya Giang “Please Return Your Cart”: Ryan Maharaj “Standby”: Stephanie Klapper “¡que Suene La Banda! “: Jaime Gallagher Short Form Series Country Heartthrob (S1): Howard Meltzer, Tim Pratt Quokka’s Wild Life (S1): Kristin Paiva Strings Attached (S1): Howard Meltzer, Tim Pratt The Family Car: an American Love Story: Isis Masoud Very Important People (S3): Jazzy Collins ITV Studios Unveils Mipcom Drama Slate Led by Lunar Thriller ‘First Woman,’ and a Further Four New Titles, Including Steven Moffat’s ‘Number 10’ (EXCLUSIVE) Disney+ to Name New Australia Commissioner, Keeps Southeast Asia ‘On the Menu’ as It Triples Local Output ATX TV Festival Sets ‘Sweet 16’ Theme for 2027 Lineup With ‘Revenge’ Reunion, ‘Freaks and Geeks’ Script Reading Busan Jury President Zhang Yimou Weighs In on ‘The Assassin(s)’ History Row as Juror July Jung Says Her ‘Heart Feels So Cold’ Killer Films Boards Ray Panthaki’s Directorial Debut ‘In Starland’ as Feature Lands Tallinn World Premiere (EXCLUSIVE) Lego’s ‘Heartlake the Musical’ Heads to Peacock in the U.S., Tencent in China Amid Global Sales (EXCLUSIVE) Loading comments...",0,2026-10-07 16:17:12
29,https://variety.com/2026/film/news/laika-wildwood-animation-is-film-festival-closing-night-1236903874/,Laika’s ‘Wildwood’ Set to Close Animation Is Film Festival,Variety,2026-10-07T16:00:00,4196,"Oct 7, 2026 9:00am PT Laika’s ‘Wildwood’ Set to Close Animation Is Film Festival By Mya Copeland Plus Icon Mya Copeland Latest Prime Video Debuts First Look at ‘Bloodaxe’ Series From ‘Vikings’ Creator (TV News Roundup) 2 days ago ‘Coven Academy’ Star Malina Weissman Unpacks Briar’s Backstory, Her Take on the Love Triangle and Her Hopes for Season 2 2 days ago ‘Celebrity Traitors’ Star Richard E. Grant Accidentally Reveals He’s a Traitor to Cast in Premiere, Calls It the ‘Biggest Mistake I’ve Made in My Life’ 5 days ago See All Laika “ Wildwood ” has been set as the closing night film for the Animation Is Film Festival , which runs Oct. 16-19 in Los Angeles. Laika’s animated epic will screen Oct. 19 at the Academy Museum’s Geffen Theater. Following the screening, “Wildwood” director and Laika president and CEO Travis Knight will hold a conversation with filmmaker Jason Reitman. “Wildwood” follows headstrong teenager Prue McKeel (Peyton Elizabeth Lee) on a desperate mission to rescue her brother after he is abducted by a murder of crows. Her rescue takes her into the Impassable Wilderness, an enchanted forest hidden just beyond Portland, Oregon. Joining Prue is her classmate Curtis Mehlberg (Jacob Tremblay), and the two enter a world of talking animals, bandits and powerful figures driven by grief and ambition. As the pair is drawn into a conflict threatening the balance of the forest itself, Prue must find a way to save her brother while confronting forces that could determine Wildwood’s future. Related Stories Lego's 'Heartlake the Musical' Heads to Peacock in the U.S., Tencent in China Amid Global Sales (EXCLUSIVE) Secuoya Studios Taps Carla Gómez to Lead Latin American Development as Regional Expansion Accelerates (EXCLUSIVE) The cast also features Carey Mulligan, Mahershala Ali, Angela Bassett, Awkwafina, Jake Johnson, Charlie Day, Amandla Stenberg, Jemaine Clement, Maya Erskine, Tantoo Cardinal, Tom Waits and Richard E. Grant. Popular on Variety Directed and produced by Knight, “Wildwood” opens in theaters on Oct. 23. Fathom Entertainment is distributing the film theatrically in the United States, with FilmNation Entertainment handling international sales. The film is inspired by Colin Meloy’s 2011 novel of the same name and illustrated by Carson Ellis in Laika’s classic stop-motion style. The production took 15 years to complete and is Laika’s most ambitious project to date. “Each year, Animation Is Film returns to Hollywood to champion the notion that animation, as an art form, repeatedly redefines what we think cinematic storytelling is capable of,” said Animation is Film director Matt Kaszanek. “We can think of no greater example of that mission than Travis Knight’s ‘Wildwood.’ A new Laika film is a reason to celebrate for every person who loves great films, and we are so proud to be part of its journey.” “Animation Is Film and Laika share a belief that animation is cinema in its fullest sense, capable of telling stories with extraordinary emotional and artistic ambition,” said Laika Chief Marketing & Operations Officer David Burke. “’Wildwood’ represents 15 years of imagination, craftsmanship and commitment from hundreds of artists, so there could be no more fitting place to celebrate its journey to the screen than with AIF.” The ninth edition of AIF Festival runs Oct. 16-19, with the main program hosted at TCL Chinese 6 Theatres in Hollywood. Premiering at this year’s festival are Louis Clichy’s “Iron Boy,” Leah Nelson’s “Tangles” and “Julián.” Singapore Film Festival Stands by ‘The Assassin(s)’ After Korean Conservatives Demand It Be Dropped Eddie Redmayne’s Kore-eda Hirokazu Film Is Still Being Scripted, Director Says at Busan Bestseller ‘The Story of Marceau Miller’ Adaptation Set for Mipcom via France TV Distribution (EXCLUSIVE) Maggie Gyllenhaal Says Directors Who Squash Collaborators Are ‘Very Scared’ or ‘Just Not Very Smart’ Warner Bros. TV Group Boss Channing Dungey Confirms Skydance Role in Memo to Staffers, Adding Paramount Media Networks Oversight Fremantle’s Mipcom Lineup: ‘Baywatch,’ Matthew Macfadyen and Claire Foy in ‘You Are Here,’ Impactful Non-Fiction and More (EXCLUSIVE) Loading comments...",0,2026-10-07 16:17:11
9,https://deadline.com/2026/10/anna-pigeon-renewed-season-2-usa-network-1237149050/,‘Anna Pigeon’ Renewed For Season 2 At USA Network,Deadline,2026-10-07T16:00:00,3337,"Skip to main content By Katie Campione Katie Campione Senior TV & Labor Reporter @katie_campione More Stories By Katherine ‘Dancing With The Stars’ Recap: Lots Of Breakthroughs On Mariah Carey Night Stiffen Competition ‘Abbott Elementary’ To Film 100th Episode At Disneyland WGA East Reveals 2026 Support Staff Basic Training Program Graduates View All October 7, 2026 9:00am Add us as a Google Preferred Source Tracy Spiridakos as Anna Pigeon in 'Anna Pigeon' Michelle Faye/USA Network Anna Pigeon has been renewed for Season 2 at USA Network . The news comes ahead of the Season 1 finale, which airs October 9. The series has done well for USA Network so far, becoming the highest-rated original scripted series premiere on the network in nearly eight years, with an average of 2.35 million total viewers within the seven days following the premiere. Across its Season 1 run, Anna Pigeon has reached 18 million total viewers, USA Network says. Based on the New York Times best-selling novels by Nevada Barr, the first season follows Anna Pigeon (Tracy Spiridakos), a former city slicker who became a park ranger after a devastating loss changed the trajectory of her life forever. While Anna tries to outrun her demons, her focus turns to solving crimes that have taken place within national park grounds, no matter who or what gets in her way. Season 2 promises continued mystery and adventure, as Anna’s story continues to unfold. Related Stories News 'The Rainmaker' Sets Season 2 Release Date; Unveils Full Trailer News 'The Rainmaker' Boss Teases Season 2 As First-Look Photos Of Merle Dandridge, Richard Kind & Returning Cast Drop Season 1 also stars Paulina Alexis, Ronnie Rowe, Tricia Helfer, Kim Coates, Crystle Lightning, Cooper Levy, Manuel Rodriguez-Saenz, Ryan Northcott, Nikki Rae Hallow, Jordan Sledz and Melanie Scrofano. Watch on Deadline “It’s been really thrilling to see audiences fall in love with Anna and come to the park every week,” showrunner Morwyn Brebner said in a statement. “We’re so grateful to our cast and crew who brought Nevada Barr’s iconic world to life with such heart and passion; we cannot wait to get back outside for season two.” Adds Michael Sluchan, SVP, Scripted Content, Entertainment, VERSANT: “Anna Pigeon has connected with audiences in a meaningful way, bringing a compelling new heroine and a fresh perspective to USA Network. We’re thrilled to continue Anna’s journey with Tracy, Morwyn, Lea and our incredible partners at Cineflix.” Anna Pigeon is produced by Cineflix and SEVEN24 Films for USA Network in association with Bell Media. Brebner serves as showrunner, with Lea Thompson directing. Brebner and Thompson executive produce alongside Brett Burlock, Sonia Hosko, Todd Berger, Julie Di Cresce, Tom Cox, Jordy Randall, Peter Emerson and Gordon Gilbertson. Leslie Cowan serves as producer. Anna Pigeon is Bell Media’s first co-commission with Versant’s USA Network. Cineflix Rights is the exclusive international worldwide distribution partner, excluding the U.S. Skydance CEOs Meet The Press On Day 1 With Lots Of Promises, Few Answers Jed Mercurio Among Bidders To Be Next ‘Doctor Who’ Producer Facebook Exposed In Aaron Sorkin’s Stirring Thriller ‘The Social Reckoning’ Michelle Yeoh Teases ‘Blade Runner 2099’; Zhang Yimou On ‘Three-Body Problem’ Read More About: Comments",0,2026-10-07 16:16:49
8,https://deadline.com/2026/10/the-hunting-wives-renewed-season-3-netflix-1237148810/,‘The Hunting Wives’ Renewed For Season 3 By Netflix Ahead Of Season 2 Release,Deadline,2026-10-07T16:00:00,3234,"Skip to main content By Nellie Andreeva Nellie Andreeva Editor-In-Chief @DeadlineNellie More Stories By Nellie Skydance CEOs Meet The Press On Day One Post-Merger With String Of Promises & Few Answers Skydance Co-CEO On Prospect Of TV Studios Merging: “We’re Not Looking To Reduce Output Production” Skydance To Make Paramount & Warner Bros Lots Specialized, Each Housing Film Or TV/Streaming View All October 7, 2026 9:00am Add us as a Google Preferred Source L-R: Malin Åkerman and Brittany Snow in 'The Hunting Wives' Netflix The frisky wives of Maple Brook will keep hunting. Netflix has given an early Season 3 renewal to The Hunting Wives , its raunchy mystery drama series starring Brittany Snow and Malin Åkerman. Casting for the eight-episode new installment is already underway. The pickup comes a month and a half ahead of the Season 2 release November 26 as a Netflix-branded series from Lionsgate Television and 3 Arts Entertainment in nearly all countries where Netflix is available. Related Stories News ‘The Hunting Wives’ Season 2 First Look Photos & Premiere Date Set At Netflix News Why Is ‘The Hunting Wives’ So Racy? Behind Netflix Series’ Unusual Deal As It Eyes UK Release & Hopes For Season 2 After Strong US Debut The unusual qualifier stems from The Hunting Wives ‘ unusual origin as a U.S.-only acquisition by Netflix of the finished first season, which had been developed and produced for Starz before reverting back to the studio in the network’s split from Lionsgate. Watch on Deadline Despite being only available in the U.S., The Hunting Wives Season 1 spent five total weeks in Netflix’s Global Top 10 English-language TV list, reaching as high as No. 2 in its second week. In light of the success, Netflix made a deal with Lionsgate, which was able to buy the show back in most international markets it had sold it to, making it available on Netflix where it made the Top 10 TV list in 40 countries, reached No. 1 in 10 countries, including the US, and has garnered over 35 million views since its July 2025 release. Once the vast majority of markets were cleared, Netflix also renewed the series created by Rebecca Cutter based on the bestselling novel by May Cobb for a second season. While Season 1 remains an acquisition, starting with Season 2, The Hunting Wives is a Netflix original. The early Season 3 renewal will allow it to return within a year, an early cadence that is increasingly becoming the standard for streamers on shows that do not require elaborate production and post-production. “I’m so stoked to be heading back to Maple Brook, and I promise that once you’ve finished Season 2, you’ll be desperate to see what happens next,” said writer, executive producer and showrunner Cutter. “Buckle up, because Season 3 will be even more scandalous and twisted.” Also executive producing are Erwin Stoff for 3 Arts Entertainment and Cobb. Lionsgate Television is the studio. Skydance CEOs Meet The Press On Day 1 With Lots Of Promises, Few Answers Jed Mercurio Among Bidders To Be Next ‘Doctor Who’ Producer Facebook Exposed In Aaron Sorkin’s Stirring Thriller ‘The Social Reckoning’ Michelle Yeoh Teases ‘Blade Runner 2099’; Zhang Yimou On ‘Three-Body Problem’ Read More About: Comments",0,2026-10-07 16:16:47
7,https://deadline.com/2026/10/artios-awards-2026-tv-nominations-theater-1237148481/,"Casting Society Reveals Artios Awards Non-Film Nominees List: ‘The Pitt’, ‘Heated Rivalry,’ ‘Pluribus’ & More",Deadline,2026-10-07T16:00:00,12838,"Skip to main content By Erik Pedersen Erik Pedersen Managing Editor More Stories By Erik 2026-27 Awards Season Calendar: Oscars, Emmys, Grammys, Guilds & More Freddie Jackson Dies: R&B Hitmaker Behind “Rock Me Tonight”, “You Are My Lady” & Many More Was 70 2026 Premiere Dates For New & Returning Series On Broadcast, Streaming & Cable View All October 7, 2026 9:00am Add us as a Google Preferred Source Artios Awards Casting Society Casting Society is out with the non-film nominees for its 42nd annual Artios Awards . See the full list below. Dozens of TV shows, theater productions, commercials and shorts/shortform series passed the first audition and will be looking for an onstage callback during one of the three 2027 Artrios ceremonies on February 18 at the Beverly Hilton in Los Angeles, Edison Ballroom in New York and One Moorgate Place in London. Related Stories Below The Line 2026-27 Awards Season Calendar: Oscars, Emmys, Grammys, Guilds & More Casting Casting Society Sets 2027 Artios Awards Date, Venues & Timeline, Reveals New Officers Vying in the marquee TV Series: Drama category are the latest seasons of two-time defending Emmy champ The Pitt , Paradise, Slow Horses, The Diplomat, The Gilded Age and Your Friends and Neighbors. Up for the TV Series Comedy prize are Abbott Elementary, the now-wrapped Hacks, Nobody Wants This, Only Murders in the Building, Shrinking and The Four Seasons. Last month’s Comedy Series Emmy winner Widow’s Bay didn’t make the cut in this category or Television Pilot and First Season: Comedy. A highlight from the theater list is the three noms in the Broadway: Comedy of Musical category for Daniel Swee, who is in the running with Becky Shaw, Giant and Proof . He’s also nommed for Meet the Cartozians in the New York Theater category. Watch on Deadline Here are the TV, theater, commercials and shorts nominees for the 2027 Artios Awards: Television Television Series: Comedy Abbott Elementary (S5) Wendy O’Brien, Chris Gehrt Hacks (S5) Morgan Smith, Linda Lowy; Associate Casting Director: Lily Trotter Nobody Wants This (S2) Collin Daniel, Brett Greenstein; Associate Casting Director: Alexa Pereira Only Murders in the Building (S5) Tiffany Little Canfield, Destiny Lilly, Bernard Telsey; Associate Casting Director: Danielle King Shrinking (S3) Brett Benner, Debby Romano The Four Seasons (S2) Sherry Thomas, Sharon Bialy; Italy Casting Director: Armando Pizzuti; Associate Casting Director: Katie Rampey Television Series: Drama Paradise (S2) Tiffany Little Canfield, Josh Einsohn; Associate Casting Director: Brian Sutow Slow Horses (S5) Nina Gold, Melissa Gethin Clarke The Diplomat (S3) Julie Schubert; Uk Casting Directors: Lucinda Syson, Natasha Vincent The Gilded Age (S3) Bernard Telsey, Adam Caldwell; Associate Casting Director: Amelia McCarthy The Pitt (S2) Cathy Sandrich Gelfond, Erica Berger; Associate Casting Director: Seth Caskey Your Friends and Neighbors (S2) Cindy Tolan, Suzanne Ryan; Associate Casting Director: Nicholas Petrovich Television Pilot and First Season: Comedy Boots: Junie Lowry Johnson, Libby Goldstein; Louisiana Casting Director: Ryan Glorioso; Associate Casting Director: Josh Ropiequet; Louisiana Associate Casting Director: Justin Coulter I Love La: Mary Vernieu, Bret Howe; Associate Casting Director: Benjamin Bermudez Margo’s Got Money Troubles: David Rubin, Matt Lander; Associate Casting Directors: Jesse Haddock, Djinous Rowling Murderbot: Sharon Bialy, Russell Scott, Sherry Thomas; Toronto Casting Directors: Jason Knight, John Buchan; Associate Casting Director: Stacia Kimler The Paper: Leslie Woo; Associate Casting Directors: Dayna Katz, Julina Baber Young Sherlock: Dan Hubbard, Rory Okey Television Pilot and First Season: Drama A Knight of the Seven Kingdoms Lucy Bevan, Emily Brockmann; Northern Ireland Casting Director: Carla Stronge; Associate Casting Director: Katie Brydon; Northern Ireland Associate Casting Director: Mike Hooley Heated Rivalry Jenny Lewis, Sara Kay; Associate Casting Director: Kalene Osborne Off Campus Deanna Brigidi, Andrea Bunker; Vancouver Casting Directors: Corinne Clark, Jennifer Page; Vancouver Associate Casting Director: Ciarra Cook Pluribus Sharon Bialy, Sherry Thomas, Russell Scott; New Mexico Casting Director: Marie A.K. McMaster Task Avy Kaufman; Philadelphia Casting Directors: Diane Heery, Jason Loftus The Testaments Sharon Bialy, Sherry Thomas, Russell Scott; Canada Casting Director: Robin D. Cook; Associate Casting Director: Stacia Kimler; Canada Associate Casting Directors: Kelly Boaz, Jonathan Oliveira Films, First Released for Television or Streaming Mike & Nick & Nick & Alice Jenny Jue; Vancouver Casting Director: Candice Elzinga Oh. What. Fun. Bernard Telsey, Tiffany Little Canfield; Atlanta Casting Directors: Tara Feldstein Bennett, Chase Paris; Associate Casting Director: Rose Bochner People We Meet on Vacation Mary Vernieu, Jessica Kelly; New Orleans Casting Director: Meagan Lewis; Associate Casting Director: Benjamin Bermudez Remarkably Bright Creatures Lindsay Ahanonu, Mary Vernieu; Vancouver Casting Directors: Corinne Clark, Jennifer Page; Associate Casting Director: Alexandra Presas; Vancouver Associate Casting Director: Ciarra Cook Roommates Mary Vernieu, Sydney Shircliff; New York Casting Director: Christine Kromer; Associate Casting Director: Alexandra Presas The Rip Sharon Bialy, Sherry Thomas; Associate Casting Director: Alyssa Morris Tom Clancy’s Jack Ryan: Ghost War: Natasha Vincent, Lucinda Syson Reality Series: Competition Beast Games (S2) Katy Wallin-Sandalis; Casting Producer: Erin Tomasello Love Island USA (S7) Jodi Thomas, Danielle Gervais, Beyhan Oguz; Casting Producer: Debbie Pierre Pop Culture Jeopardy! (S2) Mindy Zemrak; Casting Producer: Ashley Holt RuPaul’s Drag Race (S18) Goloka Bolte, Adam Cook, Michelle Redwine The Challenge: Vets & New Threats (S41) Lisi Alpert Top Chef (S23) Ron Mare; Casting Producers: Heather Allyn, Joy Barrett, Anna Sturgeon Reality Series: Structured and Unstructured Ladies of London: The New Reign (S4) Erin Tomasello; Casting Producer: Ally Erush My Strange Addiction (S7) Suzie Strosin Queer Eye (S10) Danielle Gervais, Pamela Vallarelli, Natalie Pino; Casting Producer: Jasmin Pettaway Shark Tank (S17) Mindy Zemrak; Casting Producer: Ashley Holt Vanderpump Villa (S3) Suzie Strosin, Kelley Allen, Lindsay Liles Animated Program for Television Bob’s Burgers (S16) Julie Ashton Diary of a Wimpy Kid: The Last Straw Christian Kaplan; Associate Casting Directors: Beth Day, Steven Tylor O’Connor Eb White’s Charlotte’s Web (S1) Danielle Aufiero, Amber Horn Family Guy (S24) Christine Terry, Jackie Sollitto King of the Hill (S14) Leslie Woo, Associate Casting Director: Julina Baber Rick and Morty (S8) Robert McGee International Television Series Acapulco (S4) Susan Vash, Alexandra Niedt Boho (S1) Sien Josephine Teijssen Film Club (S1) Kelly Valentine Hendry, Jessica Mescall Prisoner (S1) Kelly Valentine Hendry; Associate Casting Director: Lilly Hanbury The Big Fuck Up (S1) Sien Josephine Teijssen The House of the Spirits (S1) Roberto Matus Limited Series All Her Fault David Rubin, Matt Lander; Australia Casting Director: Jane Norris; Associate Casting Director: Djinous Rowling Beef (S2) Jeanie Bacharach; Associate Casting Director: Maddalena Zuppetta DTF St. Louis (S1) Francine Maisler, Amber Wakefield; Atlanta Casting Directors: Chase Paris, Tara Feldstein Bennett; Associate Casting Director: Molly Rose; Atlanta Associate Casting Director: Tasha Ward Love Story (S1) Nicole Daniels, Courtney Bright; Associate Casting Director: Jennifer Brooks Murdaugh: Death in the Family (S1) John Papsidera; Atlanta Casting Directors: Amanda Lenker Doyle, Erica Bream; Associate Casting Director: Emily Bohbrink The Beast in Me (S1) Julie Tucker Live Action Children & Family Program for Television Electric Bloom (S1) Collin Daniel, Brett Greenstein; Associate Casting Directors: Alexa Pereira, Danny Dunitz One Piece (S2) Junie Lowry Johnson, Libby Goldstein; Associate Casting Director: Samantha Garrabrant Vampirina: Teenage Vampire (S1) Amber Horn, Danielle Aufiero Wizards Beyond Waverly Place (S2) Alexis Koczara, Christine Shevchenko; Associate Casting Director: Gianna Butler XO, Kitty (S3) David Rapaport, Lyndsey Baldasare; Korea Casting Director: Su Kim; Associate Casting Director: Rosie Lobb, Claire Yenson Zombies 4: Dawn of the Vampires Danielle Aufiero, Amber Horn, Steven Tylor O’Connor; Australia Casting Director: Kirsty McGregor Theater Broadway: Comedy or Drama Arthur Miller’s Death of a Salesman Taylor Williams Becky Shaw Daniel Swee Dog Day Afternoon Bernard Telsey, Karyn Casl; Associate Casting Director: Charlie Hano Giant Daniel Swee Liberation Jillian Cimini; Associate Casting Director: Neal Buckley Proof Daniel Swee Broadway: Musical Cats: The Jellicle Ball Victor Vazquez, Sujotta Pace Ragtime Craig Burns Schmigadoon! Bernard Telsey, Kristian Charbonier The Lost Boys Kristian Charbonier, Craig Burns; Associate Casting Director: Jimmy Larkin The Rocky Horror Show Carrie Gardner, Stephen Kopel; Associate Casting Directors: Neal Buckley, Sujotta Pace London Theatre Avenue Q Rosie Pearson, James Pearson Every Brilliant Thing Jessica Ronane Mary Page Marlowe Jim Carnahan; Associate Casting Director: Liz Fraser Romeo & Juliet Jim Carnahan; Associate Casting Director: Liz Fraser The Lady from the Sea Jessica Ronane War Horse Jill Green; Associate Casting Director: Olivia Laydon Los Angeles Theater Foursome Jordan Bass Here Lies Love Richie Ferris, Michael Donovan Jesus Christ Superstar Bernard Telsey, Lindsay Levine Primary Trust Henry Russell Bergstein The Blank Theatre Company’s Young Playwrights Festival Alexa Pereira New York Theater: Comedy or Drama Anna Christie Bernard Telsey, Will Cantler Ginger Twinsies Xavier Rubiano; Associate Casting Director: Louis Dipaolo Kyoto Jim Carnahan, Alexandre Bleau Meet the Cartozians Daniel Swee Prince Faggot Alaine Alldaffer, Taylor Williams Trophy Boys Charlie Hano What Happened Was… Jim Carnahan, Alexandre Bleau New York Theater: Musical Come from Away Mark Brandon, Jarrett Reiche Heathers: The Musical Jimmy Larkin, Rachel Hoffman Masquerade Kate Lumpkin; Associate Casting Director: Joseph Cook Romy & Michele Mark Brandon, Patrick Maravilla Saturday Church Erica A. Hart, Nicholas Petrovich; Associate Casting Director: Sujotta Pace The 25th Annual Putnam County Spelling Bee Geoff Josselson, Felicia Rudolph Regional Theater A Raisin in the Sun: Katja Zarolinski Amadeus JC Clementz Chez Joey Tara Rubin, Peter Van Dam, Raiyon Hunter; Associate Casting Director: Olivia Paige West Damn Yankees Tara Rubin, Merri Sugarman; Dc Casting Director: Raiyon Hunter; Associate Casting Director: Spencer Gualdoni Dear Evan Hansen Geoff Josselson, Felicia Rudolph Fences David Caparelliotis Freak the Mighty Rachel Hoffman; Associate Casting Directors: Charlie Hano, Jimmy Larkin Working Girl Rachel Hoffman, Rashad Naylor Special Theatrical Performance Bat Boy: The Musical Patrick Goodwin; Associate Casting Director: Jimmy Larkin Bring It On: The Musical Lindsay Levine Come from Away Rachel Hoffman High Spirits Rachel Hoffman La Cage aux Folles Rashad Naylor The Wild Party Bethany Knox West Side Story Xavier Rubiano, Merri Sugarman; Associate Casting Director: Olivia Paige West Theater Tours Stereophonic Alaine Alldaffer Suffs Rachel Hoffman The Notebook: The Musical Patrick Goodwin The Outsiders Xavier Rubiano; Associate Casting Director: Louis Dipaolo The Phantom of the Opera Claire Burke, Peter Van Dam; Associate Casting Director: Frankie Ramirez Commercials Adidas Backyard Legends | The Greatest Football Story Ever Told Kharmel Cochrane Every Human’s Dog – The Farmer’s Dog Chelsea Bloch, Marisol Roncali, Jason Crow Everyone Has Something to Protect Danya Solomon Irn Bru – This Is Not a Soft Drink Sally McCleery The Marketers Chrissy Fiorilli-Ellington; Associate Casting Director: Jane Flowers UKTV ‘U & You’ Tree Petts Short Film & Short Form Series Short Film Hatchlings Salvatore Schiavone, Gianna Butler Marina Danielle Pretsfelder Demchick Mr Benjamin’s Birthday Natasha Ward-Shaw Mushroom Dad Tanya Giang Please Return Your Cart Ryan Maharaj Standby Stephanie Klapper ¡Que Suene la Banda! Jaime Gallagher Short Form Series Country Heartthrob (S1) Howard Meltzer, Tim Pratt Quokka’s Wild Life (S1) Kristin Paiva Strings Attached (S1) Howard Meltzer, Tim Pratt The Family Car: An American Love Story Isis Masoud Very Important People (S3) Jazzy Collins Skydance CEOs Meet The Press On Day 1 With Lots Of Promises, Few Answers Jed Mercurio Among Bidders To Be Next ‘Doctor Who’ Producer Facebook Exposed In Aaron Sorkin’s Stirring Thriller ‘The Social Reckoning’ Michelle Yeoh Teases ‘Blade Runner 2099’; Zhang Yimou On ‘Three-Body Problem’ Read More About: Comments",0,2026-10-07 16:16:46
6,https://deadline.com/2026/10/michael-irby-cast-miami-vice-85-lou-rodriguez-1237148477/,Michael Irby Cast In Universal’s ‘Miami Vice ’85’ As Lt. Lou Rodriguez,Deadline,2026-10-07T16:00:00,4472,"Skip to main content By Rosy Cordero Rosy Cordero Associate Editor, TV @SocialRosy More Stories By Rosy André Holland Joins Universal’s ‘Miami Vice ’85’ Peri Gilpin To Play Brooke Shields’ Sister In Acorn TV’s ‘You’re Killing Me’ ‘Tulsa King’ Renewed For Season 5 With Move To NY; Scarlet Rose Stallone Promoted & Erik Palladino Among New Cast View All October 7, 2026 9:00am Add us as a Google Preferred Source L to R: Michael Irby and Gregory Sierra as Lt. Lou Rodriguez in 'Miami Vice' TV Series Getty, Universal TV EXCLUSIVE: The cast of Universal’s Miami Vice ’85 continues to expand with Michael Irby ( Mayans M.C., Barry) joining the fold. Michael B. Jordan and Austin Butler lead the film as Ricardo Tubbs and Sonny Crockett, respectively. Alden Ehrenreich , Whitney Peak , Camila Morrone , John Leguizamo , Danny Ramirez and Walton Goggins also star. Irby will play Lt. Lou Rodriguez, sources close to production reveal. The original character in the hit NBC series Miami Vic e, who was boss of Metro-Dade Police Department’s Organized Crime Bureau, Vice Division, was played by Gregory Sierra. Rodriguez was killed off after four episodes at Sierra’s request to be written out because he didn’t want to move to Miami. His exit made way for Edward James Olmos to take the reins as Lt. Martin Castillo, beginning in Episode 6 of the crime drama’s freshman season. Watch on Deadline Related Stories Casting André Holland Joins Universal's 'Miami Vice '85' Casting Walton Goggins Joins Michael B. Jordan And Austin Butler In 'Miami Vice '85' At Universal The feature puts Irby on the opposite side of the law from his roles in FX’s Mayans M.C. and HBO’s Barry , where he played President of the Mayans Motor Cycle Club Obispo “Bishop” Losa and Bolivian mob boss Cristobal Sifuentes, respectively. Gregory Sierra with Philip Michael Thomas as Ricardo Tubbs and Don Johnson as Sonny Crockett in ‘Miami Vice’ pilot Universal Television From screenwriter Dan Gilroy and director Joseph Kosinski, Miami Vice ’85 explores the glamour and corruption of mid-1980s Miami in an all-new version of Miami Vice . The film is inspired by the pilot episode of the 1984-90 NBC series, titled “Brother’s Keeper,” which aired on September 16, 1984. Written by series creator Anthony Yerkovich and executive produced by Michael Mann, the two-hour series premiere of Miami Vice introduced the world to Vice cop Sonny Crockett (Don Johnson) and New York detective Ricardo Tubbs (Philip Michael Thomas), who are brought together by destiny, though they do not really vibe at first. They eventually become partners, but first they investigate Colombian drug lord Calderone (Miguel Piñero), the show’s main antagonist across Season 1. In the episode, it’s revealed why Crockett and Tubbs have beef that runs deep with Calderone. For Tubbs, he’s visiting SoFla seeking revenge for his slain brother, who was taken down after the cartel leader put out a hit on his life. Crockett also has reason to want Calderone off the streets: the crime boss killed the former’s partner Eddie Rivera (Jimmy Smits) early in the pilot. Despite first appearances, Crockett and Tubbs decide they want to work together, taking down bad guys in the Magic City and having some fun in between. Aside from the Crockett and Tubbs intro, the episode is famously known for a driving scene where the duo is in Crockett’s black Ferrari Daytona Spyder while listening to Phil Collins’ song In the Air Tonight . Also notable, though not from this episode, Leguizamo portrayed Calderone’s son Orlando twice in the series. Leguizamo will also star in Miami Vice ’85 , though it is as yet unknown if he will reprise the role. The movie will be filmed for Imax and is set for release on May 19, 2028. Production will begin this year. Miami Vice ’85 is being produced by Dylan Clark/Dylan Clark Productions ( The Batman , The Penguin ) and Kosinski ( F1 ). Gilroy is writing the script, based on characters created by Yerkovich from the series executive produced by Yerkovich and Mann. Eric Warren Singer wrote an earlier draft of the screenplay. Irby is represented by Independent Artist Group and Coronel Group. Skydance CEOs Meet The Press On Day 1 With Lots Of Promises, Few Answers Jed Mercurio Among Bidders To Be Next ‘Doctor Who’ Producer Facebook Exposed In Aaron Sorkin’s Stirring Thriller ‘The Social Reckoning’ Michelle Yeoh Teases ‘Blade Runner 2099’; Zhang Yimou On ‘Three-Body Problem’ Read More About: Comments",0,2026-10-07 16:16:45
5,https://deadline.com/2026/10/kim-kardashian-alls-fair-season-2-release-date-trailer-1237148432/,Kim Kardashian-Led ‘All’s Fair’ Sets Season 2 Release Date; Unveils Trailer,Deadline,2026-10-07T16:00:00,2918,"Skip to main content By Denise Petski Denise Petski Senior Managing Editor More Stories By Denise ‘Saved By The Bell’ Star Dennis Haskins’ Cause Of Death Revealed Apple TV’s ‘Beat The Reaper’ Expands Cast With Damon Herriman, Stephanie Nur, Artoun Nazareth & Molly Price Warner Bros. Water Tower Repainted To Add “A Skydance Corporation” Following Merger Close View All October 7, 2026 9:00am Add us as a Google Preferred Source “Vengeance is a savage game.” So begins the trailer for Season 2 of Ryan Murphy ‘s legal drama All’s Fair, starring and executive produced by Kim Kardashian . Hulu has set Wednesday, November 4 for the Season 2 premiere. It will launch with three episodes, on Hulu, Hulu on Disney+ and Disney + internationally, with new episodes dropping each Wednesday. Main cast also Naomi Watts, Niecy Nash-Betts, Teyana Taylor, Matthew Noszka, Sarah Paulson and Glenn Close, as well as new Season 2 series regular Cauã Reymond. All’s Fair follows Allura Grant (Kardashian), who sets up a female divorce attorney firm with Liberty Ronson (Watts) and Emerald Greene (Nash-Betts) — as well as assistant Milan (Taylor), who is also sleeping with Grant’s NFL husband Chase Munroe (Noszka) — after leaving a male-dominated firm with the support of Dina Standish (Close). The group navigates high-stakes breakups, scandalous secrets and shifting allegiances — both in the courtroom and within their own ranks — as well as a fierce rivalry with competitor Carrington Lane (Paulson). Related Stories News 'North Of North' Gets Season 2 Release Date On Netflix & Trailer News 2026 Premiere Dates For New & Returning Series On Broadcast, Streaming & Cable Additional guest stars include Dorinda Medley, Noah Fearnley, Denise Richards, Jaime Pressly, and Margo Martindale. Previously announced guest stars include Nyle DiMarco, Lady Bunny, Olivia Lux, Marcia Marcia Marcia, Jewels Sparkles, Bob the Drag Queen, Daya Betty and Monet X Change. Watch on Deadline Season 2 will see the lawyers of Grant, Ronson & Greene back for another season of scandals, secrets, and stilettos. As new allegiances form, friendships are tested, and a shocking revelation threatens the very existence of the firm. All’s Fair is produced by 20th Television in association with Ryan Murphy Television. Executive producers include Ryan Murphy, Kim Kardashian, Kris Jenner, Nina Jacobson, Brad Simpson, Joe Baken, Nissa Diederich, Scott Robertson, Eric Kovtun, Anthony Hemingway, Louise Shore, Tanase Popa, Glenn Close, Naomi Watts, Sarah Paulson, Niecy Nash-Betts, Teyana Taylor and Lyn Greene. Check out the trailer above. Skydance CEOs Meet The Press On Day 1 With Lots Of Promises, Few Answers Jed Mercurio Among Bidders To Be Next ‘Doctor Who’ Producer Facebook Exposed In Aaron Sorkin’s Stirring Thriller ‘The Social Reckoning’ Michelle Yeoh Teases ‘Blade Runner 2099’; Zhang Yimou On ‘Three-Body Problem’ Read More About: Comments",0,2026-10-07 16:16:44
4,https://deadline.com/2026/10/throttled-movie-cast-julio-pena-joins-1237147757/,Julio Peña Set For Third Lead Role In Amazon MGM Romance ‘Throttled’,Deadline,2026-10-07T16:00:00,2599,"Skip to main content By Matt Grobar Matt Grobar Senior Film Reporter More Stories By Matt David Krumholtz Joins ‘The Trial Of Louise Woodward’ At HBO After Mulling “Indefinite Break” From Acting Ben Shapiro Decries Suspension Of Production On Daily Wire Movie ‘Pawn Shop’ As Shoot Resumes: “Politics, Pure And Simple” Jessica Biel Joins Searchlight Pictures’ ‘Playmates’ View All October 7, 2026 9:00am Add us as a Google Preferred Source Julio Peña Isaac Morell Julio Peña , the Spanish actor from Netflix’s teen romantic drama trilogy Through My Window , is set for the third starring role in the new Amazon MGM romance Throttled . He joins previously announced Josh Heuston and Nicole Wallace . Based on the first book in Lauren Asher’s Dirty Air series, Throttled centers on Wallace’s Maya Alatorre, an ambitious woman who joins her older brother on the Formula One racing circuit and falls into a forbidden, high-stakes romance with his ruthless teammate and fiercest racing rival, Noah Slade (Heuston). Related Stories Acquisitions Amazon MGM Snaps Up ‘Throttled’ Romance Based On Lauren Asher Book; ‘Off Campus’ Star Josh Heuston Leads Cast Casting Nicole Wallace Joins Josh Heuston In Amazon MGM Romance ‘Throttled’ Peña plays the brother character, Santi Alatorre. Watch on Deadline Nzingha Stewart is directing Throttled from a script by Melissa Osborne. Max Handelman and Elizabeth Banks of Brownstone Productions are producing along with Ethea Entertainment’s Jennifer Gibgot and Andrew Panay, as well as Garrett Grant. Alison Small of Brownstone and Asher are exec producing. Amazon MGM announced its acquisition of the project for streaming earlier this month. Peña’s Netflix trilogy Through My Window is based on the Hidalgo Brothers book series by Ariana Godoy; its first installment logged 68 million views in its first two weeks on the streamer in February 2022. Last year, the actor was seen starring in The Captive , a 16th century drama from director Alejandro Amenábar that premiered at TIFF. He’s also been seen starring in the Money Heist spinoff Berlin and will be seen coming up in the untitled Meta series based on A24’s breakout horror film Talk to Me . Based in Madrid, he’s repped by Anonymous Content, YouRock Talent Partners, and Jackoway Austen Tyerman. Skydance CEOs Meet The Press On Day 1 With Lots Of Promises, Few Answers Jed Mercurio Among Bidders To Be Next ‘Doctor Who’ Producer Facebook Exposed In Aaron Sorkin’s Stirring Thriller ‘The Social Reckoning’ Michelle Yeoh Teases ‘Blade Runner 2099’; Zhang Yimou On ‘Three-Body Problem’ Read More About: Comments",0,2026-10-07 16:16:43
3,https://deadline.com/2026/10/oscars-saudi-arabia-a-matter-of-life-and-death-1237146536/,Oscars: Saudi Arabia Submits ‘A Matter Of Life & Death’ For Best International Feature Film,Deadline,2026-10-07T16:00:00,4753,"Skip to main content By Melanie Goodfellow Melanie Goodfellow Senior International Film Correspondent @mel_goodfellow More Stories By Melanie Low Light Films Boards Jane Schoenbrun EP’d ‘The Arrow At Rest’ + First Clip The Coven Boards Australian Slasher ‘The Only One’ Starring Mel Jarnson & Saphira Moran ‘Lucy Lost’ & ‘Submarine Jim’ Animation Studio Xilam Sets Management Reshuffle View All October 7, 2026 9:00am Add us as a Google Preferred Source 'A Matter of Life and Death' Film Clinic, Front Row Productions, Arabia Pictures Group, Rotana Studios The Saudi Film Commission has selected Anas Ba Tahaf’s A Matter of Life and Death as Saudi Arabia ’s official submission for Best International Feature Film at the 99th Academy Awards. Local stars Yaqoub Alfarhan ( Scales , Norah ) and Sarah Taibah ( Mandoob ) play an unlikely couple whose love blossoms against the odds in the Jeddah-set feature, one of the quirkiest local romantic-come-black comedies to come out of Saudi Arabia since the lifting of its 35-year cinema ban in 2017. Related Stories News Oscars 2027 International Feature Film Submissions By Country: Denmark, Italy & Spain Among Latest To Declare Below The Line 2026-27 Awards Season Calendar: Oscars, Emmys, Grammys, Guilds & More Taibah, who also wrote the screenplay, plays Hayat, a fiercely independent young woman convinced that a generational curse will kill her on her 30th birthday. Having made peace with dying, she crosses paths with Yousef (Alfarhan), a brilliant but emotionally detached heart surgeon living with bradycardia. His abnormally slow heartbeat only seems to quicken when he comes close to death or to killing. As a surgeon surrounded every day by the fragile line between life and death, temptation is never far away. She wants to die, he wants to kill, and they should be perfect for each other. Then, inconveniently, they fall in love. Watch on Deadline The cast also features Hosam Al Harthy, Fay Fouad, Amani Aljameel, Ghada Aboud, Rahaf Ibrahim and Najla Alabdullah, with production design by Ibrahim Khorma. The film world premiered at the Red Sea International Film Festival in December 2025, before opening theatrically across Saudi Arabia on June 25, 2026 . It later received a Jury Special Mention at the 12th Saudi Film Festival, where Taibah won the Golden Palm for Best Acting for her performance as Hayat. Director Ba Tahaf previously worked as coproducer, editor and first assistant director on Mahmoud Sabbagh’s Barakah Meets Barakah , which represented Saudi Arabia in the Best Foreign Language Film category at the 89th Academy Awards. A Matter of Life and Death is produced by Mohamed Hefzy for Film Clinic , Gianluca Chakra for Front Row Filmed Entertainment, and Abdulelah Alahmary and Ahmad Taema for Arabia Pictures, with support from the Red Sea Fund. Front Row Filmed Entertainment is handling international sales. “Hayat is impulsive, funny, stubborn, fearless and spectacularly headstrong, a contemporary Saudi woman written without explanation or apology. Her independence is not the story. It is simply who she is,” wrote Front Row in a statement announcing the Saudi Oscar entry. “The film’s originality lies as much in how it is told as in its premise. Its heightened visual style moves confidently between romance, fantasy and black comedy, shifting tone without settling neatly into any one genre. When the mythology behind Hayat’s curse is revealed, live action briefly gives way to a handcrafted, gothic animated sequence, adding another unexpected layer to the film’s visual language.” “Together, these elements give A Matter of Life and Death an identity that stands apart within Saudi cinema and feels equally distinctive within Arab filmmaking more broadly. Set and shot in Jeddah, the city is integral to that identity. Its streets, architecture, humour, language and contradictions are woven into the story, grounding its increasingly fantastical world in a recognisable contemporary reality.” Written by and starring Sarah Taibah alongside Yaqoub Al Farhan, the film is produced by Film Clinic, Front Row Filmed Entertainment and Arabia Pictures, with Front Row handling international sales. Saudi Arabia, which first started submitting films to the Oscars in 2013, kicking off with Haifaa Al-Mansour’s Wadjada. Subsequent entries have included Barakah Meets Barakah (2016) and Shahad Ameen’s Hijra last year. The country has yet to be nominated. Skydance CEOs Meet The Press On Day 1 With Lots Of Promises, Few Answers Jed Mercurio Among Bidders To Be Next ‘Doctor Who’ Producer Facebook Exposed In Aaron Sorkin’s Stirring Thriller ‘The Social Reckoning’ Michelle Yeoh Teases ‘Blade Runner 2099’; Zhang Yimou On ‘Three-Body Problem’ Read More About: Comments",0,2026-10-07 16:16:42
36,https://variety.com/2026/tv/markets-festivals/r91-murder-mystery-aircraft-carrier-m6-snd-prime-video-1236863118/,"In a Groundbreaking Premium Drama, ‘R91’ Brings a Murder Mystery Aboard Flagship French Aircraft Carrier",Variety,2026-10-07T15:58:43,8458,"Oct 7, 2026 8:58am PT In a Groundbreaking Premium Drama, ‘R91’ Brings a Murder Mystery Aboard Flagship French Aircraft Carrier In this fictional 6-part drama brought to market at Mipcom by SND, France's R91 Charles de Gaulle becomes the setting of a gritty, realistic thriller powered by M6 and Prime Video, produced by Next Episode (UGC Group) and born out of the mind of co-creator, co-writer and producer Henri Debeurme By Kevin Giraud Plus Icon Kevin Giraud Latest BBC, Bobby Prod, Folivari, Gao Shan Pictures Honored by Europe’s Animation Industry at Cartoon Forum 3 weeks ago Upcoming Canadian Animated Series Shine At Cartoon Forum 2026 3 weeks ago Heartfelt, Rare Animated Belgian Feature ‘Juul’ Headlines Studio 100 Film’s Expanding Slate at TIFF Market 3 weeks ago See All 'R91' Courtesy of SND Mediterranean Sea, present day. France’s nuclear aircraft carrier R91 – Charles de Gaulle aka “Le Charles” has just set sail on a threat-assessment strategic mission. When a crew member is found dead and another goes missing, military investigator Paul Fischer (Alban Lenoir, “Lost Bullet”) is rushed aboard. With second-in-command Helena Duval (Elodie Yung, “Marvel’s Daredevil,” “The Cleaning Lady”), they must hunt for the truth before the killer strikes again in the dark corners of the floating fortress. Related Stories 'Angus, Thongs and Full-Frontal Snogging' Pilot Set at Netflix Pam Levine Exits Netflix as Marketing & Publicity VP (EXCLUSIVE) With 2,000 souls on board, the stakes are high and suspicion spreads, as the mission turned murder investigation slowly transforms into a global security crisis. Popular on Variety Henri Debeurme, co-creator, co-writer, producer of ‘R91’. Credits Fanta Kaba A Series Mania winner “R91” marks the first ever co-acquisition between Amazon Prime Video France and leading free-to-air network M6 , with international sales handled by SND . It was born at the Cannes Film Festival in 2024, as producer, co-creator and co-writer Henri Debeurme at Next Episode Productions, part of UGC Group, exited the world premiere of “Top Gun: Maverick.” As he recalls to Variety ahead of the series’ own world premiere in La Rochelle Fiction Festival , his childhood desire to make such high-end productions in France was triggered once again by the Top Gun’s striking imagery, and by a chance encounter with Brigitte Maccioni, CEO of UGC Group. Maccioni, who had been part of the French Navy citizen reserve, had worked on “Le Charles” and met a few people during her time aboard the ship. “She opened a crack in the door for me, and when you find doors like that, you have to push and open them,” recalls Debeurme. “And that gave me the impetus to imagine a series that could take place on an aircraft carrier such as the Charles de Gaulle.” However, the seasoned creative took his time, building his script with co-writers, co-creators Mathilde Arnaud and Yoann Legave, and discussing with broadcasters and partners at M6, UGC and Prime Video. “The first constraint of such an endeavor is a narrative one,” he explains. “Writing a story set on a warship brings specific challenges, as you have to find plot twists within this defined setting. Series set entirely in a single location are not that common, and they’re often relying on claustrophobia to add tension, such as submarine series or family dramas.” He adds: “With ‘R91,’ we tried something new. A spectacular, closed-room drama also opened to the outside world. Ultimately, the aircraft carrier setting was more of an advantage than an restraint, as we discovered it to be a true floating village, open to the outside world, the sea and the sky. It became a source of ideas, inspiration, and unexpected turns.” Even though “R91” is entirely fictional, the teams wanted credibility and authenticity. And with the ambition of shooting almost the entire series at sea, it was key to have the French Navy on board. Debeurme approached them after refining his concept with his teams and broadcasting partners, and the Navy authorities eventually proved easy to convince. “They were welcoming, without willing to control us in any way. It was accompaniment during the whole process, as long as we didn’t interfere with their actual daily jobs.” With that in mind, Debeurme and his teams set out to build the most intricate, complex shooting schedule he’s ever created. “We had authorization to board the ships during military exercises, and we filmed for 15 days at sea, notably on the Charles, on the sole condition we didn’t disrupt their movements, and that we brought everything we needed with us. The preexisting exercises we joined, such as bridging and catapult launches, were planned a long time before, and we had to match their schedule.” Schedules that would change on a daily basis. By the end of shooting, not a single day had gone as planned, adds Debeurme. “We basically had to film a complex, fictional series as we would a documentary, doing a 10-minute take out of the blue because an helicopter is landing, and we want actors to be getting out of it, or saying their lines in front of it. Sometimes, we’d have to shoot with aircrafts landing or being launched on top of us, which makes tremendous noise. To be honest, it was completely insane and ended up being the most complicated shooting I’ve ever done in my entire career. We had to constantly adapt.” These conditions eventually bonded the teams, as well as helped them connect with the sailors themselves. “Their flexibility and open-mindedness helped us and made us feel like we were fully immersed. In some ways, film crews and navy crews share similarities. Both are very ordered collectives where everyone is an expert in their field, and we all are equally passionate about our jobs.” Using generative AI or stock footage was never Debeurme’s intention. “We filmed on different ships and also built sets in a studio for locations that were too cramped, inaccessible or too complex for VFX. But the vast majority took place on real warships, with working sailors. We wanted to film real people, real things. This authenticity was always at the core of our process, and that involves humans. French, world-class talents and artists that helped us bring this project to life with a fraction of the budget of U.S. dramas.” Expanding on French drama series, Debeurme praised his colleagues and fellow artists presenting audacious, imaginative projects in La Rochelle. “Throughout my career, I’ve had many projects where people told me it was something that could be done only in the US. ‘A series set on an aircraft carrier? No, we are terrible at that,’ people would say. But I actually disagree. I think we have exceptional teams in France, powerful imagination and a wealthy pool of talent, and we shouldn’t be afraid to try new things.” “R91” showcases this boldness, which shone also in La Rochelle with premium period dramas such as “Swapped,” unique in its own way. As he heads to the festival, Debeurme is incredibly thankful for all who helped bring this crazy dream project to life. “It’s a huge source of pride, and a childhood dream of mine. And for me, it still is all about movies and TV series that make my dreams come true. As a writer-producer on this show, I’m glad to see I could pull off such an ambitious project, and that having these two roles in a European context is possible. And beyond my own experience, it also proves that we’re still in a world where, even if matters are very difficult and the industry is under a lot of pressure, you can still do great things when you use your imagination and conviction.” Following up its world premiere, “R91” will debut on Prime Video in the near future, before airing on M6. ‘Will You Still Be My Friend’ Director Lu Po-Shun on Finding Common Ground From San Sebastian to Busan Ray Panthaki Debut, Jose Maria Cabral, Frederic Baillif Pics Make the Cut at Tallinn Black Nights Official and First Films Competitions Prime Day Blu-ray Deals Include 50% Discounts on Dozens of Films and Boxed Sets: ‘Boogie Nights, ‘Pulp Fiction,’ ‘The Sopranos’ and More George Cheeks Addresses Staffers in First Memo as Skydance TV Co-Chair: ‘CBS Remains a Cornerstone’ Saoirse Ronan Responds to James Bond Rumors About Husband Jack Lowden: ‘Not Really a Subject That’s Coming Up in Our House’ Josh Goldstine to Oversee Marketing and Distribution at Warner Bros., Paramount and All Skydance Film Labels (EXCLUSIVE) Loading comments...",0,2026-10-07 16:17:19
37,https://variety.com/2026/film/reviews/satoko-always-review-1236904433/,‘Satoko Always’ Review: A Trio of Women Find Their Inner Voice in Shuichi Okita’s Delightful Celebration of the Art of Writing,Variety,2026-10-07T15:53:04,6991,"Oct 7, 2026 8:53am PT ‘Satoko Always’ Review: A Trio of Women Find Their Inner Voice in Shuichi Okita’s Delightful Celebration of the Art of Writing Kasumi Arimura, Hikari Ishida and young breakout Kashun Himeno play three women with the same name, who tap into their creative sides in this charming Busan competition entry. By James Marsh Plus Icon James Marsh Latest ‘The Table: Day and Night’ Review: Café-Based Korean Romance With Kim Min-ha and Han Sun-hwa Is All Froth, No Kick 18 hours ago See All Three total strangers, with nothing in common except their name, are each inspired to take up writing in “ Satoko Always ,” writer-director Shuichi Okita ’s surprising and inventive celebration of womanhood and the art of literary composition. Kasumi Arimura is the undeniable headliner, but the popular starlet is matched every step of the way by veteran actress Hikari Ishida and especially Kashun Himeno, who unleashes an eye-catching, potentially star-making turn as a junior high school student experiencing her first taste of true love. Related Stories ‘Tyson’ Trailer: Mike Tyson Chronicles His Journey From Dropout to Heavyweight Champion in Netflix Docuseries Danny Boyle Says ‘28 Years Later Part 3’ Will ‘Have a Lot of Cillian Murphy in It’ and Backs Jack O’Connell as the Next James Bond Having already debuted domestically last month, the film makes its international debut in Busan’s competition section, where it is sure to draw praise for Okita’s wonderfully woven screenplay, together with its triumvirate of stellar performances. Similarly, cast and creator’s robust reputation should likely ensure the film secures healthy distribution across Asia and select western markets. Popular on Variety Plucky teenager Satoko Nakai (Himeno) is first introduced with a nebulizer thrust up her nose. She is being treated for allergic rhinitis, which immediately becomes a non-issue when her handsome classmate Hayase (Toharu Ogawa) appears beside her, ready to be administered a similar treatment. They hit it off famously, and although Satoko is initially put off when Hayase blanks her at school, their regular sessions at the ENT clinic soon bring them closer together. Unfortunately, Satoko’s rhinitis interferes with her sleep, causing her to doze off at a kabuki performance she had been assigned to write a report on. Rather than turn in a blank paper, Satoko conjures up a work of pure fiction, which, much to her surprise, is warmly received by her teacher, Ms. Terao (Yoh Yoshida), who encourages her to indulge her passion for creative writing. She is tasked with penning a love letter to her favourite food, and the resulting ode to shiokara (fermented shrimp) is in fact a thinly veiled declaration of her blossoming adoration for Hayase. Okita’s screenplay gleefully challenges cinematic conventions, persistently playing with the viewer’s comprehension of what is actually unfolding, and what is mere fantasy, bursting from the pen of this newly inspired wordsmith. While never allowing this metatextual mischievousness to derail the narrative, these ideas flow seamlessly into the second chapter, in which thirty-something film publicist Satoko Nishida (Arimura) writes and feasts on shiokara when not indulging her passion for ludicrously romantic K-dramas. We are told this is not the same person, and yet they share so many things in common. At work, Satoko attempts to create a campaign for a new Korean baseball drama that her company is releasing, but after hours she is involved in an extramarital affair with a business associate, Muramoto (Joe Odagiri). That dalliance reaches a potentially lethal tipping point that leaves Satoko in the hospital, newly inspired to create a romantic fairytale of her own. Later still, we are introduced to Satoko Iijima (Ishida), who again shares many defining features with her two namesakes, albeit with just enough subtle differences to keep the audience on the back foot. Happily married and the mother of three boys, Satoko has been playing the dutiful housewife for years, but when her youngest, Shota (Mansaku Takada), reveals that he will be moving out when he starts university, the prospect of being an empty-nester sends her into a tailspin. She reminisces about a boy she knew growing up, and from there is inspired to create a story of her own, which the film realises through a visually dynamic combination of live-action and stop-motion animation. To reveal more of Okita’s endlessly surprising and playfully ambiguous script would be to rob audiences of the film’s numerous pleasures, which run the gamut from hearty belly-laughs to heartbreaking melodrama. The veteran storyteller, known for such surprising and rewarding works as “The Woodsman and the Rain” (2011) and “The Story of Yonosuke” (2013), not only dazzles with his dextrous interweaving of character and style, but also honors the craft of writing itself, spotlighting the texture and feel of paper, pencil and eraser. Even when his characters do use a computer screen, Okita shoots so tight on the cursor and characters, even their intricate composition appears tactile and sculpted. A film about indulging our yearning to open our hearts and tell stories, not for the entertainment of others or financial reward, but as a creative and emotional outlet to nurture one’s own sanity and well-being, “Satoko Always” cannot help but inspire the creative voice inside us all. That it is also a film about women, lifting them up without any compulsion to push men down in the process, is the final flourish in a work that achieves much with a gently assured touch. ‘Satoko Always’ Review: A Trio of Women Find Their Inner Voice in Shuichi Okita’s Delightful Celebration of the Art of Writing Reviewed at Busan Film Festival (Competition), Oct. 7, 2026. Running time: 138 min. Production: (Japan) An Amuse Creative Studio production. (World sales: Hakuhodo DY Music & Pictures, Tokyo.) Producers: Ryuhei Tsutsui, Miyuki Sato, Suguru Kubota, Yuya Tanaka. Crew: Director, screenplay: Shuichi Okita. Camera: Akiko Ashizawa. Editor: Masaya Ozaki. Music: Satoko Shibata. With: Kasumi Arimura, Hikari Ishida, Kashun Himeno, Joe Odagiri, Yoh Yoshida, Mansaku Takada, Yuzu Aoki, Michitaka Tsutsui, Toharu Ogawa, Yuko Nakamura, Kanata Hosoda. (Japanese dialogue) Chinese Landscape Painting Film Series Will Run to a Fourth Installment, Says ‘First Taste of Loneliness’ Director Gu You (EXCLUSIVE) Josh Goldstine to Oversee Marketing and Distribution at Warner Bros., Paramount and All Skydance Film Labels (EXCLUSIVE) From ‘Toy Story 5’ and ‘Paw Patrol’ Toys to Baby Gear, These Are the Best Finds from Amazon Prime Big Deal Days Singapore Film Festival Stands by ‘The Assassin(s)’ After Korean Conservatives Demand It Be Dropped ‘Line of Duty’ Creator Jed Mercurio Submits ‘Doctor Who’ Bid to BBC ‘Mami Wata’ Director C.J. Obasi, ‘Khartoum’ Filmmaker Ibrahim Ahmad and More Take New Projects to Durban FilmMart’s Co-Production Forum Loading comments...",0,2026-10-07 16:17:20
45,https://www.hollywoodreporter.com/music/music-features/grammys-predictions-olivia-rodrigo-olivia-dean-1236723327/,Grammy Predictions: It’s a Race Between Olivia and Olivia,Hollywood Reporter,2026-10-07T15:45:00,7895,"× Skip to main content Illustration by Andrew Archer If you knew a year ago that the next 12 months would yield albums from Taylor Swift, Harry Styles and Bruno Mars, you probably would have placed your bets on Grammy nominations right then. But as the announcement of the finalists for the 2026 awards approaches, none of those juggernauts feels like frontrunners for the big prizes. Instead, the spotlight has pivoted to two 20-something women named Olivia. Those superstar releases certainly weren’t flops; Swift’s The Life of a Showgirl was the fastest-selling album of all time, and Styles is in the middle of a record-breaking 30-night stand at Madison Square Garden, while Bruno Mars spent much of the year near the top of the charts with The Romantic lead single “I Just Might.” But for three historic Grammy darlings who’ve all won album of the year over the course of the past decade, they all ultimately seemed to come up short either commercially or critically and don’t quite carry the expected enthusiasm or momentum into awards season. Related Stories Movies Actor Jack Reynor to Be Honored at the Oscar Wilde Awards (Exclusive) THR Cover Story Olivia Rodrigo: The Queen of Sad Finds Her Happy Place Bruno Mars Kevin Mazur/Getty Images As Grammy season comes into full swing, one of the biggest questions the Recording Academy will need to wrestle with is how to handle the current surge in popularity for country music. In September, for the first time ever, the top five slots on the singles chart were all held by country songs — most notably, Ella Langley’s “Choosin’ Texas,” which recently broke the record for longest stay at No. 1. Langley seems an obvious lock for best new artist, but the academy has steered clear of Nashville when it comes to the big awards; the only “mainstream” country releases ever to win album of the year were Swift’s 2010 Fearless and Glen Campbell’s By the Time I Get to Phoenix in 1968. (Kacey Musgraves’ Golden Hour won in 2019, though that’s more of an alternative country album than a traditional country radio-friendly project.) Ella Langley Courtesy of Columbia Records Meanwhile, Morgan Wallen (whose Still the Problem Tour just became the highest-grossing country tour in history) continues to boycott the Grammys, as does Drake, whose three 2026 albums and summer anthem “Janice STFU” may otherwise have been in awards contention. Adding to this ongoing mess, BTS opted not to submit their album Arirang , protesting the addition of a new K-pop category, which they believe will hinder Korean artists’ chances for consideration for the general pop awards. So with all of those options either off the table or looking at diminished expectations, that brings us to Olivia Rodrigo and Olivia Dean . Both previous best new artist winners, both beloved across multiple genres, they’re clearly the acts in pole position in a year when it’s unlikely that any one artist is going to dominate the ceremonies. Rodrigo’s New Wave-inflected You Seem Pretty Sad for a Girl So in Love tips toward younger fans and garners more of a rock following, while Dean’s The Art of Loving leans R&B with a more mature audience. Rodrigo’s album, released in June, could benefit from recency bias, coupled with the buzz around her Daisy Chain Fields Music Festival, but Dean has a case for longevity, still parked in the top 10 after a full year. Olivia Rodrigo, Noah Kahan and Olivia Dean JMEnternational/Getty Images; Joseph Okpako/WireImage; Christopher Polk/Billboard/Getty Images Both are sure things for album of the year nods, with a possible slight edge to You Seem Pretty Sad , constructed as more of a top-to-bottom “album” chronicling the beginning, middle and end of a relationship. Elsewhere in the category, British soulstress Raye’s This Music May Contain Hope wasn’t the same commercial smash, though she’s still the kind of ambitious, old-school artist that Grammy voters like — as is Noah Kahan, whose The Great Divide will get the recognition that his powerhouse Stick Season was denied. Even if Swift’s Showgirl and Bruno Mars’ The Romantic haven’t gotten the same reception as their best loved works, they still seem too big to fail and likely will get nominated. If any “legacy” artists make the cut, signs point to Madonna — whose Confessions II was widely lauded as her strongest effort in 20 years, a more compelling story than steady new albums from Paul McCartney and The Rolling Stones. At the cool kids table, Rosalía’s jaw-dropping Lux was a (deserving) critical favorite and, following last year’s win for Bad Bunny’s Debí Tirar Más Fotos , it would be a bad look not to include a Spanish-language artist. From the indie rock world, Phoebe Bridgers’ Lost Weekend is her acclaimed solo return after 2023’s seven-times-nominated, three-time Grammy-winning boygenius album The Record . Rosalía Kevin Mazur/Getty Images It was a quiet year for hip-hop, so while J. Cole’s “farewell album” The Fall-Off and Don Toliver’s Octane are remote possibilities to sneak into a nomination slot, for the Grammys, it increasingly feels like Kendrick Lamar or nothing. Musgraves’ Middle of Nowhere was considered a return to form, but if voters lean into a country project, it’s hard to imagine anything other than Langley’s Dandelion getting the nod this year. Which leaves Styles as the odd man out. If the sin of Mars’ album was being too predictable, Styles’ bold and unexpected Kiss All the Time. Disco, Occasionally was tougher for fans and, likely, for Grammy voters; the album sunk rapidly on the charts and (despite the support that led to Harry’s House winning the album prize in 2023 over Adele, Beyoncé and Lamar) could come up short this time. Both Olivias also will feature in the record and song of the year categories, with Ms. Dean’s breezy, omnipresent “Man I Need” a favorite. It’s not clear which songs Rodrigo will submit where — maybe “Drop Dead” goes stronger as a recording and “The Cure” is a better fit for the songwriters’ award, but we shall see. Raye’s irrepressible “Where Is My Husband!” is a clear record of the year contender, and “Choosin’ Texas” feels certain to make it to the finals. Kahan’s title track, Tame Impala and Jennie’s collaboration “Vampire” and Mars’ “I Just Might” are in the running, and Sienna Spiro’s “Die on This Hill” has made her the latest U.K. pop-soul crossover (in the tradition of Amy Winehouse, Adele, etc.), a sound that consistently plays into Grammy voters’ tastes. Song of the year will offer most of the same names as the record of the year picks, though here Dean might switch her entry to “So Easy (To Fall in Love),” co-written by Grammy favorite Amy Allen. Longer shots include Styles’ “Aperture,” PinkPantheress and Zara Larsson’s “Stateside” and Brandi Carlile’s battle cry for the U.S. Constitution, “Church and State.” Then of course there’s T-Swift, who despite her legendary legacy has never won for record or song of the year. “The Fate of Ophelia” was a huge hit, spending 12 weeks at No. 1. But “I Knew It, I Knew You,” from the Toy Story 5 soundtrack, marked her return to country radio and might read as more of a “songwriter” song; when she recently did a rare interview event with Grammy CEO Harvey Mason Jr., it was the one Grammy-eligible song she performed. Taylor Swift, The Life of a Showgirl Courtesy of Mert Alaz & Marcus Piggott/TAS Rights Management The smart money says that she splits the difference, putting “The Fate of Ophelia” up for record and saving “I Knew It, I Knew You” for song. Overall, her focus seems set on winning an Oscar for “I Knew It, I Knew You,” which seems inevitable. In a year when there’s a strong chance four different women will carry away the Big Four trophies, Swift will have positioned herself to wind up, once again, as Music’s Biggest Story. This story appeared in the Oct. 7 issue of The Hollywood Reporter magazine.",0,2026-10-07 16:17:28
10,https://deadline.com/2026/10/david-brindley-named-channel-4-content-chief-1237147700/,David Brindley Confirmed As Channel 4 Content Chief,Deadline,2026-10-07T15:42:00,4504,"Skip to main content By Stewart Clarke , Jesse Whittock October 7, 2026 8:42am Add us as a Google Preferred Source Channel 4's headquarters Getty UPDATED with confirmation: David Brindley has been confirmed as the new Director of Programmes at Channel 4 . He will have oversight of all scripted and unscripted genres and will join the Channel 4 board. Channel 4 CEO Priya Dogra said Brindley “has a proven ability to nurture the ideas and talent that create truly standout television.” Related Stories News Louisa Compton Appointed To Channel 4 Board Alongside Next Content Chief News Sony Chief Wayne Garvie: “It’s Very Difficult To See How Channel 4 Survives In Present Form” “As we reshape Channel 4 to invest more in distinctive British content and back creative talent across the UK, I wanted a Director of Programmes who would be able to take ambitious risks in programming and deliver powerful shows that make a cultural impact, while sustaining the bold attitude that has always been the calling card of Channel 4,” she added. “With hundreds of hours of award-winning shows under his belt and deep experience working in public service broadcasting, David is the ideal person to join our existing creative leadership team and help us deliver our vision for the future of Channel 4.” Brindley will “work alongside” news and digital boss Louisa Compton and content strategy chief Kiran Nataraja in the new-look commissioning leadership team. Compton will also join the board . Watch on Deadline He said: “I’m immensely proud to be joining the talented team at Channel 4. At a moment of seismic change within the industry and the channel, it has never been more important to ensure Channel 4 thrives creatively, by deepening its connection with audiences and the production community across the country.” PREVIOUSLY, October 6: David Brindley is set to land one of the biggest jobs in UK television, overseeing programming at pubcaster Channel 4. He is being lined up to replace Ian Katz, who leaves this month having been the broadcaster’s longest-serving Chief Content Officer. Channel 4 declined comment. Broadcast was first with the news. Following a long interview process, Brindley, the CEO of Destination X producer Twofour, and former BBC Three boss Stuart Murphy were understood to have been the final two in the running. Brindley has been considered a frontrunner for the role since speculation began over who would replace Katz. His ITV Studios-backed outfit produces both the UK and U.S. versions of Destination X and Apple TV’s The Reluctant Traveler with Eugene Levy , and he is well-established in British unscripted production circles. Brindley previously worked for Channel 4 and was behind one of its most impactful shows of all time, Educating Yorkshire , which he recently revived at Twofour. Considered a savvy operator with commissioning and production experience, he got down to the last four for the top BBC content job last year. His competitor for the role, Murphy, would have been a more left-field choice given he has spent most of the past decade out of television. After playing major roles at the BBC, where he launched BBC Three in 2003, and Sky, where he was Director of Entertainment Channels between 2015 and 2018, he became CEO of the English National Opera in 2018 and held the role for five years. Others understood to have been in the running included BBC iPlayer boss Dan McGolpin, Amazon’s Clarkson’s Farm exec Fozia Khan and Tanya Shaw, who has run British indies Shine and Zinc. Brindley’s job is a tough one. Channel 4 is laying off around 340 staff, the net’s biggest round of cuts in its 40-year history , and this is hitting commissioning hard, with around 50% of roles set to be reduced. Big shifts he will oversee include combining the drama and comedy teams into one scripted unit and a merger of its unscripted divisions. The nature of his role has also changed since Katz left. Brindley will report to new CEO Priya Dogra, as will news boss Louisa Compton and strategy chief Kiran Nataraja. Both Brindley and Compton will sit on the Channel 4 board. Compton and Nataraja previously reported to Katz. Max Goldbart contributed reporting. Skydance CEOs Meet The Press On Day 1 With Lots Of Promises, Few Answers Jed Mercurio Among Bidders To Be Next ‘Doctor Who’ Producer Facebook Exposed In Aaron Sorkin’s Stirring Thriller ‘The Social Reckoning’ Michelle Yeoh Teases ‘Blade Runner 2099’; Zhang Yimou On ‘Three-Body Problem’ Read More About: Comments",0,2026-10-07 16:16:50
46,https://www.hollywoodreporter.com/music/music-features/devo-frontman-mark-mothersbaugh-band-politics-1236724409/,DEVO Frontman Mark Mothersbaugh on 1970s Pop Band Predicting Today’s Politics: “It’s Gone Really Dark Again”,Hollywood Reporter,2026-10-07T15:39:06,4682,"× Skip to main content By Etan Vlessing Plus Icon Etan Vlessing Canada Bureau Chief View All October 7, 2026 8:39am Mark Mothersbaugh Courtesy of subject It’s déjà vu all over again for DEVO frontman and veteran composer Mark Mothersbaugh, who co-founded the iconic 1970s and 1980s rock band during its own dark political era. “It’s gone really dark again. We’re in a really dark place now, where we have greed and racism not hiding at all. They’re proud and displaying themselves, and it’s shocking that it could be this strong,” Mothersbaugh tells The Hollywood Reporter from the Vancouver Film Festival . Mothersbaugh and his fellow DEVO co-founders, including Gerald “Jerry” Casale, formed the band in the wake of the May 4, 1970 Kent State University shootings of students by National Guardsmen, where they were also students. As they attempted to make sense of the tragedy, their resulting rock band was named DEVO, or short for de-evolution. Related Stories TV 'The Cadburys': BritBox Drops First Look at Chocolate Empire Drama (Exclusive) Movies 'Prince' Is a Stylized Cinematic Battle Royal With a Show Dog, His Owner, Her Butler and Their Family That way, the band members as “social scientists” aimed to satirically comment on humanity descending into a state of moral and physical regression. And they shot the 1976 short film In the Beginning Was the End: The Truth About De-Evolution , directed by Chuck Statler and starring Castle, Jim Mothersbaugh, Mark Mothersbaugh and Robert Mothersbaugh. DEVO Courtesy of Sundance Institute “It had two songs, but we were doing music with pictures pretty much from the beginning,” Mothersbaugh recalled. DEVO also gained a following with hit satirical songs like “Whip It” and “Mongoloid” in the wake of the 1950s Atomic Bomb scare and the 1962 Cuban missile crisis that, like generative artificial intelligence today, posed a possible extinction risk for humanity, the band frontman insisted. “With the atomic bomb, there were a lot of different opportunities for something really stupid and horrifying to happen. It could be the same with AI, with many things that are dark and not for the betterment of humans,” Mothersbaugh explained. While occasionally touring with DEVO, he has become a prolific composer of music for movies, TV series and commercials and video games. “It’s like another set of colors of paint to work with,” Mothersbaugh adds about composing being a part of his wider ambition as a multi-media artist that includes scores to The Lego Movie and 21 Jump Street . Having written music for around 100 film and TV series, he has worked extensively with Wes Anderson on Bottle Rocket, Rushmore, The Royal Tennenbaums and The Life Aquatic with Steve Zissou. “He’s a true artist,” Mothersbaugh says of his symbiotic collaboration with Anderson in his Sunset Boulevard studio in Los Angeles where they would discuss original DEVO synthesizers and other vintage gear to create quirky soundscapes for movie orchestrations. “(Anderson) spent more time with me than a lot of directors did.” DEVO Courtesy of Sundance Institute Mothersbaugh also worked closely with Taika Waititi on his 2017 Marvel superhero pic Thor: Ragnarok , which led to an ‘80s-tinged score with hints of superhero anthems. And to his side on set was often a curious Marvel Studios boss Kevin Feige, the producer behind the most successful run of movies in Hollywood. “I didn’t even know who he (Feige) was at first. He’d come in when I was playing music for Taika, and there’d be this guy sitting there. And then we started talking and he was really interested,” Mothersbaugh recounted. And he was also working with Waititi as he graduated from making arthouse movies to the big-budget superhero movie world. “Taika went from being this little guy in New Zealand to all of a sudden being in charge of this giant film costing $100 million, $150 million, whatever it costs,” Mothersbaugh said of the Oscar-winning Jojo Rabbit director making his mark in the Marvel Cinematic Universe. The DEVO frontman is currently juggling composing music for three feature films, alongside TV series and video games. “I do love writing music and I do love making art and I feel so fortunate,” he said. That leaves little room for thoughts of retirement, which Mothersbaugh did bring up with his wife and manager Anita Greenspan, but only briefly. “My wife told me, you’re not going to retire. You’ll slump over the podium and they’ll lift you up and carry you out of the room. That’s how you’re going to go,” he recalled of her response. That grim death foretold concerns Mothersbaugh, he admits. “It makes me nervous, because she’s also my agent,” he said. THR",0,2026-10-07 16:17:29
38,https://variety.com/2026/tv/news/new-york-comic-con-20th-anniversary-schedule-panels-events-1236903255/,"As New York Comic Con Turns 20, Organizer Teases Coney Island Team-Up, After 3 p.m. Ticket and Possibility of Expanding to Five Days Next Year",Variety,2026-10-07T15:36:28,6016,"Oct 7, 2026 8:36am PT As New York Comic Con Turns 20, Organizer Teases Coney Island Team-Up, After 3 p.m. Ticket and Possibility of Expanding to Five Days Next Year By Jennifer Maas Plus Icon Jennifer Maas TV Business Writer @jmaasaronson Latest Skydance Sets Leadership Across Games, Experiences, Consumer Products and HR 15 hours ago Jessica Chastain Stands by Criticizing Apple for Delaying ‘The Savant’ After Charlie Kirk’s Assassination: ‘I Had to Go on Record That I Thought It Was a Mistake’ 20 hours ago Skydance Credit Rating Downgraded by Fitch on Massive Debt in Wake of Paramount-Warner Bros. Merger 23 hours ago See All Getty Images New York Comic Con has hit the big 2-0. The East Coast’s biggest fan convention kicks off its 2026 event Thursday, marking its 20th year celebrating comics, film, TV, games, anime and general “geek” culture out of New York City’s Javits Convention Center. What began as a 33,000-attendee event in 2006 will host 250,000 people over the course of its four-day proceedings this year, with more than 500 creators and 650 exhibitors on the ground. Related Stories Charlie Brooker's New Netflix Series Gets Title, 'Blackmere,' as Rory Kinnear Joins Cast and First-Look Photos Revealed 'Icebreaker' Netflix Series: Auliʻi Cravalho, Gabriel Tierney, Chaneil Kular Among Six to Join Cast (EXCLUSIVE) To celebrate the momentous occasion, New York Comic Con organizer ReedPop has set some big birthday plans: a partnership with fellow New York institution Coney Island, expanded cosplay areas and a reduced-price, after 3 p.m. Thursday ticket that aims to make NYCC (which can be a very pricey experience) more accessible to residents of New York. Popular on Variety As its grown over the past two decades, New York Comic Con’s goal has expanded to maintaining its classic fan experiences while offering new opportunities for professionals in attendance over the past couple years. It’s growth that ReedPop is increasingly mindful of when there’s no longer the ability to acquire a larger physical footprint, as the whole Javits Center is taken over by the con Oct. 8-11. “Something important to think about is despite that scale, the team is super focused on preserving that feeling of community,” ReedPop’s senior vice president overseeing all consumer events, Marie Browne, tells Variety . “Preserving the community at an event of this scale doesn’t happen by accident. We’ve created dedicated spaces, stages, panels and meetups where people can share passions and find one another since the beginning.” The show has also progressed from a solely in-person experience to one with main-stage panels that are streamed live for fans around the world via YouTube — a move born out of the COVID-19 pandemic-era virtual cons that has stuck. Outside of its “foundation” of comics, of course, Browne says New York Comic Con “now really spans the full breadth of pop culture” and “Hollywood has become a major part of the event because geek culture has become mainstream culture.” Highly anticipated panels this year include Marvel Television and Marvel Animation’s Thursday event, “Dungeon Crawler Carl” author Matt Dinniman’s Friday spotlight, Saturday’s “Star Trek” universe deep dive and Sunday’s “NCIS: New York” panel. “There’s a lot of special things going on in terms of fan events,” Browne says. “We’re having reunions that fans won’t be able to experience anywhere else, like ‘Brooklyn Nine-Nine.’ There’ll be time to visit not only Artist Alley but our Writers’ Block programming, which will be expanded this year. So it’s really expanding upon everything we’ve done in the past, and certainly there’s a few other theme things to celebrate the fact that we’re 20 years old this year.” Browne has been with ReedPop parent company RX for the past 20 years and moved over to the ReedPop team a few months ago to oversee all consumer events. She was part of the team that launched New York Comic Con in 2006 and hired its first employees, so she finds this year’s event “a full circle moment.” “I never thought I would be here 20 years later, running this great division and I never thought that we would be at 250,000 people and going strong at this point,” Browne says. “I had full faith that it would be successful, but it’s really exceeded all expectations.” As for the next 20 years, Browne has a few things she can tease — including the potential of expanding programming to Wednesdays, which would make New York Comic Con a five-day event. “One of the things that we’re teasing a little bit for next year is really exploring if we’ll offer a Wednesday ticket,” Browne says. “I would say that’s still under exploration. Potentially, we would open it up to press and professionals at first — but not to keep it exclusive because we don’t want to do that. We want to make the event more inclusive. If anything, we would be doing it as an experiment to make sure that we’re doing it right. Anything that we add to the event, we’ll test with the fans first to make sure it’s right. And if it’s right for the fans and it’s right for the event, we’ll consider launching it because we have very little room to grow within our existing venues, so we have to figure out how to grow in other ways and most of that will be with probably deeper experiences than a bigger physical footprint.” Megyn Kelly Tells Olivia Rodrigo to ‘Stick to Singing’ After Speaking Out About Cornell 7 Case: ‘You Don’t Know What the F— You’re Talking About’ Glen Powell Is Staying Quiet on Politics Because ‘I Do Not Like the Discourse,’ Says ‘Running Man’ Flopped After Paramount Laid Off ‘Entire Marketing Department’ Co-Founder Nate Bolotin to Exit XYZ Films After Almost Two Decades With Studio (EXCLUSIVE) Skeet Ulrich Says His ‘Scream’ Arc Couldn’t Be Completed After Melissa Barrera’s Firing: ‘There’s No Billy Loomis’ Without Her Disney+ Will Stream 2027 Super Bowl From ‘Toy Story 5’ and ‘Paw Patrol’ Toys to Baby Gear, These Are the Best Finds from Amazon Prime Big Deal Days Loading comments...",0,2026-10-07 16:17:21
11,https://deadline.com/2026/10/emilia-clarke-josh-brolin-join-series-roadmap-to-happiness-1237148944/,Emilia Clarke & Josh Brolin Latest To Join Series ‘A Roadmap To Happiness’,Deadline,2026-10-07T15:34:19,3526,"Skip to main content By Andreas Wiseman Andreas Wiseman Executive Editor, Film & International @AndreasWiseman More Stories By Andreas Tradition Pictures Sets Multi-Project Partnership With Kenan Thompson’s Artists For Artists; Mark Canton, James Maslow & Joseph Sikora Join Advisory Board Meridian Pictures Picks Up Mike Maples Western ‘The Regulator’ Rhys Ifans, Lily Rabe & Sarah Catherine Hook Dramedy ‘Capsized’ Boarded By The Yellow Affair Ahead Of U.S. Festival Bow View All October 7, 2026 8:34am Add us as a Google Preferred Source Emilia Clarke and Josh Brolin Penske Media EXCLUSIVE : Emilia Clarke and Josh Brolin are joining Jason Momoa, Shailene Woodley, Elijah Wood and Alec Baldwin in docuseries A Roadmap To Happiness , which we first announced during this year’s Sundance Film Festival. The show will see author, podcaster and presenter Darin Olien ( Down to Earth with Zac Efron ) travel with actors to different corners of the world in search of the happiest people on Earth. The series will explore what constitutes happiness in different cultures and show the travelers — and viewers — different approaches to contentment. Clarke ( Game of Thrones ) will join the series in Portugal, a country recorded as having some of the happiest children in the world, while Brolin ( Avengers ) will appear in Finland – a country consistently ranked among the happiest in the world – for the series finale. Watch on Deadline Related Stories Casting Emily Blunt, Benicio Del Toro And Josh Brolin Returning For 'Sicario 3' From Black Label And Thunder Road With 'The Weight's Padraic McKinley To Direct Trailers Full 'Whalefall' Trailer: Austin Abrams Experiences All Emotions In The Belly Of The Beast Directed by Cary Floyd and produced by Cary Floyd, Darin Olien, Heather White Rezner, and DP Nick Higgins, the series is lining up a limited VOD release date for 3/20/2027, which is World Happiness Day. Conversations with platforms and broadcasters about other releases continue. Of joining the series finale in Finland, Brolin commented: “We spend so much of life chasing success, answers, or the next thing but happiness is often quieter than that. Being part of this journey in Finland reminded me that connection, simplicity, and presence may be the most powerful things we have. I’m proud to be part of a project asking questions that matter.” “After decades of traveling the world searching for answers to health, sustainability, and the challenges we face as humans, I realized something profound, happiness may be the missing piece connecting it all,” said co-host and executive producer Olien. “This series is about the people, rituals, and perspectives that remind us how to reconnect to ourselves, each other, and what truly matters.” “People and the planet are at the heart of everything I do,” added Momoa of his work on the series. “Getting to go on this journey with Darin, a friend and warrior for the Earth, makes it even more special. We’re exploring what connects us, what sustains us, and why protecting it matters.” “I know a lot of lives and hearts will be touched by this project, simply by how much mine was and it was laughter that renewed my faith in humanity,” noted Woodley. Skydance CEOs Meet The Press On Day 1 With Lots Of Promises, Few Answers Jed Mercurio Among Bidders To Be Next ‘Doctor Who’ Producer Facebook Exposed In Aaron Sorkin’s Stirring Thriller ‘The Social Reckoning’ Michelle Yeoh Teases ‘Blade Runner 2099’; Zhang Yimou On ‘Three-Body Problem’ Read More About: Comments",0,2026-10-07 16:16:51
47,https://www.hollywoodreporter.com/tv/tv-news/disney-plus-stream-2027-super-bowl-new-years-rockin-eve-1236724428/,Disney+ Will Stream the 2027 Super Bowl and ‘New Year’s Rockin’ Eve’,Hollywood Reporter,2026-10-07T15:33:51,2553,"× Skip to main content By Alex Weprin Plus Icon Alex Weprin Senior Editor alexweprin Follow Sign Up View All October 7, 2026 8:33am The Vince Lombardi trophy. Photo by Steph Chambers/Getty Images What may be the biggest live event in the history of The Walt Disney Co. is coming to Disney+ . Next year’s Super Bowl LXI will be the first for ESPN in the sport media brand’s history, and its parent company is going all-in to make it as widely accessible as possible. That includes a simulcast on ABC, of course, alternate broadcasts like the Manningcast, and, Disney announced Wednesday, streaming simulcast available on Disney+ in both English and Spanish. Disney will also make two Monday Night Football games available to stream on Disney+ later this fall, expanding the roster of included live sports (meant to entice streaming users to ESPN, which streams every game), as well as Dick Clark’s New Year’s Rockin’ Eve with Ryan Seacrest , the company’s flagship New Year’s show, and one of the top live broadcasts of the year. Related Stories Business Disney+ Strikes Streaming Bundle and Content-Sharing Deal With Indonesia's Vidio TV 'Dancing With the Stars' Sets Super Bowl Night Seacrest will once again be joined by Rita Ora in New York and Julianne Hough and NFL legend Rob Gronkowski in Las Vegas, with Druski hosting from Chicago. The Super Bowl stream will make the game widely available to consumers given the accessibility of both ABC and Disney+, not to mention pay-TV. While Disney+ is a paid service (and the company no longer reports subscriber figures) it is widely accepted as the second most-scaled streamer in the U.S. after Netflix. The Disney+ partnership underscores how Disney is leaning into the Super Bowl, which it kicked off right after this year’s Super Bowl ended. The company plans to leverage every part of its portfolio, from theme parks to films to products and experiences to drive awareness to the 2027 Super Bowl and the fact that it will be ESPN’s first (the company will turn Santa Monica Beach into ESPN Beach as part of the takeover). The company is sold out of advertising inventory, but is seeking advertisers willing to get on a reserve list in case extra inventory becomes available. Both the 2027 Super Bowl and New Year’s Rockin’ Eve also epitomizes the company’s digital strategy under CEO Josh D’Amaro, who wants Disney+ to become the “digital centerpiece” of the company . That will ultimately include experiences and games, but it also means that the biggest live events will need to be there too. THR",0,2026-10-07 16:17:31
12,https://deadline.com/2026/10/dick-clarks-new-years-rockin-eve-ryan-seacrest-2027-simulcast-abc-disney-1237149016/,‘Dick Clark’s New Year’s Rockin’ Eve with Ryan Seacrest 2027′ To Simulcast On ABC & Disney+,Deadline,2026-10-07T15:30:00,2736,"Skip to main content By Armando Tinoco Armando Tinoco Staff Writer @armietinoco More Stories By Armando ICG Publicists Awards Reveals 2027 Date, Venue & Timeline Saoirse Ronan Addresses Rumor That Husband Jack Lowden Has Been Cast As The New James Bond Chris Colfer On Returning For ‘Glee’ Revival: “I Know Nothing & Have Heard Absolutely Nothing” View All October 7, 2026 8:30am Add us as a Google Preferred Source Dick Clark's New Year's Rockin' Eve with Ryan Seacrest 2027 Courtesy Dick Clark’s New Year’s Rockin’ Eve with Ryan Seacrest 2027 has set its co-hosts, as the live show will simulcast for the first time on ABC and Disney+. The New Year’s Eve celebration will air live on Thursday, December 31, starting at 8 p.m. ET. Hosted by Ryan Seacrest, Dick Clark’s New Year’s Rockin’ Eve will also feature comedian Druski who will be hosting from Chicago. Rita Ora returns as co-host from New York’s Times Square, while Julianne Hough and Rob Gronkowski will host from Las Vegas. The telecast’s landmark streaming debut follows a record-breaking 2026 edition that further cemented “Dick Clark’s New Year’s Rockin’ Eve” as television’s premier New Year’s Eve destination. The expanded eight-hour celebration, the longest telecast and largest artist lineup in the show’s more than 50-year history, featured 42 performers, four live countdown celebrations, and nearly 100 songs from New York City’s Times Square, Las Vegas, Chicago, Puerto Rico, Nashville, Kansas City and beyond. Related Stories News 'Dancing With The Stars' Recap: Lots Of Breakthroughs On Mariah Carey Night Stiffen Competition News 'Abbott Elementary' To Film 100th Episode At Disneyland Dick Clark’s New Year’s Rockin’ Eve with Ryan Seacrest 2026 reached 46 million total viewers, making it the No. 1 television program of the night. More than 30 million viewers watched the iconic Times Square Ball Drop at midnight, while the 11:30 p.m.–12:30 a.m. hour alone attracted nearly 20 million viewers, outperforming all competing New Year’s Eve programming. Watch on Deadline Additional details for this year’s broadcast will be announced in the coming months. Dick Clark’s New Year’s Rockin’ Eve with Ryan Seacrest 2027 is produced by Dick Clark Productions, with Ryan Seacrest, Michael Dempsey, Jay Penske, and Barry Adelman serving as executive producers. Dick Clark Productions is owned by Penske Media Corporation, the parent company of Deadline. Skydance CEOs Meet The Press On Day 1 With Lots Of Promises, Few Answers Jed Mercurio Among Bidders To Be Next ‘Doctor Who’ Producer Facebook Exposed In Aaron Sorkin’s Stirring Thriller ‘The Social Reckoning’ Michelle Yeoh Teases ‘Blade Runner 2099’; Zhang Yimou On ‘Three-Body Problem’ Read More About: 1 Comments",0,2026-10-07 16:16:52
48,https://www.hollywoodreporter.com/business/business-news/pixar-lionsgate-paramount-california-tax-credits-1236724236/,"Pixar, Lionsgate and Paramount Nab $100 Million in California Tax Credits",Hollywood Reporter,2026-10-07T15:00:00,2939,"× Skip to main content By Winston Cho Plus Icon Winston Cho View All October 7, 2026 8:00am Jaafar Jackson stars as his real-life uncle in the biopic 'Michael.' Kevin Mazur/Lionsgate Pixar, Lionsgate and Paramount led the way in the latest round of tax credits granted to productions by California’s film office for shooting in the state. Combined, the 35 movies that will spend roughly $635.3 million across 1,049 shoot days were awarded $226.1 million. They include 28 independent movies, eight of which have budgets above $10 million. Pixar took the largest award, receiving $40.1 million for an untitled animated feature, as animated productions continue to emerge as a force in California’s tax credit program. The jobs ratio used to select productions appears to favor animation since the category is often more labor-intensive than live-action, generating higher below-the-line spending relative to the total production budget. Family Guy spinoff Stewie , Dan Harmon’s President Curtis and four animated titles from Disney, DreamWorks and Pixar, among others, have already been tapped to get subsidies. Next up, Lionsgate’s Michael 2 (working title), the sequel to the studio’s Michael Jackson biopic, nabbed $30.8 million. with an untitled crime thriller from Paramount coming in third with a $29.3 million award. Disney was another major recipient for an untitled live-action feature, which got $18 million. Warner Bros. also received $13 million for an untitled comedy, while 20th Century Studios was awarded $12.2 million for an untitled horror film. “California is the home of entertainment, full stop,” said Gov. Gavin Newsom in a statement. “We’re not just protecting that legacy; we’re investing in its future by expanding our film and television tax credit, launching a new post-production credit, and standing up for performers in the age of AI.” New Line Cinema’s Last Friday , the latest installment to the Ice Cube-led franchise, also received $11.4 million. “I’m thrilled to produce Last Friday right here in Southern California, where our cast and crew lives,” said Ice Cube in a statement. “This story has been part of the fabric of South Los Angeles since our first film 31 years ago so producing the film here with more than 180 local cast and crew underscores the value of the California production incentive program. Among the larger awards for independent productions: $7 million for South Beach ; $6.7 million for Maniac Cop ; $5.8 million for animated feature Shine ; and $5.5 million for Jump Off . “Our film is set in the Chicano communities of Los Angeles, and it simply wouldn’t exist if we couldn’t shoot here,” said Victoria Alonso and Tom Culliver, producers of Leaves of Glass. “We are incredibly excited to showcase a side of Los Angeles rarely seen on camera, and work with the greatest crews in the world. We are deeply grateful to the California Film Commission for making this film possible.” THR",0,2026-10-07 16:17:32
28,https://deadline.com/2026/10/page/2/,More Stories,Deadline,2026-10-01T00:00:00,6762,"Skip to main content Latest in The Set Up To Adapt Lisa Wilkinson Novel ‘The Titanic Story Of Evelyn’ For TV EXCLUSIVE: Australian bestseller The Titanic Story of Evelyn is charting a course to TV. The Set Up, the newly minted television banner from Bruna Papandrea, Steve Hutensky and Alison Hurbert-Burns, is collaborating with Australian journalist, writer and author Lisa Wilkinson for the TV… By Jesse Whittock , Stewart Clarke 1 hour ago Print Print The Set Up To Adapt Lisa Wilkinson Novel ‘The Titanic Story Of Evelyn’ For TV Read the full story Exclusive International Toby Emmerich Joins FilmNation Entertainment’s Infrared As Consultant Former Warner Bros Motion Picture Boss Toby Emmerich had boarded FilmNation Entertainment’s production label Infrared as a consultant. FilmNation and Emmerich recently teamed on the Amazon MGM Studios’ upcoming movie, I Play Rocky, from Peter Farrelly. The pic world premiered at TIFF to great… By Anthony D'Alessandro 1 hour ago Print Print Toby Emmerich Joins FilmNation Entertainment’s Infrared As Consultant Read the full story Film David Krumholtz Joins ‘The Trial Of Louise Woodward’ At HBO After Mulling “Indefinite Break” From Acting EXCLUSIVE: David Krumholtz fans, rejoice: After indicating that he was weighing an “indefinite break” from acting back in August, he’s returning to work, having joined the cast of The Trial of Louise Woodward at HBO. The Supergirl actor had already clarified his initial comments after sharing… By Matt Grobar 1 hour ago Print Print David Krumholtz Joins ‘The Trial Of Louise Woodward’ At HBO After Mulling “Indefinite Break” From Acting Read the full story Exclusive TV Tradition Pictures Sets Multi-Project Partnership With Kenan Thompson’s Artists For Artists; Mark Canton, James Maslow & Joseph Sikora Join Advisory Board EXCLUSIVE: Tradition Pictures, the independent production company founded by CEO Matthew Einstein, is setting a multi-project collaboration in TV with Kenan Thompson and John Ryan Jr.'s banner Artists for Artists. The company is also forming a new advisory board which includes veteran producer… By Andreas Wiseman 2 hours ago Print Print Tradition Pictures Sets Multi-Project Partnership With Kenan Thompson’s Artists For Artists; Mark Canton, James Maslow & Joseph Sikora Join Advisory Board Read the full story Exclusive TV Meridian Pictures Picks Up Mike Maples Western ‘The Regulator’ EXCLUSIVE: Eric Paquette’s Meridian Pictures has picked up The Regulator , a western written by screenwriter Mike Maples ( Backtrace ). Set in 1895, The Regulator follows “a legendary regulator on the verge of walking away from a life of killing who must protect the secret son he never knew existed… By Andreas Wiseman 2 hours ago Print Print Meridian Pictures Picks Up Mike Maples Western ‘The Regulator’ Read the full story Exclusive Film ICG Publicists Awards Reveals 2027 Date, Venue & Timeline Mark those digital calendars: The International Cinematographers Guild said today that its 64th annual ICG Publicists Awards luncheon will be held March 12, 2027, at the Beverly Wilshire in Beverly Hills. As per usual, that’s the Friday before the Academy Awards . The television nominations will… By Armando Tinoco 2 hours ago Print Print ICG Publicists Awards Reveals 2027 Date, Venue & Timeline Read the full story Awards ‘North Of North’ Gets Season 2 Release Date On Netflix & Trailer Netflix has unveiled trailer for the second season of Canadian comedy North of North. The show, which was the first original to come out of the streamer’s Canada office, follows a young Inuk mother, Siaja (Anna Lambe). It will launch November 5. In Season 2, Siaja is still making bold… By Max Goldbart 2 hours ago Print Print ‘North Of North’ Gets Season 2 Release Date On Netflix & Trailer Read the full story Watch International Low Light Films Boards Jane Schoenbrun EP’d ‘The Arrow At Rest’ + First Clip EXCLUSIVE: Barcelona-based Low Light Films has boarded sales on Theodore Schaefer's The Arrow at Rest at Every Instant of its Flight ahead of its European premiere at the Sitges Film Festival this week and released a first clip. The 81-minute feature originally world premiered at the 2026… By Melanie Goodfellow 2 hours ago Print Print Low Light Films Boards Jane Schoenbrun EP’d ‘The Arrow At Rest’ + First Clip Read the full story Watch Exclusive International Skydance Sets Heads Of Games, Products, HR Skydance President Andy Gordon unveiled a new round of division heads as the company formed by the combination of Paramount and Warner Bros. Discovery continues to take shape. In an internal memo viewed by Deadline, Gordon outlined heads of games, consumer products, HR and global operations. It… By Jill Goldsmith 3 hours ago Print Print Skydance Sets Heads Of Games, Products, HR Read the full story Business ‘The Social Reckoning’ Review: Jeremy Allen White And Mikey Madison Expose Facebook In Aaron Sorkin’s Stirring Journalistic Thriller Sequel Smart grown-up dramas are an increasingly rare bird in major-studio big-screen cinema these days. Occasionally around this time of year a studio will throw one out as Oscar bait, but a form that was once a big part of the movie diet now seems headed for… By Pete Hammond 3 hours ago Print Print ‘The Social Reckoning’ Review: Jeremy Allen White And Mikey Madison Expose Facebook In Aaron Sorkin’s Stirring Journalistic Thriller Sequel Read the full story Film Maggie Gyllenhaal On Casting Ellen Burstyn & Dakota Johnson In ‘Flesh Impact’ – Busan Following her Venice jury chief duty, Maggie Gyllenhaal is attending Busan film festival for the first time with her short film, Flesh Impact , which is showing in Special Screenings. Starring Ellen Burstyn and Dakota Johnson, the film was commissioned by Korean luxury car brand Genesis to… By Liz Shackleton 4 hours ago Print Print Maggie Gyllenhaal On Casting Ellen Burstyn & Dakota Johnson In ‘Flesh Impact’ – Busan Read the full story International BBC Boss Matt Brittin Sets Out Silicon Valley-Style Revolution At British Broadcaster EXCLUSIVE : “Move fast and break things."" So goes Mark Zuckerberg's famous credo for building Facebook. The BBC's new boss has embraced his own version of this mantra as he seeks to reinvent the British national broadcaster over the coming years. In a speech to staff from the BBC Radio Theatre… By Jake Kanter 4 hours ago Print Print BBC Boss Matt Brittin Sets Out Silicon Valley-Style Revolution At British Broadcaster Read the full story Exclusive International Previous page of stories Previous Next page of stories Next Sidebar Newswire PMC Deadline is a part of PMX Global, LLC, a subsidiary of Penske Media Corporation. © 2026 Deadline Hollywood, LLC. All rights reserved. Powered by WordPress.com VIP Site",0,2026-10-07 16:17:10
27,https://deadline.com/2026/10/dancing-with-the-stars-season-35-week-4-recap-mariah-carey-1237148437/,‘Dancing With The Stars’ Recap: Lots Of Breakthroughs On Mariah Carey Night Stiffen Competition,Deadline,2026-10-01T00:00:00,6856,"Skip to main content By Katie Campione Katie Campione Senior TV & Labor Reporter @katie_campione More Stories By Katherine ‘Dancing With The Stars’ Recap: Lots Of Breakthroughs On Mariah Carey Night Stiffen Competition ‘Abbott Elementary’ To Film 100th Episode At Disneyland WGA East Reveals 2026 Support Staff Basic Training Program Graduates View All October 6, 2026 6:59pm Add us as a Google Preferred Source Dancing with the Stars Disney/Eric McCandless SPOILER ALERT! This post contains details from Tuesday night’s episode of Dancing with the Stars . We’re officially a month into Season 35 of Dancing with the Stars , and the contestants are starting to feel the pressure of the competition. After Taylor Hanson and Britt Stewart were eliminated last week (which shook the remaining couples awake as they were definitely not the worst ones by a mile), the competitors are all taking on Mariah Carey in Week 4. Reality star Ciara Miller with Brandon Armstrong . The reality star really wanted to earn some 7s for her jazz routine to “Emotions” and prove she’s meant to last in this competition. Carrie Ann Inaba called it her “best dance so far, my dear.” Get those 7s, girl! SCORE: 21 out of 30 Watch on Deadline Related Stories News 'Abbott Elementary' To Film 100th Episode At Disneyland Legal ABC Tells Judge That Donald Trump's Regulatory Threats Continue To Chill Its Speech, But Network Faces Jurisdictional Hurdle In FCC Lawsuit Paralympian Ezra Frech with Daniella Karagach . These two came out swinging with another fiery performance, this time dancing a rumba to “Anytime You Need a Friend.” Derek Hough was thoroughly impressed: “It was seriously sophisticated. It was.” SCORE: 24 out of 30 Actor Harry Shum Jr. with Jenna Johnson . They’re looking for another set of solid scores from the judges for their tango to “It’s Like That.” This week, Jenna goes on the Grey’s Anatomy set with her celeb partner to practice in between takes. Fun fact: Harry danced in the original music video for this song, too. “A red hot tango from a man on a mission! Sharp as a knife. So intense. I mean, it gave me whiplash!” Bruno Tonioli says. Bonus points for the Glee reunion with former DWTS champ Amber Riley back in the ballroom to sing for this one. SCORE: 24 out of 30 Actress Jenna Dewan with Val Chmerkovskiy . Jenna is frustrated by her feedback from the judges, but she wants to take their critiques seriously. This week, she wants to focus on showing a softer and slower side to her dancing with a rumba to “My All.” Watch out Season 35, Jenna Dewan found her groove! All Derek Hough could do was stand up and clap. “All I have to say is: There she is.” SCORE: 24 out of 30 Reality star Tyler Cameron with Sharna Burgess . Tyler managed to skate by last week thanks to Taylor’s elimination, but he seems to know he needs to kick things into high gear if he wants to make it any further in the competition. This week, he and Sharna danced a foxtrot to “#Beautiful.” Color, well, nearly everyone surprised! The man can move! “The improvement is incredible. You should be proud of yourself,” Bruno tells him. SCORE: 21 out of 30 Reality star Maura Higgins with Mark Ballas . The Traitors duo is finding their groove, and Maura is settling into her clear natural affinity for dance. This week, they are taking on a waltz to “If It’s Over.” She’s already danced in frame, but now she wants to improve and go for higher scores. “I feel like right now the world needs that kind of beauty!” Carrie Ann exclaimed. SCORE: 25 out of 30 (a 9 from Carrie Ann! Maura falling to the ground in disbelief says it all.) Late-night sidekick Guillermo Rodriguez with Whitney Carson . These two took a trip to New York City for rehearsals this week, since Guillermo is there for his day job. They are dancing a samba to “Obsessed.” As Witney says, “nothing can really prepare you for the samba.” He’s really trying, though. And hey, the steps he did (few as there were) were in time! “Listen, that wasn’t quite a samba, but it was 100% Guillermo,” Derek says. SCORE: 15 out of 30 Savannah Bananas midfielder Jackson Olson with Emma Slater . Jackson took a little break from rehearsals this week to celebrate his birthday, but he’s still putting his all into coming back strong after some lukewarm feedback from the judges in Week 3. He’s performing a waltz to “Without You.” There must be something in the air this week, because he looked like a completely different dancer. “I can see you almost for the first time,” Bruno tells him. SCORE: 21 out of 30 Actress Tatyana Ali with Jan Ravnik . The Fresh Prince star is living ut a childhood dream dancing to Mariah Carey. And she’s got the in-the-know pro this week, because Jan has toured with the pop star. They’re doing a jazz dance to “Fantasy.” After last week, can anyone be surprised that she kills it? Carrie Ann wanted her to have more energy for a jazz routine. Derek and Bruno agree. “But overall, I just love seeing what you’re doing,” Derek says. SCORE: 20 out of 30 Comedian and podcaster Connor Wood with Rylee Arnold . Rylee, Connor isn’t sure if you’ve noticed, but you tend to include grinding choreography in all of your routines. Well, the tradition continues this week, because they’re dancing a rumba to “Touch My Body.” I mean, what’s a girl to do? Unfortunately, the hips were not moving, but he did do a nice worm. “There’s a lot of moments where you’re playing it safe,” Derek says. Bruno loved it. “Frisky!” SCORE: 19 out of 30 Actress Julia Stiles with Ezra Sosa . Julia is riding high after receiving her highest scores last week. She’s really got to impress this week with a Viennese waltz to “Vision of Love” if she wants to keep the positive momentum going. “For me, that was a breakthrough,” Carrie Ann said. Well, ok then! SCORE: 21 out of 30 Olympian Amber Glenn with Pasha Pashkov . It’s a lot of pressure to close out the night, especially as the couple who walked away with the first 8s of the season and tied at the top of the leaderboard last week. This time, they’re dancing a rumba to “Hero.” Pasha calls the dance “the ultimate test” of their synchronicity as a couple. Turns out, they didn’t need to worry at all. “You never lost the ability to fill the room,” Bruno says. SCORE: 23 out of 30 Who goes home? The competition is getting tough, so there’s not very many weeks that Guillermo can keep getting away with this, but somehow Ciara Miller and Brandon Armstrong go home on Tuesday night. Next week is Super Bowl Night. Stay tuned to see what that means. Jed Mercurio Among Bidders To Be Next ‘Doctor Who’ Producer Skydance CEOs Pressed On Layoffs & Trump As They Outline Future At Town Hall Michelle Yeoh Teases ‘Blade Runner 2099’; Zhang Yimou On ‘Three-Body Problem’ Abundantia Entertainment Turning AI Arm AiOn Into Standalone Studio Read More About: 1 Comments",0,2026-10-07 16:17:08
26,https://deadline.com/2026/10/skydance-merger-paramount-warner-bros-discovery-1237147750/,Paramount-WBD merger was made official,Deadline,2026-10-01T00:00:00,1501,"Skip to main content By Dade Hayes Dade Hayes Business Editor @dadehayes More Stories By Dade Walmart-Owned Vizio Sets Original Film Starring Rachel Bilson And Scott Foley, Adds Film & TV Titles In Big Expansion HBO Max And Paramount+ Will Eventually Combine After “Short-Term” Bundling Phase, David Ellison Says Skydance Chief David Ellison Asks Merger Opponents To “Give Us Time” To “Rebuild Trust” View All October 6, 2026 5:59am Add us as a Google Preferred Source Story Arc The long-gestating merger of Paramount and Warner Bros. Discovery officially closed Tuesday, yielding a new major player in media. Shares in the combined company, Skydance , will start trading later in the day on the New York Stock Exchange. Shares of Paramount and Warner Bros. Discovery have been discontinued on the Nasdaq. Related Stories News New Skydance Sets Top Executive Structure As Paramount-WBD Merger Set To Close Executives David Ellison, Ynon Kreiz Praise Staff, Lay Out Priorities For New Skydance: “Getting Here Has Been Quite A Journey” The closing brings to an end a year-long saga over who would control two century-old movie studios along with a pedigreed stable of TV studios, streaming services and networks including HBO and CNN. Now, attention will turn to the difficult economics faced by the new company. It starts off with some $80 billion in debt and an ambitious plan to convert a traditional media company into a tech-oriented operation capable of measuring up to Netflix, Amazon and Disney.",0,2026-10-07 16:17:07
25,https://deadline.com/2026/10/saoirse-ronan-husband-jack-lowden-cast-james-bond-1237148705/,Saoirse Ronan Addresses Rumor That Husband Jack Lowden Has Been Cast As The New James Bond,Deadline,2026-10-01T00:00:00,2842,"Skip to main content By Armando Tinoco Armando Tinoco Staff Writer @armietinoco More Stories By Armando Saoirse Ronan Addresses Rumor That Husband Jack Lowden Has Been Cast As The New James Bond Chris Colfer On Returning For ‘Glee’ Revival: “I Know Nothing & Have Heard Absolutely Nothing” Skeet Ulrich On Not Completing ‘Scream’ “Three-Film Arc”: “Without Melissa Barrera & Sam Loomis, There’s No Billy Loomis” View All October 6, 2026 8:32pm Add us as a Google Preferred Source Saoirse Ronan and Jack Lowden Amy Sussman / Getty Images Saoirse Ronan is addressing a rumor that her husband, Jack Lowden , has been cast as the next James Bond . In a new interview, Ronan was asked about Lowden portraying the 007 agent in the film franchise. “Well, Gary Oldman thinks he’s James Bond,” Ronan said in an interview with the Associated Press . Related Stories News Gary Oldman Reveals Jack Lowden’s Response To His Bond Comments News Pierce Brosnan Says Next James Bond Could Be “Someone That None Of Us Know About”; Tom Ellis Reveals Brosnan Said He’d “Make A Good Bond” She continued, “[That’s] its own thing. We’re kind of getting on with our life, to be honest. We have plenty of other things to be dealing with. So, yeah, it’s not really a subject that’s coming up in our house, to be honest. The dog needs to be walked, the dinner needs to be made—we’re most focused on that.” Lowden’s name came up during an interview in September, when Oldman said he wanted his Slow Horses co-star to take on the iconic action role. Watch on Deadline “It’s been rumored that he’s on the shortlist,” Oldman told Global News . “We’re going to find out pretty soon, aren’t we? Because they have picked him. They have made their choice, but they have not announced it yet. So my fingers are crossed for Jack.” Ronan herself has pitched herself to play a villain in the James Bond universe. “I want to go dark,” she told Empire . “I said that I wanted to be a Bond villain and I’m dead serious.” She continued, “I think it would be really interesting, having a young female villain. Especially for girls and women, to see someone who can just take all that pent-up anger and direct it somewhere, there’s something interesting in that dramatically. So I would love to do more of that.” In March of this year, Deadline reported that Nina Gold had closed a deal to become the casting director for the next James Bond film. Gold’s credits include HBO’s Game of Thrones , the Netflix series The Crown , and five films in the Star Wars franchise. Jed Mercurio Among Bidders To Be Next ‘Doctor Who’ Producer Skydance CEOs Pressed On Layoffs & Trump As They Outline Future At Town Hall Facebook Exposed In Aaron Sorkin’s Stirring Thriller ‘The Social Reckoning’ Michelle Yeoh Teases ‘Blade Runner 2099’; Zhang Yimou On ‘Three-Body Problem’ Read More About: 1 Comments",0,2026-10-07 16:17:06
24,https://deadline.com/2026/10/hbo-max-paramount-streaming-merger-david-ellison-1237148535/,"HBO Max And Paramount+ Will Eventually Combine After “Short-Term” Bundling Phase, David Ellison…",Deadline,2026-10-01T00:00:00,4448,"Skip to main content By Dade Hayes Dade Hayes Business Editor @dadehayes More Stories By Dade Walmart-Owned Vizio Sets Original Film Starring Rachel Bilson And Scott Foley, Adds Film & TV Titles In Big Expansion HBO Max And Paramount+ Will Eventually Combine After “Short-Term” Bundling Phase, David Ellison Says Skydance Chief David Ellison Asks Merger Opponents To “Give Us Time” To “Rebuild Trust” View All October 6, 2026 6:01pm Add us as a Google Preferred Source Story Arc Skydance chairman and CEO David Ellison sees HBO Max and Paramount+ combining into a single service over time after a “short-term” phase as separate-but-bundled services. “Long-term, the plan is basically to bring them together,” Ellison said at a press event held on the Paramount lot to mark the closing of the merger of Paramount and Warner Bros. Discovery. “It’ll take a period of time to do that. So, I think in the immediate [term], you will see them operated separately, with things like bundling or things that you’ll be able to see accelerated in the relatively short term. I can’t be specific about that yet today.” Related Stories News Skydance Co-Boss Ynon Kreiz On When ‘Barbie 2’ Will Be A Go: “Too Early To Talk About That”. However, There’s Hope Executives Skydance Co-CEOs Insist Its Massive Debt Is Manageable And Won’t Shortchange Production Already, the company has managed to bring together the tech stacks of Paramount+, BET+ and Pluto TV, a shift that subscribers and viewers do not notice. Ellison credited “the way AI technology and other things have progressed” for providing a boost to that process. He stopped short of saying outright that those advancements could simplify the cumbersome process of uniting streaming services into a single product. And he also did not address the pricing or strategy for consumer adoption and retention of a single service with multiple branded tiers, a puzzle that general-entertainment services have to solve as they gain scale. Watch on Deadline Ellison said the centralization of tech stacks after the merger close will happen “as quickly as possible,” noting that the project was completed “in record time” after Skydance took over Paramount in August 2025. Sources tell Deadline the consolidation of tech stacks is expected to be complete within a year. Ellison’s projection, which came a few hours after the close of the Skydance merger, seemed to point in a different strategic direction than recent comments by Casey Bloys, head of HBO and HBO Max content. Bloys hinted that bundling would be the focus given the distinct subscriber bases of the two services, which combined have more than 200 million global subscribers. A slide deck released by Skydance earlier this week included images of both streamers, indicating at least they would both continue independently, at least for now. Public statements by Ellison and others have previously suggested that combining the services into one super-app was always the ambition, though getting from today’s setup to a fully integrated future will require a lot of work. Across the streaming landscape, a number of players have found it complex and expensive to meld two services into one. Disney has been chipping away at a long-term positioning of Disney+ as its mother ship, with Hulu programming migrating there behind a home-screen tile. Sometimes, viewer feedback can cause a rethink, as was the case when WarnerMedia merged with Discovery Communications in 2022. Initially, executives pursued a plan to merge unscripted and lifestyle service Discovery+ with HBO Max under the new umbrella brand Max. Warner Bros. Discovery stepped back from that scheme, citing demand for the cheaper (and profitable) Discovery+ as a stand-alone. They also wound up reversing the Max rebrand after two years of viewer and partner confusion and resistance. Jed Mercurio Among Bidders To Be Next ‘Doctor Who’ Producer Skydance CEOs Pressed On Layoffs & Trump As They Outline Future At Town Hall Facebook Exposed In Aaron Sorkin’s Stirring Thriller ‘The Social Reckoning’ Michelle Yeoh Teases ‘Blade Runner 2099’; Zhang Yimou On ‘Three-Body Problem’ More from this Story Arc Skydance October 7, 2026 Skydance CEOs Meet The Press On Day One Post-Merger With String Of Promises & Few Answers October 6, 2026 Cable Might Be Declining, But Skydance Sees Value In The Content From Its Core Brands Such as MTV & Food Network View All Story Arc Read More About: 6 Comments",0,2026-10-07 16:17:05
23,https://deadline.com/2026/10/paramount-josh-greenstein-dana-goldberg-film-divisions-independent-1237148605/,Skydance Motion Picture Group Co-Chairs Josh Greenstein & Dana Goldberg Say In Day 1 Memo That Film…,Deadline,2026-10-01T00:00:00,924,"Skip to main content By Tom Tapp , Anthony D'Alessandro October 6, 2026 7:01pm Add us as a Google Preferred Source Story Arc Josh Greenstein and Dana Goldberg Getty Skydance Motion Picture Group Co-Chairs Dana Goldberg and Josh Greenstein sent out a Day 1 memo to the troops at the Paramount and Warner Bros . Motion Picture units as the Paramount-WBD merger was made official Tuesday. Among the priorities, we understand, is keeping legacies of both studios alive. In the memo, Goldberg and Greenstein say they see themselves as “stewards of two of the most storied studios in Hollywood history.” Related Stories Executives David Ellison, Ynon Kreiz Praise Staff, Lay Out Priorities For New Skydance: “Getting Here Has Been Quite A Journey” Executives Skydance-Paramount Unveils Senior Leadership Team Across TV, Film & Streaming They also explained that the companies’ respective film divisions will operate independently.",0,2026-10-07 16:17:04
22,https://deadline.com/2026/10/george-cheeks-teases-skydance-tv-strategy-1237148670/,"George Cheeks Teases Skydance TV Strategy In Memo To Staff, Exalts CBS, Sports & News",Deadline,2026-10-01T00:00:00,4098,"Skip to main content By Peter White Peter White Executive Editor, Television @peterzwhite More Stories By Peter Cable Might Be Declining, But Skydance Sees Value In The Content From Its Core Brands Such as MTV & Food Network George Cheeks Teases Skydance TV Strategy In Memo To Staff, Exalts CBS, Sports & News ‘East Of Eden’ Tops Netflix Charts With Soft Opening View All October 6, 2026 7:34pm Add us as a Google Preferred Source Story Arc George Cheeks Getty George Cheeks , who has a shiny new role in the Skydance corporation, called the first day of the combined Paramount and Warner Bros. Discovery the “start of a new chapter”. Related Stories Executives David Ellison, Ynon Kreiz Praise Staff, Lay Out Priorities For New Skydance: “Getting Here Has Been Quite A Journey” Executives Skydance Motion Picture Group Co-Chairs Josh Greenstein & Dana Goldberg Say In Day 1 Memo That Film Divisions Will Operate Independently In a memo to staff, Cheeks, who is now Co-Chair and Chief Content Officer, Skydance TV, teased the strategy of the new division that now includes CBS, Warner Bros. Television Studios, CBS Studios and Paramount Television Studios, CBS News, CBS Sports, TNT Sports and Warner Bros. Discovery Sports. “By bringing together Paramount and Warner Bros. Discovery, we’ve assembled a remarkable collection of television brands, networks and studios, backed by some of the most talented teams in the industry,” he wrote. Cheeks did not particularly go into detail on the new structure and his direct reports in the note, but Deadline revealed a few days ago that Channing Dungey, who was Chairman and CEO, Warner Bros Television Group and US Networks, will now also oversee the Paramount cable networks such as MTV, Comedy Central, Nickelodeon and BET as well as VH1, Paramount Network, TV Land, CMT, Pop TV and Logo TV. Watch on Deadline The former NBCUniversal exec, who is also in charge of CBS Studios, run by David Stapf, and Skydance TV, run by Matt Thunell, called the Skydance Television group an “unmatched mix of networks, studios, platforms and programming genres.” He said that the TV studios, which will remain separate, for now, at least, will continue to “create franchises, premium originals and unscripted hits that entertain viewers of all ages and interests”. He also lauded CBS, which he said “remains a cornerstone”. He praised the sports operations, which will now be run by CBS Sports boss David Berson, with TNT Sports chief Luis Silberwasser exiting. Cheeks also called CBS News, run by editor-in-chief Bari Weiss, “one of the most important brands in journalism, delivering national and worldwide news across broadcast, streaming and digital”. The cable side now features more than 50 channels. “There are too many standout shows to name individually, but one thing is clear: the breadth and quality of programming across this group is unrivaled, spanning some of the most watched, most acclaimed and most award-winning in the industry,” he added. Cheeks admitted that staff is eager to hear more about the leadership, structure and strategy and said that more details will be shared soon. “This is a moment of transition. With that comes uncertainty. The stress of this is not lost on me. Expect to hear more on our structure and priorities in the weeks ahead,” he wrote. “The work ahead is significant, and so is the opportunity. I am energized by the possibilities. Together, we’ll build on our collective strengths to create an even stronger future.” Jed Mercurio Among Bidders To Be Next ‘Doctor Who’ Producer Skydance CEOs Pressed On Layoffs & Trump As They Outline Future At Town Hall Michelle Yeoh Teases ‘Blade Runner 2099’; Zhang Yimou On ‘Three-Body Problem’ Abundantia Entertainment Turning AI Arm AiOn Into Standalone Studio More from this Story Arc Skydance October 7, 2026 Skydance CEOs Meet The Press On Day One Post-Merger With String Of Promises & Few Answers October 6, 2026 Cable Might Be Declining, But Skydance Sees Value In The Content From Its Core Brands Such as MTV & Food Network View All Story Arc Read More About: 1 Comments",0,2026-10-07 16:17:03
21,https://deadline.com/2026/10/skydance-paramount-warner-bros-lot-film-tv-streaming-based-1237148650/,"Skydance To Make Paramount & Warner Bros Lots Specialized, Each Housing Film Or TV/Streaming",Deadline,2026-10-01T00:00:00,2297,"Skip to main content By Nellie Andreeva Nellie Andreeva Editor-In-Chief @DeadlineNellie More Stories By Nellie Skydance CEOs Meet The Press On Day One Post-Merger With String Of Promises & Few Answers Skydance Co-CEO On Prospect Of TV Studios Merging: “We’re Not Looking To Reduce Output Production” Skydance To Make Paramount & Warner Bros Lots Specialized, Each Housing Film Or TV/Streaming View All October 6, 2026 8:37pm Add us as a Google Preferred Source Story Arc Getty Images Television and streaming are primed for a major upgrade — getting a whole historic lot all to themselves. The settlement in the state AGs’ lawsuit requires Skydance , the combined company of Paramount and Warner Bros. Discovery, to keep both the Paramount and Warner Bros. lots for at least the next five years. During a press event on the Paramount lot Tuesday, hours after the merger had closed , Skydance CEO David Ellison revealed that the two lots, each historically and currently housing both film and TV, would be organized differently. Related Stories Executives Skydance CEOs Meet The Press On Day One Post-Merger With String Of Promises & Few Answers News Skydance Co-CEO On Prospect Of TV Studios Merging: “We’re Not Looking To Reduce Output Production” “We absolutely will keep both lots, and you’ll probably see us organize film on one, television/streaming on another, and we’ll go back and forth between the two, as well as to the East Coast when required, as well as our Santa Monica offices for animation,” he said of himself and Skydance co-CEO Ynon Kreiz. Watch on Deadline Ellison would not elaborate further but based on the sizes alone — Warner Bros in Burbank being significantly larger than the Hollywood-based Paramount — film would likely be based on the Paramount lot and television and streaming on the Warner Bros lot, I hear. Such delineation would also jibe with Paramount — and its iconic arches — being steeped in movie history and a symbol of the golden era of cinema as the only major studio still located in Hollywood. The division would mean status quo for Dana Goldberg and Josh Greenstein, co-chairs of the motion picture group, who are based at Paramount; and Channing Dungey, head of Warner Bros. Television Group and Skyance’s basic cable networks, who is at Warner Bros.",0,2026-10-07 16:17:02
20,https://deadline.com/2026/10/skydance-cable-tv-future-mtv-food-network-1237148727/,"Cable Might Be Declining, But Skydance Sees Value In The Content From Its Core Brands Such as MTV & Food Network",Deadline,2026-10-01T00:00:00,8236,"Skip to main content By Peter White Peter White Executive Editor, Television @peterzwhite More Stories By Peter Cable Might Be Declining, But Skydance Sees Value In The Content From Its Core Brands Such as MTV & Food Network George Cheeks Teases Skydance TV Strategy In Memo To Staff, Exalts CBS, Sports & News ‘East Of Eden’ Tops Netflix Charts With Soft Opening View All October 6, 2026 8:57pm Add us as a Google Preferred Source Story Arc Deadliest Catch Discovery Channel As David Ellison brings together Paramount and Warner Bros. Discovery under the Skydance umbrella, series such as Game of Thrones spinoff House of the Dragon, Harry Potter and Taylor Sheridan’s Landman have been in the spotlight. But another swathe of content is driving many of the channels that bring in billions of dollars across the two companies. Comedy Central ’s The Daily Show and South Park, MTV ’s Ridiculousness , Nickelodeon ’s SpongeBob SquarePants and BET’s Sistas will now be placed under the same corporate umbrella as shows such as Discovery Channel ’s Deadliest Catch , TLC ’s 90 Day Fiancé , HGTV ’s The Flip Off, TBS’s Impractical Jokers and Investigation Discovery’s slate of true-crime titles like Ruby & Jodi: A Cult of Sin and Influence. Related Stories Executives Channing Dungey Poised For Expanded Post-Merger Role Overseeing Paramount & WBD Cable Networks – The Dish Executives George Cheeks Teases Skydance TV Strategy In Memo To Staff, Exalts CBS, Sports & News The problem is that while cable is still a high-margin business that throws off a lot of cash, it is declining. Watch on Deadline To paraphrase a former U.S. President, it’s about the content, stupid. At Skydance’s first press briefing following the closing of the deal, Skydance Co-CEO Ynon Kreiz was asked about its cable TV business. “There are many brands within our umbrella, and, ultimately, we’re looking to achieve economic scale, and be productive. We run a business that makes great content that can compete in the marketplace, and ultimately, it’s about investing in content,” he said. The former Endemol and Mattel chief believes that what makes Skydance stand apart is its IP. “The investment thesis is about increasing output and establishing the company as a leading content engine. When you do that, you can then drive growth in your [direct-to-consumer] business. You can continue to optimize linear channels around the world, which is a large business,” he added. Establishing the content engine from the cable side will be a job for George Cheeks , Co-Chair and Chief Content Officer, Skydance TV, and his new report Channing Dungey, who was Chairman and CEO, Warner Bros Television Group and US Networks, but will now also oversee the Paramount cable networks such as MTV, Comedy Central, Nickelodeon and BET as well as VH1, Paramount Network, TV Land, CMT, Pop TV and Logo TV. There are obvious priorities: MTV, Comedy Central, Nickelodeon and BET on the Paramount side and channels such as Discovery Channel, TLC, HGTV and Food Network on the WBD side, which also includes, Adult Swim, Cooking Channel, TNT and TruTV. Some of the brands are already focused on becoming a content engine for a digital world. Jason Sarlanis, President, TBS, TNT, truTV, ID & HLN, Linear & Streaming at Warner Bros. Discovery, told Deadline earlier this spring that Investigation Discovery has become more than just a cable network. “We really have transformed that network into being a content engine for streaming, and so getting those massive documentary ‘docbuster’ events to break through, both on the streaming platform, but using the network as a barker to bring that voracious audience to this new platform has been our strategy.” Paramount has already turned some of its linear franchises into digital properties such as Drunk History, which ran for six seasons on Comedy Central through 2019, which has returned as a series of digital shorts on YouTube . Nickelodeon has also greenlit a number of YouTube originals such as Kid Cowboy and Star Trek Scouts. The idea is that these serve as an incubator for ideas that can then be turned into franchises for its streaming services, which can then be fed back into the linear landscape. MTV seems ripe for this level of experimentation. When Quibi launched in 2020 it ordered a number of reboots of classic MTV series such as Punk’d and Singled Out, so it’s not a stretch to see those types of shows, or other iconic franchises such as TRL and Yo MTV Raps! , go digital. In success, they could be turned into streaming shows that have a second window on the cable networks. It’s not too dissimilar from the MTV Video Music Awards airing on CBS; the show, which featured awards given to the likes of Taylor Swift and Nirvana, hit an 11-year high with 8.43M viewers across CBS and MTV, but only just over 800,000 of those viewers watched on the cable network. Cheeks and Dungey will now be working out what that looks likes for WBD franchises. There is plenty of programming to plunder from Discovery Channel’s Mythbusters , which ran for 17 seasons before ending in 2016, to Ina Garten’s long-running Food Network’s hit Barefoot Contessa , Duff Goldman’s Ace of Cakes, Adam Richman’s Man V. Food and, TLC’s A Baby Story. After Skydance acquired Paramount, Cheeks, who was then Paramount’s Chair of TV Media division, admitted cable was a “super challenging business”. “But, the cable group, the content group, has created these incredibly iconic franchises, and we’re all seeing the pay cable business shifting over to streaming. So, there’ll be a lot of conversations about what iconic franchises we want to continue, shift maybe to streaming,” he said in August 2025. It is a similar message spread by former WBD cable chief Kathleen Finch, who retired at the end of 2024, handing the reins to Dungey. She warned that cable executives should “stop using the word cable” in the future and focus on content creation. “That’s going away at some point, so what we all are is creatives. You make content, then you put it on these different places and the audience chooses to watch it whichever place they happen to prefer,” she said before leaving. Where this leaves the combined company’s cable executives is now one of the big questions; Paramount unveiled its leadership team to run its cable networks in November with Laurel Weir overseeing programming for MTV, Comedy Central and Nickelodeon. Howard Lee has been Chief Creative Officer of U.S. Networks since the end of 2024 as well as continuing to oversee TLC and Discovery Channel, while Sarlanis has been running ID since June 2021 and TNT, TBS, TruTV and HLN since December 2022. Magnolia is run by Allison Page and Betsy Ayala is Head of Content, Food. The cable networks also played a major role in the delay of the deal; California Attorney General Rob Bonta and other AGs filed a lawsuit arguing that the merger would create too much concentration among these channels when it comes to negotiating carriage deals. In fact, the settlement that Bonta and others struck with Skydance meant that the merged company must conduct negotiations for Paramount basic cable channels independently from negotiations for Warner Bros. basic cable channels to “preserve the existing competitive dynamic between the companies”, which the AG would “help to keep prices down for consumers”. If they break this rule, or in fact, break other rules such as the number of theatrical movies it releases per year, it is these cable assets, notably, BET, VH1, Comedy Central, Smithsonian, Destination America, and the Science Channel, that will be in the crosshairs with Skydance forced to sell them. Jed Mercurio Among Bidders To Be Next ‘Doctor Who’ Producer Skydance CEOs Pressed On Layoffs & Trump As They Outline Future At Town Hall Michelle Yeoh Teases ‘Blade Runner 2099’; Zhang Yimou On ‘Three-Body Problem’ Abundantia Entertainment Turning AI Arm AiOn Into Standalone Studio More from this Story Arc Skydance October 6, 2026 Skydance To Make Paramount & Warner Bros Lots Specialized, Each Housing Film Or TV/Streaming October 6, 2026 George Cheeks Teases Skydance TV Strategy In Memo To Staff, Exalts CBS, Sports & News View All Story Arc Read More About: 3 Comments",0,2026-10-07 16:17:01
19,https://deadline.com/2026/10/skydance-tv-studios-merging-warner-bros-cbs-studios-ptvs-1237148403/,Skydance Co-CEO On Prospect Of TV Studios Merging: “We’re Not Looking To Reduce Output Production”,Deadline,2026-10-01T00:00:00,3505,"Skip to main content By Nellie Andreeva Nellie Andreeva Editor-In-Chief @DeadlineNellie More Stories By Nellie Skydance CEOs Meet The Press On Day One Post-Merger With String Of Promises & Few Answers Skydance Co-CEO On Prospect Of TV Studios Merging: “We’re Not Looking To Reduce Output Production” Skydance To Make Paramount & Warner Bros Lots Specialized, Each Housing Film Or TV/Streaming View All October 6, 2026 10:24pm Add us as a Google Preferred Source Channing Dungey, David Stapf, and Matt Thunell Sundance/Courtesy Paramount’s $110B acquisition of Warner Bros. Discovery has come without any consolidation of the two companies’ film and TV studios — at least for now. On the TV side, that involves Warner Bros. Television Group, run by Channing Dungey (who also is shepherding the combined basic cable portfolio), CBS Studios , headed by David Stapf, and Paramount TV Studios, led by Matt Thunell, remaining standalone entities within the combined Skydance company, all overseen by George Cheeks, Co-Chair and Chief Content Officer, Skydance TV. Related Stories Executives Skydance CEOs Meet The Press On Day One Post-Merger With String Of Promises & Few Answers News Skydance To Make Paramount & Warner Bros Lots Specialized, Each Housing Film Or TV/Streaming At a press conference held on the Paramount lot Tuesday afternoon, hours after the transaction closed, Skydance CEO David Ellison and co-CEO Ynon Kreiz were asked how long the three entities will stay separate and if consolidating backend operations is on the table. “When it comes to the TV studios, it’s about scale,” Kreiz said. “We’re not looking to reduce output production. It’s about efficient operation, and we have plans how to achieve that while still maintaining creative labels, creative parts to ensure that creativity still continues to flow, and we attract the best creators.” Watch on Deadline Making operations efficient is important as Ellison and his team at Paramount had promised Wall Street $6 billion in synergy savings post-merger. Later in the press conference, Kreiz elaborated on his comments when he and Ellison were asked again whether departments from the three TV studios may get consolidated en route to a potential full merger and if the studios would compete for talent and projects in the meanwhile. “You need to to keep certain creative parts independent and have them run and operate semi-autonomously,” Kreiz said, adding, “In the sense that the company is still one platform, we would coordinate and align and not compete directly.” Conversations with individual TV studio heads also indicate that they don’t foresee competing for talent or projects and having a collaborative environment where they share information on buyers. “There would still be an element of different teams trying put together great projects and create something that stands out in a crowded market,” Kreiz said. “You cannot aggregate that under one theme in terms of the creative process.” For comparison, it took Disney six years after the acquisition of Fox assets to fully merge the company’s three TV studios — 20th Television, ABC Signature and Touchstone Television — which was done in two stages. Skydance CEOs Meet The Press On Day 1 With Lots Of Promises, Few Answers Jed Mercurio Among Bidders To Be Next ‘Doctor Who’ Producer Facebook Exposed In Aaron Sorkin’s Stirring Thriller ‘The Social Reckoning’ Michelle Yeoh Teases ‘Blade Runner 2099’; Zhang Yimou On ‘Three-Body Problem’ Read More About: 2 Comments",0,2026-10-07 16:17:00
18,https://deadline.com/2026/10/ted-lasso-season-4-finale-recap-how-it-ends-1237148745/,‘Ted Lasso’ Season 4 Finale Recap: The Last Match Of The Season & A Shareholders’ Showdown,Deadline,2026-10-01T00:00:00,10832,"Skip to main content By Dessi Gomez Dessi Gomez SEO Staff Writer @GomezDessi More Stories By Dessi Everything We Know About Prime Video’s ‘Things We Never Got Over’ Adaptation So Far Here Are All The Songs In The ‘Verity’ Film Adaptation: From FKA Twigs To Kali Uchis All The Songs In ‘Ted Lasso’ Season 4 So Far View All October 6, 2026 11:10pm Add us as a Google Preferred Source L-R: Abbie Hern, Brendan Hunt, Jason Sudeikis, Tanya Reynolds, Jude Mack and Aisling Sharkey in 'Ted Lasso' Apple TV SPOILER ALERT: This post spoils the Season 4 finale of Ted Lasso , titled “Being Alive.” Another finale episode of Ted Lasso has hit the net, bringing its fourth season, which branched out into the women’s team storyline, to a close. The episode kicks off with a funeral reception for AFC Richmond’s own Mae Green (Annette Badland), owner of the Crown & Anchor pub, at the very pub she helmed for years. The trio of lads who have been around since Season 1 of the soccer comedy, as well as the new trivia opponents who briefly provoked the Lady Greyhounds enough to get them landed in jail, are all at the pub, which is closed for a private event, to mourn Mae. Related Stories News All The Songs In ‘Ted Lasso’ Season 4 So Far News ‘Ted Lasso’ Pays Tribute To Anthony Head – Here’s Why It Happened In Episode 409 Ted ( Jason Sudeikis ), Michelle (Andrea Anders), Henry (Grant Feely) and Coach Beard ( Brendan Hunt ) are in attendance as well. Michelle questions Beard about his physical transformation, which has become noticeable throughout the season, from his husky-like blue eye contacts to his tan and gray hair, which brings up Mae’s favorite sheep, Doug, who had an ear tag like Beard’s dangly earrings. Watch on Deadline The Lady Greyhounds are there as well, and Niamh Harrigan (Aisling Sharkey) challenges her teammates to split the G, which an older gentleman points out is a tradition that actually started in Britain, not Ireland. He then proceeds to chug just the right amount of Guinness to achieve the feat with the specific beer. Rebecca (Hannah Waddingham) and Higgins (Jeremy Swift) toast to Mae before Higgins gets a call from HR. Keeley (Juno Temple), who we found out was pregnant in Episode 9, runs to her bathroom in a black dress to presumably hurl. Roy looks after her in his all-black suit. He, too, gets a call, but he declines to answer. It’s his ‘Prick Agent’ Patrick calling, which could mean something about his contract at Richmond ending or continuing. Roy voices his concern that, because Keeley is pregnant and they are bringing new life into the world, Mae’s soul had to leave it. This tradition of sharing uncomfortable truths at a funeral stems from Season 2, in which Rebecca’s father died. Weirdness struck at that funeral as well. Keeley points out that things keep changing, like her body, and more. Brett Goldstein as Roy Kent in ‘Ted Lasso’ Season 4 finale Patrick, Roy’s agent, calls once more, and Roy finally picks up to learn that he’s been offered the head coaching job at Chelsea. He then takes his turn running to the bathroom to puke in the toilet. Ted and Michelle check on Henry, who had grown close to Mae this season, and he wonders what will happen to the pub. As is the theme of the episode, Ted reaffirms that “big changes happen in bunches.” Henry then goes to play darts after sarcastically answering, “I know, I live in London now.” Alice Chilton ( Tanya Reynolds ) framed the team selfie with Mae on the bus. Beard’s ex Jane (Phoebe Walsh) shows up to the private event that has closed the Crown & Anchor in a red dress and hat, calling Mae Meg. One of her rings gets caught on Beard’s earring, and she rips it out of his ear. The Harrigan twins serenade the late Mae with “The Parting Glass,” even though Mae was not Irish. Higgins had something to tell Rebecca before that duet. Henry leaves the pub, and Ted goes to check on him. “I just wish that she could help me with my homework again,” Henry says through tears. Henry then asks Ted how his dad died. Nana (Becky Ann Baker) told Henry that his grandfather fell and hit his head on some stairs, which Ted says is true. Longtime viewers of the show know that that’s not what happened — Ted’s dad committed suicide. He and Beard unpack this later at the office. Here it might be noteworthy to mention that a new voice sang the show’s title theme for the season finale, written by Tom Howe and Mumford & Sons. Could the below be related? View this post on Instagram We meet Lizzie’s (Faye Marsay) co-parent Ben (Simon Lipkin), a rocker man who doesn’t always show up for the mother of his two sons. He says he will try to get the kids the following day, when Lizzie will be part of the Lady Greyhounds’ final match of the season, but he’s a flake. Back to that thing Higgins mentioned, he and Rebecca were summoned to a shareholders’ meeting, even though they don’t know who will show up, because it seems “Rupert” has bought out all the shares, meaning there are no real shareholders anymore. L-R: Tanya Reynolds, Jason Sudeikis and Brendan Hunt in ‘Ted Lasso’ Enter Keeley in some pink pajamas with a new video idea to sell out Nelson Road. It is the opposite of the black-and-white, very serious promo video from the beginning of the season. Keep your eyes peeled, because Nathan Shelley (Nick Mohammed) shows up in a blink and you’ll miss it moment, holding his baby daughter and watching the clip. His and Jade’s (Edyta Budnik) daughter’s name is Athena. Team captain Lizzie is missing in the locker room before the final match. Nate the Great then shows up to say hi to the coaches before their big day. Turns out he’s coaching the Polish national football team — with two other people. Roy interrupts this life update to summon the Diamond Dogs for advice about his predicament. This brings Ted, Beard, Higgins, and Nate to act silly in front of Alice, who takes Ted’s suggestion to act like a cat. Roy reveals Keeley’s pregnancy, and how he’s worried about being a good dad. The Diamond Dogs have some great nuggets of fatherly advice. Beard reveals that Jane faked a pregnancy for 11 months. Alice might drop the biggest piece of wisdom at all: “Don’t disappear when you feel inadequate.” Matthijs (Matteo van der Grijn), who we haven’t seen in a few episodes, calls Rebecca, apologizing that he can’t be there for the meeting. Higgins reveals the Milk sisters have sold their shares, and Zelda Southport (Tracey Ullman) gasps, doing a terrible job of hiding that she now owns those shares. Shannon is in the starting lineup of this final match. Ted gives a simple speech to the women, thanking them. He nods to Mae, who hopefully has good Wi-Fi at the pubs up in heaven. Nelson Road Stadium has been sold out for this last women’s match. Dani Rojas (Cristo Fernández), Isaac McAdoo (Kola Bokinni), Jan Mas (David Elsendoorn), Stephen Manas (Richard Montflaur), Thierry Zoreaux (Moe Jeudy-Lamour), Colin Hughes (Billy Harris), Moe Bumbercatch (Moe Hasim) and Sam Obisanya (Toheeb Jimoh) are in the audience with Roy, clapping for the ladies. Roy asks Sam if he ever questioned leaving Richmond for Man U, and Sam quotes The Wizard of Oz , citing Dorothy and saying that “Sometimes you have to leave to know where home truly is.” This saying ties in with the Wizard of Oz layers in Season 4’s first episode when Keeley, Rebecca and Higgins visit Ted in Kansas City. Turns out Sam was actually citing his Aunt Dorothy, but a story for another time. Keeley gets to watch the game until she yells at the ref. Just as Annette Badland teased to Deadline , Mae’s shares come in clutch from beyond the grave at the Bi-Annual Shareholders’ Meeting, only attended by the three lads from the pub. Zelda, in a black-and-white Cruella de Vil coat, admits that she bought all the shares, making her owner of AFC Richmond with a controlling interest of over 50% of the shares. Her goal all along was to own a men’s Premier League team to make men listen to her. Ted tells Henry the truth about his grandfather’s death. Back at the Shareholders’ meeting, Rebecca and Higgins fake scream at each other and reveal that the Milk sisters didn’t actually sell their shares to Zelda after all. Turns out, Hugo Riddles (Alex Blake) —the HR who called Higgins — teamed up with Rebecca and Higgins, but the math isn’t mathing because now it is 49%-49%. Elaine Pinter (Helen Schlesinger) of Pinter & Sons zooms in to speak on behalf of former client Mae Green to tell Mr. Blumenthal, Mr. La Fleur and Mr. Primrose (the three pub lads) that they’ve become owners and proprietors of the Crown & Anchor pub. Ms. Green’s 2% ownership stake in AFC Richmond goes to Rebecca, as she declared in her will. This puts Rebecca back at 51%. Roy approaches Rebecca to tell her about his decision to go to Chelsea. She does not take it well at first, mocking him and his eyebrows. Roy then mocks her right back. They share a very sweet hug, and she earns her nickname from Roy and Keeley’s future child, Auntie Supreme. Ted asks Rebecca if he can chat with her about the newly opened manager position. Cut to Beard, who is reading how Emma Stone is starring in Jane’s play at the West End, with Richard Schiff starring as the Bearded Coach. Matthijs shows up, points out Beard’s lack of blue contacts, and makes fun of the guinea pig left behind on his head. Rebecca says “Fuck it, marry me” to Matthijs after she’s had a revelation while munching on one of Ted’s biscuits. He says yes! Juno Temple as Keeley Jones in ‘Ted Lasso’ Season 4 Annette Badland’s voice narrates the end of the episode, with Isaac giving Beard a precious haircut, handed an electric razor by Will the Kitman (Charlie Hiscock). Roy packs up his office, and he finds an envelope with his name on it, containing a note from Ted that says he’s going to be a great dad. Ted gives him an army man like Henry gave Ted when Ted first moved across the pond. Keeley comes to walk him out of his office wearing ruby red heels. Alice starts a sticky note countdown of 112 days until the first game of the next season for the Lady Greyhounds. Turns out she’s the one who’s been lowering Ted’s chair this whole time. Ted gives her a going-away present, which seems to be a whistle in a red box, meaning she has been promoted to Head Coach of the Lady Greyhounds. Beard shows up, rocking a buzz cut, wondering if he missed it. A plaque outside their office declares Alice Chilton Manager of the AFC Richmond Women’s team. Willis Beard and Ted Lasso are Assistant Managers. Skydance CEOs Meet The Press On Day 1 With Lots Of Promises, Few Answers Jed Mercurio Among Bidders To Be Next ‘Doctor Who’ Producer Facebook Exposed In Aaron Sorkin’s Stirring Thriller ‘The Social Reckoning’ Michelle Yeoh Teases ‘Blade Runner 2099’; Zhang Yimou On ‘Three-Body Problem’ Read More About: Comments",0,2026-10-07 16:16:59
17,https://deadline.com/2026/10/zhang-yimou-three-body-problem-busan-jury-1237148613/,Zhang Yimou Teases ‘Three-Body Problem’ At BIFF Opening; Jury Talks ‘The Assassin(s)’ Controversy & Competition Impact,Deadline,2026-10-01T00:00:00,6273,"Skip to main content By Liz Shackleton Liz Shackleton pmc-media-editor-2024 More Stories By Liz Michelle Yeoh Talks ‘Blade Runner 2099’ & Return To Asian Cinema – Busan Zhang Yimou Teases ‘Three-Body Problem’ At BIFF Opening; Jury Talks ‘The Assassin(s)’ Controversy & Competition Impact Busan Film Festival Director Jung Hanseok Talks Oscars Pathway, New Competition Section & Korean Cinema Recovery View All October 6, 2026 11:29pm Add us as a Google Preferred Source L-R: Zhang Yimou, Bi Gan, July Jung, Samal Yeslyamova, Kei Ishikawa, Tran Thi Bich Ngoc, Moon Choi Deadline Chinese filmmaker Zhang Yimou , who is serving as president of Busan International Film Festival’s competition jury, offered some details of his upcoming adaptation of sci-fi epic The Three-Body Problem at the festival’s opening ceremony on Tuesday night. First announced at Shanghai film festival in 2024, there hasn’t been much news about the project recently, but Zhang explained that it’s moving steadily ahead: “ The Three-Body Problem is a great work of science fiction, but it’s hard to photograph, so we spent several years polishing the script,” he said on stage at Busan Cinema Center. Related Stories News Michelle Yeoh Talks 'Blade Runner 2099' & Return To Asian Cinema - Busan News Busan Film Festival Director Jung Hanseok Talks Oscars Pathway, New Competition Section & Korean Cinema Recovery He added that his team has collected around 400,000 online comments from fans of the novel about their hopes for the film: “In this era of AI, with its democratization of images, audience expectation is extremely high so we hope to live up their expectations and make a good movie.” Watch on Deadline One of China’s most acclaimed works of science fiction, Liu Cixin’s The Three-Body Problem is the first book in a trilogy that begins with a scientist who discovers that an alien civilization is planning to take over Earth as their own planet is too unstable. It has already been adapted by Netflix as an English-language series and has had two Chinese-language adaptations – a live-action series produced by Tencent and an animated series from Bilibili. The property has had a colourful history with one Chinese-language feature adaptation left unfinished and an executive involved in handling the rights murdered by a colleague in 2020. Zhang’s version is being produced by Beijing Enlight Media, the studio behind blockbuster animation Nezha 2 , and is understood to involve a significant AI component. One of China’s most acclaimed directors, with a career stretching back to the Fifth Generation, Zhang continues to make hit films in China today, most recently with spy thriller Scare Out over Lunar New Year. The day after the BIFF opening, Zhang gave a typically diplomatic answer at the jury press conference when asked about the controversy that has erupted in Korea over Hur Jin-ho’s political thriller The Assassin(s) . The film, which premiered at Toronto International Film Festival, revolves around the attempted assassination of South Korean President Park Chung-hee in 1974, which resulted in the death of the First Lady. Right-wing groups have attacked the film for lack of historical accuracy, with the issue even being debated in Korea’s National Assembly, forcing the film to cancel its planned promotional activities at BIFF due to security risks. When asked about the relationship between historical accuracy and freedom of speech, Zhang replied: “Creation is creation and sometimes what we create is not historical fact. We may ask ourselves, should this be based on our lives? But often we need to go beyond our lives to make a good film.” He continued: “I haven’t seen the film in question, but we have to respect the creators – history is distant from us, but we can use it to tell stories to audiences living in current times, so in some ways it’s a form of art. What the audience feels or thinks after watching the film is up to them – everyone has different opinions – and this is the charm or beauty of the film.” Korean filmmaker and jury member July Jung ( Dora ) added: “I feel discouraged by this situation as a filmmaker. Due to the way this film depicts certain people, it means that some people could be damaged or hurt by his film. On the other hand, as filmmakers we need to accept that some people will criticize our work and take full responsibility for the worlds we create.” The BIFF jury also debated the impact of the festival’s competition section, now in its second year, which this year has a selection of 13 films, with the jury handing out six prizes. Under new Academy rules, the winner of the festival’s Best Film Award will automatically qualify for submission to the Best International Feature category of the Oscars. Chinese director Bi Gan ( Resurrection ) said: “Busan was already a strong festival without the competition, but it’s now a core component of the festival for filmmakers in China, Japan and Korea because it creates a new trend. It’s not just about selecting prize winners, but it gives people more reason to discuss the selected films. It’s a good way to open the discourse between people.” Vietnamese producer Tran Thi Bich Ngoc ( Skin Of Youth ) said: “Busan has always been a crucial place to discover new talent and New Currents [previously the main competition section at BIFF] did a great job in recognizing emerging directors who needed a platform for us to discover their voices. But Asian cinema is growing fast in terms of quality and the number of great films coming from the region. So the festival’s new competition section matches that growth and demand.” BIFF’s seven-person jury also includes Korean actress Moon Choi, who produced and acted in Bedford Park , which is screening at the festival this year; Japanese director Kei Ishikawa ( A Pale View Of Hills ); and Kazakh actress Samal Yeslyamova ( Ayka ). The jury will be handing out their awards at the closing ceremony on October 15. Jed Mercurio Among Bidders To Be Next ‘Doctor Who’ Producer Skydance CEOs Pressed On Layoffs & Trump As They Outline Future At Town Hall Michelle Yeoh Teases ‘Blade Runner 2099’; Zhang Yimou On ‘Three-Body Problem’ Abundantia Entertainment Turning AI Arm AiOn Into Standalone Studio Read More About: Comments",0,2026-10-07 16:16:58
16,https://deadline.com/2026/09/doctor-who-tender-bbc-calls-1237106539/,competitive tender,Deadline,2026-10-01T00:00:00,1531,"Skip to main content By Jake Kanter Jake Kanter International Investigations Editor @Jake_Kanter More Stories By Jake ‘Doctor Who’ Bids Revealed: Jed Mercurio Leads Pitch To Regenerate BBC Series, As STV Studios Plans To Transport TARDIS To Scotland Jeffrey Archer Dies: Bestselling ‘Kane & Abel’ Author & Politician Was 86 BBC Names Ex-‘Panorama’ Editor Rachel Jupp As Director Of News View All September 17, 2026 9:35am Add us as a Google Preferred Source 'Doctor Who' BBC Studios/Bad Wolf/James Pardon The BBC has fired the starting gun on the regeneration of Doctor Who . The British broadcaster on Thursday launched a competitive tender for Season 16, in which producers will pitch in a bake-off-style process to refresh the iconic sci-fi series. The tender process follows the BBC announcing a major creative rethink of Doctor Who in June after showrunner Russell T Davies and producer Bad Wolf abandoned ship, and Disney’s co-production deal expired. Ncuti Gatwa also will not return as the Time Lord. Related Stories News ‘Doctor Who’ On Prime Video? Amazon Execs Say They “Welcome Any Conversation Around IP” News Billie Piper Says ‘Doctor Who’ Fans Need To “Chill Out” After Sci-Fi Show’s “Rough Time” In a document inviting submissions ( see it here ), the BBC said producers should detail a vision for Doctor Who that can return to screens in 2028-29 — as predicted by Deadline — and ensures the series remains “relevant, surprising, brave and inspiring for both long-standing fans and new audiences.” Watch on Deadline",0,2026-10-07 16:16:56
15,https://deadline.com/2026/10/doctor-who-bids-revealed-jed-mercurio-bbc-scotland-1237147648/,"‘Doctor Who’ Bids Revealed: Jed Mercurio Leads Pitch To Regenerate BBC Series, As STV Studios Plans To Transport TARDIS To Scotland",Deadline,2026-10-01T00:00:00,5207,"Skip to main content By Jake Kanter , Max Goldbart October 7, 2026 12:12am Add us as a Google Preferred Source David Tennant in 'Doctor Who' BBC Studios EXCLUSIVE : Could Jed Mercurio be about to take control of the TARDIS? Deadline can reveal that the Line of Duty showrunner is spearheading a bid to produce Doctor Who after the BBC launched a competitive tender , a bake-off-style process in which producers have put forward plans to regenerate the iconic sci-fi series. We are told Hat Trick Mercurio (HTM), the production company Mercurio runs with Hat Trick founder Jimmy Mulville, has submitted a proposal with Mercurio attached as an executive producer. Mercurio is a sci-fi fan and created BBC series Invasion: Earth in the 1990s. He has since become one of the nation’s pre-eminent TV scribes, with credits including Bodyguard and Cardiac Arrest. HTM declined comment. Related Stories News Katherine Parkinson, Omari Douglas & Toby Stephens Join BBC & BritBox's Poirot Series News Martin Freeman & Jim Broadbent Set For Dickensian Christmas Ghost Story 'The Bride's Chamber' At The BBC HTM is one of several production outfits bidding for Doctor Who. Line of Duty producer World Productions has submitted separate plans to reimagine the Time Lord after CEO Simon Heath recently mooted his interest in the Doctor Who tender. Sources said that World is effectively spearheading ITV Studios’ efforts to land the contract. World Productions declined comment. Watch on Deadline Or could the TARDIS soon be spinning its way to Scotland? Deadline is told STV Studios , the production group behind Blue Lights and Criminal Record , has made an audacious bid to move the show north of the English border for Season 17. Deadline understands that the company has teamed up with Screen Scotland to table the proposal. STV Studios declined comment. We previously revealed that two different BBC Studios labels will likely table bids to make Doctor Who , with scripted boss Jamie Hall animatedly saying the entire BBC group should “reap the rewards” of the iconic sci-fi series. He told Deadline last week “there is an opportunity to get back to what the core offering was” during the era of Matt Smith and David Tennant. BBC Studios runs an in-house drama teams along with majority-owning big beasts of the UK production world like Baby Reindeer maker Clerkenwell Films, Sherwood producer House Productions and Lookout Point. The deadline for Doctor Who submissions was last Friday, meaning the BBC is now considering competing visions for the show, which requires a dramatic refresh after showrunner Russell T Davies and producer Bad Wolf abandoned ship. Peter Capaldi stars in ‘Doctor Who’ BBC A Scotland bid is intriguing. The BBC has stipulated tha t Doctor Who must be made outside of London after Wales served as the show’s home for many years. The BBC came in for some criticism last year for axing long-running Scottish soap River City, although it is worth noting that at the time it said it would spend £100M ($132.3M) on drama in the nation over the next three years. STV Studios also has a connection to the Whoniverse: Peter Capaldi, who played the Time Lord for three years, stars in Criminal Record , the Apple TV series produced by his wife, Elaine Collins, who runs STV-backed Tod Productions. Deadline’s list of bidders is by no means exhaustive and other interested parties may yet emerge. There is speculation, for example, of a second Scottish bid with a well-known native actor thought to be interested in picking up the Sonic Screwdriver. The previous Doctor, Ncuti Gatwa, was brought up in Scotland. Deadline has established that several top producers have declined to throw their hat into the ring, with many citing concerns about the lack of rights and the production contract sucking creative energy away from other projects. Among those not bidding are A24 UK, Playground, Mammoth Screen, New Pictures, Big Talk Studios, Expectation and Quay Street. “Anyone with a pulse knows it will go to BBC Studios,” was the view of one producer. Another seasoned production chief added: “If Jane Tranter and Russell T Davies can’t make sense of that show, then who can and who wants to? It feels like a thankless task.” In a document inviting submissions ( see it here ), the BBC said producers should detail a vision for Doctor Who that can return to screens in 2028-29 — as predicted by Deadline — and ensures the series remains “relevant, surprising, brave and inspiring for both long-standing fans and new audiences.” Interviews with bidders will take place in January, with the BBC awarding a contract in March. The BBC was not prescriptive about budgets but invited producers to propose “third-party investment.” This has raised eyebrows among some producers, who would have liked more detail on the BBC’s funding expectations for the series. The BBC declined to comment. Skydance CEOs Meet The Press On Day 1 With Lots Of Promises, Few Answers Jed Mercurio Among Bidders To Be Next ‘Doctor Who’ Producer Facebook Exposed In Aaron Sorkin’s Stirring Thriller ‘The Social Reckoning’ Michelle Yeoh Teases ‘Blade Runner 2099’; Zhang Yimou On ‘Three-Body Problem’ Read More About: 17 Comments",0,2026-10-07 16:16:55
14,https://deadline.com/2026/10/abundantia-entertainment-ai-creative-arm-studio-1237147643/,Abundantia Entertainment To Turn AI Creative Arm AiOn Into Standalone Studio: “Truly A Confluence Of Technology And Art”,Deadline,2026-10-01T00:00:00,18679,"Skip to main content By Jesse Whittock Jesse Whittock International TV Co-Editor @WhittockTweets More Stories By Jesse ‘The Empress’: Trailer For Season 3 Finds Sisi Stuck Between Royal Duties & Her Heart’s Desires Abundantia Entertainment To Turn AI Creative Arm AiOn Into Standalone Studio: “Truly A Confluence Of Technology And Art” Natasha Ofili Signs With Established Artists Management View All October 7, 2026 1:00am Add us as a Google Preferred Source 'Subedaar', 'Maa Behen' and 'Daldal'' Vikram Malhotra (inset) Netflix/Prime Video/Abundandia Entertainment EXCLUSIVE: This time last year, India ‘s Abundantia Entertainment launched an AI production division named Abundantia AiOn . Today, we can reveal that is morphing into a fully standalone native AI studio that will seek harness in an influx of ideas from non-traditional sources. “AiOn will develop its own stories, create its own content, produce fully generated as well as hybrid work, and manage the entire ecosystem, just as Abundantia does as a standalone studio,” Vikram Malhotra , Abundantia’s founder and CEO told Deadline during an exclusive interview. Malhotra will remain in charge of AiOn for the time being. “For the moment, it will sit within Abundantia, but we are building it in a way that gives it its own identity and scope,” he said. Watch on Deadline Related Stories News Raj Shamani, Indian Content Creator & Host Of 'Figuring Out' Pod, Signs With WME News 'Kaali Kheti', Horror Starring Jackie Shroff, Sharad Kelkar and Neha Sargam, Sets Indian Release Date “Workflows have become hybrid, and production and creative thinking are becoming hybrid. The capability needed to run AI at studio level will not be found solely within the conventional media and entertainment system. It is truly a confluence of technology and art.” Malhotra said the move had been taken after receiving “three times as many pitches from people who have never written, made films or belonged to the conventional filmmaking ecosystem as I have in the past” over the last six months. He cited the rise of directors such as Obsession ‘s Curry Barker and Backrooms ‘ Kane Parsons as evidence of a “democratization” of ideas that would be powered by AI studios in the future. “AiOn defines itself as human-first and AI-empowered, and I’m seeing that happen in front of my eyes in real time,” he added. Earlier in the year, Abundantia announced another AI studio initiative, teaming with AI video tech company InVideo to launch a film studio, which will develop a slate of five films over the next few years. That company is also teaming with Abundantia aiOn. Malhotra, one of India’s most experienced execs and producers, launched Abundantia back in 2013 after exiting a role as COO of Viacom18 Motion Pictures and a shorter spell leading Balaji Motion Pictures. The company has since made films such as Baby , Airlift , T oilet – Ek Prem Katha , Shakuntala Devi , Sherni , and Chhorii and Chhorii 2 . On the series from, it produced Prime Video’s Breathe . This year has seen the launch of Netflix films Maa Behen and a movie and series for Prime Video, Subedaar and Daldal , respectively. The former is an action drama directed by Suresh Triveni and fronted by Anil Kapoor; and the latter an original drama series starring Bhumi Pednekar. Maa Behen , a Hindi-language black comedy starring Madhuri Dixit and Triptii Dimri among others, was well received on Netflix. It became the #1 trending film on Netflix India in the week of its release in June and rose to #2 in global non-English films. Subedaar , meanwhile, was notable for being Anil Kapoor’s first action movie since S. Shankar’s Nayak: A Real Hero , which was released in 2001. Malhotra addressed how he tempted the actor back to the genre (clue: It wasn’t a hard sell) and gave his assessment of the Indian production as we look ahead to 2027 and beyond. DEADLINE: There’s a lot of interesting work going on at Abundantia right now. How has the year been so far? Vikram Malhotra: It’s been an exciting year. We completed 13 years on the 26th of this month, and in many ways this year has been the manifestation of the 12 years that came before it – and hopefully a sign of things to come. The last nine months have been exciting for us on all fronts. DEADLINE: What has happened that really punctuates that progress? Malhotra: When I started building Abundantia in 2013, the fundamental gap I had identified throughout my time in the business, including at Viacom18 and Balaji, was that the supply of high-quality, progressive content for a younger, more evolved audience wasn’t meeting demand. Abundantia was formed and built with studio economics in mind, rather than project economics. I was always focused on building an institution, rather than approaching the business on a project-by-project basis, which is often the short-sighted way demand or opportunity is evaluated in this market. If we use 2026 as a symbol of that approach, the year has included three releases: One film on Prime Video, one series on Prime Video and one film on Netflix. We also have theatrical work lined up, more projects with those two streamers and a number of things in development. The founding philosophy remains the same: Put the customer at the heart of the business, let creativity drive the velocity of the business and continue disrupting the kinds of stories you tell. Whittock: One of the major strategic moves you have made is into AI, including the deal with InVideo in February and your AI studio. There is a lot of discussion around AI, and companies are still working out what it means for them, but Abundantia seems to have moved beyond the theoretical stage. How would you describe the strategy? Malhotra: AI is a strategic priority for us. It is not simply another means of reducing costs and saving time. Throughout our journey, we have factored in technological shifts. COVID taught us how to work remotely, and we naturally began weaving that into our production workflow. When streaming arrived in India, it completely changed how hundreds of millions of Indian consumers experienced content. We were the first company from the film ecosystem to move into streaming. I sense an even bigger opportunity with AI. Abundantia has been working on it in our own way for the past two years. As with streaming, the idea was to first understand what we were dealing with, build capability and build for the long term. DEADLINE: Will AI end up as a positive thing for the industry, then? Malhotra: I look at AI as an amplifier of imagination and an accelerator of growth. More importantly, I see it addressing a fundamental aspect of the content business: Risk. This business has risk built into it because risk comes from the consumer side. It is an intangible reason why people spend time and money on what we offer. Any attempt to eliminate that risk would be futile. So we asked ourselves: Can AI help reduce the cost of going wrong? Beyond the logistical benefits – cost, time and scale – can it improve our ability to understand how and where we go wrong? If we do go wrong, can we learn quickly from those mistakes and build that learning into a replicable model? That is fundamentally how AI is built into Abundantia’s strategy.” We have a dedicated creative division called AiOn, under which we have been doing all our AI work. I’m happy to tell you this today that in 2027 we are launching AiOn as a fully fledged, fully native AI studio. AiOn will develop its own stories, create its own content, produce fully generated as well as hybrid work, and manage the entire ecosystem, just as Abundantia does as a standalone studio. DEADLINE: Will it remain within Abundantia? Malhotra: For the moment, it will sit within Abundantia, but we are building it in a way that gives it its own identity and scope. Workflows have become hybrid, and production and creative thinking are becoming hybrid. The capability needed to run AI at studio level will not be found solely within the conventional media and entertainment system. It is truly a confluence of technology and art. Technology has already disrupted the conventional media and entertainment model in two important ways. First, through funding from technology-native companies; and second, through disruption in distribution, whether via streaming or other non-conventional forms that are now mainstream. This is technology creating a new wave of creatives. AiOn is intended to harness that at a dedicated level as a native AI studio. DEADLINE: Who will lead AiOn? Malhotra: In the immediate term, it will remain under Abundantia’s leadership, with me leading AiOn as well. To clarify, we will continue to call it AiOn – we are not calling it AiOn Studios. I’m using that description for ease. We will draw on Abundantia’s learning and capability across the ecosystem, from creative to screen and everything in between. We will also draw on the networks, knowledge and access we have built, while rapidly creating a similar ecosystem under AiOn. The strategy is based on the fact that we will need new skill sets. The person telling the story will still be human, but that person’s background may be very different from what we have conventionally seen. DEADLINE: What prompted you to make this move? Malhotra: One statistic excites me most. In the last six months, on average, I have received three times as many story pitches from people who have never written, made films or belonged to the conventional filmmaking ecosystem as I have in the past. That is the impact of AI-driven democratization on our business. People can bounce ideas around, refine pitches, create an audiovisual package around the story they want to tell and add music. AiOn defines itself as human-first and AI-empowered, and I’m seeing that happen in front of my eyes in real time. DEADLINE: You have spoken about two films coming out of the studio – Chiranjeevi Hanuman and Jai Santoshi Mata: Sukh Sampatti Daata . Where do those projects stand? Malhotra: Chiranjeevi Hanuman is completing readiness. Jai Santoshi Mata is a hybrid project and is set to go on the floors early next year. The work on world-building and on every aspect of AI generation is already under way. Beyond that, we have accelerated the slates we have been building. Our work with one of our long-standing partners, InVideo, is bearing fruit. Two films are under way, including one that is about to go on the floors, and three other scripts – with defined filmmakers, timelines and budgets – are already in development. My understanding of using AI to create films is that the only way to do it is to get on and do it. We have accumulated significant learning through the production process of Chiranjeevi Hanuman . We are building on that as we take Jai Santoshi Mata and two other films to the floors, as we find new filmmaking voices and as we learn through consumer research. When I say AiOn will operate like a studio, there is a reason I distinguish that from its current form as a creative division. AiOn will leverage AI across the value chain. DEADLINE: You have mentioned the increase in pitches from non-traditional sources. In Hollywood, YouTube creators and people from the wider creator economy are moving into film and television rapidly. Are you seeing the same change in India, and are you looking in those places? Malhotra: It is safe to say that the penetration of AI into daily life, especially among people under 35 in India, is virtually 100%. Anyone with a smartphone is experiencing AI at work. Anyone with a smart device is experiencing AI at work. That gives me confidence and optimism. I no longer have to sell the concept. A year or 18 months ago, I was talking about upskilling writers and directors and asking how people would be able to create. People have moved so aggressively along the learning curve that those challenges are falling by the wayside. Anyone with a story to tell now has the ability to get that story into tangible form. The democratization of distribution through YouTube, Instagram and WhatsApp means those stories can reach audiences. The gatekeepers who controlled which stories were told to the wider public are falling away. As a studio and producer, my ability to access disruptive, non-conventional voices is greater than ever. We are constantly scouting these platforms to see whether there is a distinctive voice, a concept or a story we would otherwise not encounter. It is easier said than done, because much of the time we have to go to those creators rather than simply wait for them to come to us. DEADLINE: So how do you harness all of this? Malhotra: The key issue is mindset. Before you build an AI team, workflow, company or film, you need an AI mindset. I’m constantly telling my team to think about timelines, opportunity and economics as they would in technology, while retaining blue-sky thinking in the way we tell stories. It is happening in real time. The number of pitches I receive from creators, especially those under 30, is phenomenal. Yesterday, my team and I heard a story and looked at one another, saying that it would never have occurred to someone who was native to the conventional system because it was so far outside the usual way of thinking. There has never been a better time to be in the storytelling business. Audiences are more willing than ever to consume and accept differentiated content – look at the success of phenomena such as Obsession and Backrooms . At the other end, creators of all kinds are being empowered to tell their stories better. The challenge is to identify the right voices and build an institution around them, rather than treating them as one-off projects. DEADLINE: Moving back to your traditional business, Abundantia has this year launched films for Prime Video and Netflix and a series for Amazon. Maa Behen performed well on Netflix and charted strongly. Are there plans to expand that universe, perhaps through a sequel or series spin-off? Malhotra: Both films we made this year, Subedaar and Maa Behen , are built around strong central characters and large, expandable worlds. The director they have in common, Suresh Triveni, our partner and collaborator, who imagined these worlds and characters as extending beyond a single outing. Development work is under way, given that both films landed with reasonable success. If the creative interests align, they lend themselves to franchising and future instalments without a doubt. However, a sequel should build on the original and its foundations, and it cannot depend on the original alone for its success. There has to be a solid reason for a second instalment of anything. Whittock: There was a lot of excitement about Anil Kapoor returning to the action genre with Subedaar . Was it an easy sell, or did he need convincing? Malhotra: Anil and I have known each other since 2011, when I was running Viacom18 and we were marketing and distributing Mission: Impossible – Ghost Protocol in India, which featured him. We have enjoyed each other’s company and shared sensibility ever since. When Suresh was developing Subedaar – a unique mainstream action drama around an older hero, something Hindi cinema and much of Indian cinema is not known for – he had one actor in mind: Anil Kapoor. At the time, Anil hadn’t led an action film for 23 years. I called him and said, ‘Anil, I’m producing this film with the wonderful director Suresh Triveni, who made Jalsa and Tumhari Sulu for us. We’re building an action film about an older ex-serviceman who takes on the system.’ Before I could ask whether he was interested, he said, ‘Done. I’m in. I’ll do the film. When do we start?’ Although it seemed like an instinctive decision, he knew the genre was right for him. He knew his audience and understood that his fans wanted to see him return in that kind of role. He also saw the creative talent involved and committed to it completely. DEADLINE: Looking ahead to 2027 and 2028, what is the plan for Abundantia? There is a lot of money in the market, but some of it appears to be receding and the number of commissions is coming down. It feels like a difficult place to work if you don’t know what you’re doing – commissions and greenlights are no longer being handed out simply to meet the demand created by the streaming boom. How do you read the market? Malhotra: That’s a fantastic assessment. India is an unforgiving market because it is made up of extremely value-conscious consumers. The Indian content consumer wants disproportionately high value for their time and money – in that order: time and money. And 2026 has been a year of growth across content consumption. The overall pie has increased, but the way it is sliced, and where growth and decline are happening, is constantly shifting. This year has seen a major return to cinemas. The habit that COVID disrupted, but which began rebuilding gradually from 2022 and 2023, has demonstrated that people are willing to go to theatres. Films that succeed seem to have no ceiling. We are seeing bigger blockbusters at the level of individual films than ever before. At the same time, we are seeing rejection at an unprecedented level. There is no ceiling to how well a film can perform, but there is also no floor to how badly it can do. Audiences are exercising their choices more decisively. DEADLINE: So how do you meet the challenge? Malhotra: To align with it, you have to keep sight of where the goalposts will be when your film or series is ready to be consumed. Novelty is also being rewarded, and that is something Abundantia has factored in from the beginning. It is becoming a significant moat for us. New worlds, new characters, new forms and disruptive genres are becoming the need of the hour. The market is becoming more challenging, but that does not necessarily mean there is a recession. The kind and volume of content being sought are being defined more sharply. Everyone is focusing more on engagement, return on investment and a forward-looking perspective, rather than simply buying something off the shelf to meet demand for the following weekend. That mindset is gone. This is a healthy correction and a timely rationalisation. It will improve the overall health of the business and allow quality players—and customer-focused platforms, streamers, networks and cinemas – to prosper. Jed Mercurio Among Bidders To Be Next ‘Doctor Who’ Producer Skydance CEOs Pressed On Layoffs & Trump As They Outline Future At Town Hall Facebook Exposed In Aaron Sorkin’s Stirring Journalistic Thriller Sequel Michelle Yeoh Teases ‘Blade Runner 2099’; Zhang Yimou On ‘Three-Body Problem’ Read More About: Comments",0,2026-10-07 16:16:54
13,https://deadline.com/2026/10/deadline-dozen-unscripted-wordle-marriage-market-1237148012/,"The Deadline Dozen: The Best Unscripted Shows Heading To MIPCOM Including ‘Wordle’, ‘Marriage Market’ & ‘Hidden Planet’",Deadline,2026-10-01T00:00:00,22300,"Skip to main content By Max Goldbart Max Goldbart International TV Co-Editor @Goldbart1 More Stories By Max The Deadline Dozen: The Best Unscripted Shows Heading To MIPCOM Including ‘Wordle’, ‘Marriage Market’ & ‘Hidden Planet’ ‘Doctor Who’ Bids Revealed: Jed Mercurio Leads Pitch To Regenerate BBC Series, As STV Studios Plans To Transport TARDIS To Scotland FilmNation Strikes Deal With High Road Over TV Slate View All October 7, 2026 1:00am Add us as a Google Preferred Source Clockwise from top left: 'Wordle', 'Hidden Planet', '100 Cooks', 'Marriage Market' NBCUniversal Formats, BBC Studios, WBITVP, Fox Welcome to our selection of the most scorching titles headed to MIPCOM this year, The Deadline Dozen . Our editorial team has carefully researched and selected the projects we expect to drive the chatter on the Croisette and beyond. We start with unscripted. Check back tomorrow for the best of MIPCOM’s scripted fare. HIDDEN PLANET Image: BBC Studios BBC STUDIOS Length: 5 x 60’ Related Stories News Iconic Japanese Gameshow 'Action Arena' To Be Shopped Internationally For First Time By NBCUniversal Formats News Scripted Veteran Jason Simms Switches On Fusebox Entertainment Producers: BBC Studios Natural History Unit, The Open University Watch on Deadline Networks: BBC (U.K.), BBC America (U.S.) The BBC’s natural history output has set the global benchmark even with many more players in the field today than a decade ago. Hidden Planet is the latest in the canon, this time turning the micro-cameras on the world of insects. The five-part series shines a spotlight on insect societies, highlighting how ants, beetles and other bugs play the roles of parents, builders and sophisticated communicators as they strike alliances with larger animals and perform incredible feats of strength and intelligence. The BBC has equipped the BBC Studios Natural History Unit with a mountain of the latest scientific work and top-of-the-line cameras to aid the filming. In this case, the scientific theory has been combined with bespoke robotic systems and specially designed lenses to get to the heart of insect life. Worryingly, the series will show how their communities are increasingly under threat from humans. With BBC America already on board as a co-producer and backed by research from The Open University, BBC Studios hits Cannes with the closest thing to a sure-fire documentary seller on the Croisette this year. THE BILLION DOLLAR HASH HUNT BLUE ANT RIGHTS Length: 3 x 60’ Producer: Alibi Entertainment Network: Crave (Canada) Since completing a reverse takeover of Canadian compatriot Boat Rocker just over a year ago, Blue Ant Rights has spent time refining its sales and streaming businesses and is hoping the corporate reshuffling leaves it with a stronger distribution operation than before. MIPCOM will be a good test. Among the highlights of its slate is The Billion Dollar Hash Hunt , the latest doc series from Canada’s Crave, the red-hot streamer behind Heated Rivalry . This one is billed as a “true-crime treasure hunt” that chronicles the story of former smuggler Billy Greer, who moved thousands of tons of hash for shadowy Dutch crime network The Octopus. Greer’s caper came to an end when 54 tons of drugs were seized and DEA agent Rick Carter sent him down for 20 years. It’s a familiar story until the plot takes a wild twist: Years later, Greer and Carter join forces to uncover what happened to the missing drugs. This opens the story up to startling confessional interactions, remarkable archive footage and a high-stakes present day search. With most docs in the true-crime space focused on building a picture of the past, Blue Ant will hope bringing the narrative into the modern day gives it the edge with discerning doc buyers who need their shows to cut through. Given it was greenlit by a streamer, this one looks set to work on digital platforms as well as linear TV. MARRIAGE MARKET Image: Fox Fox Entertainment Global Length: TBC Producer: Fox Entertainment Studios Network: Fox (U.S.), Joyn (Germany) The Marriage Market is coming to market. A new reality dating format, the show is for U.S. network Fox, and the finished version and the format are launching internationally at MIPCOM. The Fox show is fronted by actress-comedian-podcaster Whitney Cummings. As well as a stand-up, she is the co-creator of CBS show 2 Broke Girls and creator of NBC’s Whitney . As a host, she fronted HBO’s Friends gameshow, Fast Friends . Billed as an immersive matchmaking experience and a new take on the dating show, the format features singletons who are tired of swiping and first dates and are ready to get hitched. The twist is, the would-be brides and grooms must hand total control of their love lives to their families. When two families think they have the perfect match, the couple are introduced and get engaged on the spot. Then the new pair and their families move in together and the matchmaking is put to the test. The families are still in charge and must decide if they have found them the one, or whether it has not worked out and their loved one needs to be pitched back into the marriage market, giving them another shot at finding the love of their lives. The show has an international pedigree. It is borne out of a formats initiative that saw Fox work with international broadcasters such as ProSiebenSat.1 in Germany and TF1 in France to jointly work up new unscripted shows. Accordingly, The Marriage Market bowed in Germany first, on ProSieben’s streaming platform Joyn. Cheerio Entertainment, part of the German broadcaster’s production and distribution division, made the German version. Fox Entertainment Studios makes the U.S. version, which is slated for Fox’s 2026-2027 season. Alycia Rossiter, who worked on The Bachelor and The Bachelorette , is the showrunner. Fox Entertainment Global is handling distribution and will be looking for love—from buyers—in Cannes. RUINS: RISE & FALL BOSSANOVA MEDIA Length: 8 x 60’ Producer: Like A Shot Entertainment Networks: Warner Bros. Discovery (EMEA), SBS (Australia), Channel 4 (U.K.), TV2 (Norway), Sky New Zealand Every year for a decade, London-based BossaNova Media has held a pitching event dubbed Development Day, which brings together its biggest producers and clients. The idea is to fast-track greenlights and get factual projects out the door at a quicker pace. Paul Heaney’s company itself acts as the central commissioner, putting projects into production and then sells the rights to buyers who have already stated their interest. Ruins: Rise & Fall is one such series. The eight-part show was greenlit in April, with Heaney saying at the time, “Some projects you invest in are a bit of a risk, but Ruins: Rise & Fall isn’t one of them.” The reason for that is the unquenching market need for solid factual projects that can both be popular on linear channels and drive older viewers to streaming services. The series explores 24 sites around the world and is built on one idea: every ruin has two stories—how it rose and how it fell. Viewers are taken to ancient Sri Lankan rock fortress Sigiriya, the ruins of Ephesus in Turkey and Roman auxiliary fort Vindolanda in the U.K. and on to more modern places such as Hitler’s Wolf’s Lair in Poland and vast underground Nazi war factories. Archaeologists and historians tell their stories from the ambition and ingenuity that made them, to the conflict and catastrophe that transformed them into the ruins of today. Digital reconstruction will show sites being stripped back to before the first stone was laid to seeing them rebuilt and then torn apart through war, disaster, abandonment and decay. Given that several of the largest global territories are already off the market is a testament to BossaNova’s strategic foresight, so those buyers in the remaining territories should move fast. 100 COOKS Image: WBITVP Warner Bros. International Television Production Length: 9 x 60’ Producer: Lando Entertainment Network: Food Network (U.S) “Your number could come up at any moment.” That is the logline that greets chefs daring to take on Warner’s 100 Cooks, which found its perfect American host in the shape of Terry Crews. A Food Network original, it is now being served up internationally. There may be a few out there now, but 100 Cooks feels one of the highest-stakes (or should that be steaks?) on offer. The 100 contestants enter the vast kitchen arena ready for a chance to call the shots. A randomized Challenge Mixer reveals the next test: From weeknight meals and party bites to holiday sweets or the best burger. The Cook Mixer then selects which competitors will step forward and take on the challenge. Nobody knows when they will compete, what they will be asked to do, how many cooks will join them, or how many could be sent home. Everyone must be ready for anything, and as 100 becomes 50, the kitchen slowly empties and the competition intensifies until one cook eventually walks away victorious. In the case of the U.S. version, it was Bryce, an oil field worker from Montana. 100 Cooks was a big hit for Food Network and it’s no wonder Warner Bros. International Television Production is prioritizing this one in Cannes. Brooklyn Nine-Nine star Crews is a hugely recognizable name who brings a unique feel to the show, and so 100 Cooks could easily work as finished tape or be shopped as a format, for which territories would then seek a host who can similarly make a big noise. At MIPCOM, Warner is also selling TLC UK format Unacceptable, New Zealand’s Crackhead and the Buried with Michael Sheen doc about the Good Omens star’s investigation into toxic waste. ALL HEART: A RUGBY STORY BOAT ROCKER STUDIOS Length: 4 x 40’ Producers: Boat Rocker Studios Network: Crave (Canada) The second Crave documentary in our Dozen, this four-parter has been selected to satisfy the hunger for sports access docs. The docuseries’ full working title is All Heart: Canada Women’s Rugby and the Quest for Rugby World Cup Glory . It was ordered last year and will stream on Bell Media’s Crave this year. The series follows the Canadian team’s historic run to the World Cup final, where they were ultimately toppled by host country England, going down 33-13 in front of a sellout crowd of 82,000 at Twickenham Stadium in South West London. It goes behind the scenes, showcasing the culmination of years of hard work and sacrifice, with Rugby Canada and World Rugby providing director Kathleen Jayme behind-the-scenes access to the players and coaching staff. James is known for making 2025’s Naomi Osaka: The Second Set , a tennis access doc that was sold to Fox Corp.-owned streamer Tubi for the U.S. market. Exec producers on All Heart include Jay Baruchel—the Canadian actor and filmmaker with credits including Knocked Up , How to Train Your Dragon and She’s Out of My League —and rock band The Tragically Hip, who are long-time supporters of women’s sports and fundraisers for the Canadian women’s rugby team. Boat Rocker founders David Fortier and Ivan Schneeberg are also EPs. The title is only just hitting the market now despite its 2025 order, and takes a key spot in Boat Rocker Studios’ slate this year. WORDLE Image: James Stack/NBC NBCUniversal Formats, a division of Universal Studio Group Length: TBC Producers: Universal Television Alternative Studio, Electric Hot Dog, The New York Times Network: NBC (U.S.) The New York Times daily word puzzle game Wordle is coming to U.S. TV, and the format is coming to the international market. The game is a phenomenon. Developed by Josh Wardle, a Welsh software engineer at Reddit, players have to find a five-letter word. They have six attempts, with colored tiles offering feedback on the correct and redundant letters, and their placement in that day’s word. The New York Times paid a reported $3 million to buy Wordle and it has become a cornerstone of its digital and games offering. The game has racked up billions of users. Getting a word with a small number of guesses is a source of pride for players. The Wordle TV game show will bow on U.S. broadcast network NBC. Broadcaster, journalist, Today anchor and avid Wordle player Savannah Guthrie is set to host. She has form with the game, previously playing a huge version of the game in Times Square, New York. Universal Television Alternative Studio is producing with Jimmy Fallon’s Electric Hot Dog and The New York Times. Fallon, who has increasingly moved into producing, is an exec-producer on the show. He is a Wordle fan, even having a segment on The Tonight Show Starring Jimmy Fallon in which he and the team played the game live on air. The TV game show has been a few years in the making. It will take place over three super-sized rounds with two teams solving the Wordle puzzles in each half-hour episode. NYT execs have promised the show will stay true to the spirit of the game. The Wordle game show is on trend with several TV adaptations of games in the cards. There are TV versions of Monopoly, Cluedo and The Settlers of Catan being developed. Historically, the likes of Scrabble, Boggle, Trivial Pursuit and Pictionary have all been adapted for TV. In terms of Wordle , NBCUniversal Formats, a division of Universal Studio Group, is across distribution and selling the format. CAPTCHA SEVEN.ONE STUDIOS INTERNATIONAL Length: 10 x 50’ Producer: Thinketers Network: LA 2 (Spain) Spain is known in the unscripted world for the likes of Operación Triunfo and El Conquistador , but it has primarily been an importer of formats, rather than an exporter. Germany’s Seven.One Studios International is hoping to add another name to the canon with Captcha . The game show is based around those ubiquitous internet verification tests that check if the visitor to a website is human or a bot. The format tests the statement ‘I’m not a robot’ by putting four contestants through a series of visual puzzles, logic games and AI-powered, web-inspired challenges to prove their human credentials. Celebrity guests accompany the contestants, ideally helping and not hindering them, to an all-or-nothing final, where one test decides everything, including the true identity of the player. A final verification proves if they are human or not, and if they keep the cash that they have been accruing. The format has been already produced for Spanish broadcaster La 2, where it was a success across its first season. Seven.One Studios International, now part of the expanding MediaForEurope empire, will be looking to captcha interest with the show in a cluttered market for attention- grabbing formats. HISTORY’S STRANGE FORTUNES WITH KEVIN BACON A+E GLOBAL MEDIA Length: 10 x 60’ Producers: A+E Factual Studios, VaynerWatt Network: The History Channel (U.S.) History is filled with stories of the strange ways people won and lost their fortunes. In A+E Global Media’s latest talent-led unscripted series, the aim is to tell as many of those stories as possible. History’s Strange Fortunes with Kevin Bacon will see the Footloose , X: Men First Class and Crazy, Stupid, Love actor examine wild tales such as Elvis dropping $50,000 on a midnight sandwich one evening to million-dollar scams and gold rush windfalls. Expect greed, luck, obsession and the old adage that fortune really does favor the brave (and the strange, according to A+E). The talent-led model has dominated commissioning at The History Channel for some time, with numerous slates pairing well-known faces with lesser-known cases. Indeed, Bacon is just one of four star-fronted series in a March 2026 slate—the others being Extraordinary Origins with Ted Danson , Crime and Justice with Tom Selleck and History’s Greatest Machines with Dolph Lundgren . “Talent-led formats succeed on History because they unite inimitable personalities with amazing storytelling,” says Patrick Vien, Group MD for International at A+E Global Media. “Kevin Bacon’s global fan base paired with our universal fascination with money gives History’s Strange Fortunes broad international appeal.” At MIPCOM this year, both Bacon and Danson’s shows will take center stage for A+E, alongside the likes of Lifetime movie Buried in Barstow and miniseries The Bible Revealed . TERRAIN: BATTLE OF THE FLAGS PRIMITIVES Length: 10 x 25’ Producer: Roses Are Blue Network: ZDF (Germany), YouTube Germany has been the progenitor of some of Europe’s most creative entertainment formats and release windows in recent years with shows such as 7 Vs. Wild and Terrain. Battle of the Flags is now hoping to be its latest success story. The 10-part, half-hour format is the brainchild of German actor, comedian and YouTuber Torge Oerlich, known to his followers as Freshtorge. He began developing the adventure-reality show, which aims to generate an immersive gameplay experience, with Belgian format maker Roses Are Blue. German pubcaster ZDF quickly boarded the project. Inspired by gaming mechanics, Terrain follows ten high-profile creators who divide into five teams and, taking a cue from The Traitors , compete in a purpose-built game environment set against a dramatic Scottish Highlands backdrop. Their mission is simply to capture the other team’s flag and defend their own. Unlike The Traitors , the gameplay does not compel them to form alliances, as the teams are fixed. The teams self-shoot their experience and wear specially developed third-person camera systems integrated into a bespoke vest to give the aesthetic a distinct look and feel of video games. At 25 minutes per episode, the show is designed for streaming services, and it has been given an innovative rollout in Germany this fall, when three episodes will launch on ZDF’s streaming service, with Episode 1 also available on YouTube. The following two episodes join the Google-owned service a day later, and the linear premiere on ZDFneo will follow later. Dedicated companion content will run on a standalone YouTube channel and ‘reaction programming’ will hit ZDF’s Twitch channel. Belgium-based Primitives, has worldwide rights (excluding German-speaking Europe) and will present the show to buyers in the run-up to MIPCOM, with a full market launch also prepared. Having the creators film the action themselves creates a level of authenticity and immediacy that is particularly exciting for younger audiences. DIANA UNHEARD Cineflix Rights Length: 3 x 60’ Producer: Love Monday TV Network: TBC Having gained access to the audio tapes that formed the basis of Andrew Morton’s explosive book about the Princess Diana, Love Monday TV has made Diana Unheard , a documentary series that will air never-before-heard parts of the recordings. The producers hope that hearing Diana talk about her life, loves and family will reframe people’s perception of her, moving away from seeing through a lens of vulnerability and tragedy and showing her as self-aware, determined, and actively taking control of her life. Love Monday has made numerous shows about the British monarchy including Her Majesty the Queen: Behind Closed Doors for ITV and William and Harry: Love and Betrayal for Channel 5. Diana can be heard in revealing form in the tapes, which were conversations recorded with her friend James Colthurst in 1991. She talks about Prince Charles and Camilla (now King Charles III and Queen Camilla), as well as the then Prince Andrew, who has since been stripped of his royal titles following scrutiny of his ties to Jeffrey Epstein. As well as hearing the audio of the Princess, the three-part doc series explains how and when they were recorded, and the extraordinary lengths Diana went to in order to ensure her story could be heard. For example, she devised a daring plan to have the tapes secretly smuggled out of Kensington Palace. Colthurst and Morton appear in the series, as does Michael O’Mara, publisher of Morton’s book, Diana: Her True Story. The recordings and Morton’s tome had a huge impact on the Royal Family and the whole British establishment. The timing of the new doc is appropriate, with 2027 the 30th anniversary of Diana’s death. Cineflix Rights moved for the sales rights and will bring the doc to market at MIPCOM. Stories about the British Royal Family have enduring international appeal. Interest is heightened when royal stories cover Princess Diana, who was one of the most famous women in the world, with people fascinated by her life. THE CHASE AROUND THE WORLD ITV Studios Length: 6 x 60’ Producer: Bright Entertainment Network: ITV (U.K.) Fancy joining the “smartest road trip in the world”? There’s no better way to give a stalwart format a bit of global appeal than by sending its icons and contestants on a journey around the globe. The Chase Around the World does just that, taking a tried-and-tested, colossally successful format and an additional bit of jeopardy, with firm potential for international sales. Much like splashy premium factual shows such as Race Across the World or Destination X, the show sees contestants travel across the globe, this time in a race to find all six Chasers in secret international locations, holding onto the show’s trademark general knowledge challenges but adding an adventure element. In the U.K. version, where the format originated, contestants played for £100,000 ($133,000), although this figure is not fixed for the international remakes. The six pairs went around Rome, haring after two iconic Chasers, the Beast and the Governess, as they journeyed towards Bradley Walsh at the finish line. The route took them through some of the Italian capital’s iconic landmarks as they answered questions that, if incorrect, could lead to serious consequences. The Chase Around the World rated well in the U.K. and is just the latest in a line of entertainment shows that have used travel as a bedrock. It both showcased the spin-off opportunities that such a strong format can open up, and also carries potential to run and run, given that the world is The Chase’s oyster. Local buyers will be licking their lips. Jed Mercurio Among Bidders To Be Next ‘Doctor Who’ Producer Skydance CEOs Pressed On Layoffs & Trump As They Outline Future At Town Hall Facebook Exposed In Aaron Sorkin’s Stirring Thriller ‘The Social Reckoning’ Michelle Yeoh Teases ‘Blade Runner 2099’; Zhang Yimou On ‘Three-Body Problem’ Read More About: Comments",0,2026-10-07 16:16:53
