id,url,title,source,publication_date,text_length,full_text,is_duplicate,created_at
14,https://variety.com/2026/film/global/ursa-menart-everything-thats-wrong-with-you-influencers-1236833609/,Urša Menart Recalls Finding Inspiration on Influencers’ Fake Tragic Life Stories for Intimate Dramedy ‘Everything That’s Wrong With You’,Variety,2026-08-15T08:53:04,8726,"Aug 15, 2026 1:53am PT Urša Menart Recalls Finding Inspiration on Influencers’ Fake Tragic Life Stories for Intimate Dramedy ‘Everything That’s Wrong With You’ The film, which investigates a murky aspect of online culture in an increasingly lonely world, is having its world premiere as part of the narrative feature competition at the Sarajevo Film Festival By Rafa Sales Ross Plus Icon Rafa Sales Ross Guest Contributor Latest Urša Menart Recalls Finding Inspiration on Influencers’ Fake Tragic Life Stories for Intimate Dramedy ‘Everything That’s Wrong With You’ 30 minutes ago Golden Lion Winner Milcho Manchevski Talks ‘Giving a Voice’ to Pulse Nightclub Survivors With ‘Good People’: ‘Our Job Was to Stay Out of the Way’ 22 hours ago ‘The Best Mother in the World’ Standout Shirley Cruz to Star in Clara Ferrer and Tainá Bevilacqua’s Trans Coming-of-Age ‘The She-Devil’ (EXCLUSIVE) 3 days ago See All Courtesy of Sarajevo Film Festival Right before the COVID-19 pandemic shut down the world, Slovenian director Urša Menart came across a curious phenomenon on the internet: young people, mostly women, making up tragic life stories to gather the increasingly sparse attention span of their followers. Even more curiously, the director realized people would often drop everything to visit these micro-influencers. The muddled parasocial relationship between poster and follower would come to inspire “Everything That’s Wrong With You,” having its world premiere as part of the narrative feature competition section at this year’s Sarajevo Film Festival . Related Stories 'Incredibles 3' Drops First Look Concept Art Ahead of Summer 2028 Release Date The dramedy first finds young Maruša (Anuša Kodelja) back in her home country of Slovenia after a season living in Berlin. She just lost her mother to cancer, and the grief only amplifies her sense of displacement. While aimlessly scrolling one day, Maruša comes across Alja (Klara Kuk), a nurse living in a small coastal town in Germany. She sends a first message, which quickly spirals into a fast-developing friendship that is put to the test once they finally meet in person. Popular on Variety “What fascinated me wasn’t really the aspect of people inventing these stories, but the other side, those who befriended those folks, who followed them, who traveled across continents to visit them,” Menart tells Variety . “This was the first germ of the idea, but then the whole isolation of COVID and becoming a mother for the first time made me super lonely at times. It got me thinking about the human need to connect.” The two main characters were born out of the director’s observations and “interesting people” she met and read about. In the almost seven years it took to get the project off the ground, Menart worked on other films such as “My Last Year as a Loser,” but continued to think about the story and work on research. “In Slovenia, the production process is quite long,” she notes. “It takes a while even after getting financing to secure co-producers, financing from abroad and so on. I always worried: will this theme even interest me six years from now? Because making a film is a marathon.” Little could Menart know that the themes of her film would only become more relevant in the years since, especially as the rapid advancement of technologies such as artificial intelligence amplified conversations around loneliness and the need for human connection. “Humans are connecting more and more with machines, while on the other hand slowly realizing how important it is to spend actual time with each other.” Urša Menart, courtesy of Rado Likon As major discussions around the male loneliness epidemic and how young men are being seduced into the dark corners of the manosphere and red-pill movements due to an increase in isolation, Menart offers a careful observation on how loneliness affects young women. “Everything That’s Wrong With You” broaches questions on the burden of caring, the pressures of coupling up and bearing children and the hypersexualized universe of online dating. “I’m a woman, and that’s the perspective that feels like home,” says the director when asked about why she decided to focus on two young women. “And, to be honest, I think women live more interesting lives [laughs]. We have it harder, but our lives are very rich and unexamined still. We’ve had wonderful films and novels in the past decades dealing with the interior lives of women, but I still feel like there is still so much that is left unexplored and so many interesting characters that still haven’t been able to speak to the audience. So someone else can make a film about the male loneliness epidemic, I’m all for it, but it’s not going to be me [laughs].” Menart always knew her film would hinge on the casting of the two main actors. “I wanted actors from Slovenia because language is very important to me, and that meant our pool of actors was not huge,” she notes. “I still wanted to do open auditions, so I urged everyone and everyone’s friends to send in self-tapes to see what we would get.” Funnily enough, the two stars sent in tapes for the opposite characters. This, the director says, made her realize that “they each brought in an aspect of their personality that maybe would be missing in the script for the character.” After casting was completed, Menart spent a year working with the actors on developing their characters and adjusting the script accordingly. Another key aspect of the production was finding the perfect location for Alja’s home, which ended up being the small German seaside town of Heringsdorf. “I was really attracted to this flat landscape, which is something we don’t really have where I am from,” says the director. “I also wanted to have a big contrast from where Maruša comes from, which is all very steep and claustrophobic. I wanted to have this feeling that when she arrives at this other location, everything opens a bit.” “It was a bit of a challenge because it is a tourist town that doesn’t have the infrastructure to support the making of a feature,” she adds. “There was no space to park trucks, so we had to be very agile and work with smaller vans and not a lot of equipment, very minimal lights. But it actually suited me very well. It’s a small story and very intimate, so I wanted to be flexible and I couldn’t plan everything ahead.” Speaking of intimacy, Menart wanted to work with a cinematographer with a documentary background, who “would approach this shoot as more of ‘let’s catch the actors doing something’ instead of ‘let’s make the actors do something.’” When she met Dutch cinematographer Roy van Egmond through a producer friend, she “connected immediately.” “It was important for us to have this great conversation between the camera and the actors so that the camera would enter the intimacy of this very close relationship. We felt we needed to have this little cocoon of people who really understood one another.” As for having the world premiere of the film in Sarajevo, Menart says she is “really happy” to be back at the festival after presenting “Everything That’s Wrong With You” as part of CineLink, Sarajevo’s industry arm. “The festival is like a joyful high school reunion of the whole region, and they were so supportive of the film while we were making it. It feels perfect.” “Everything That’s Wrong With You” is produced by Slovenia’s Vertigo in co-production with Germany’s Chromosom Film, Tidewater Pictures, Serbia’s Living Pictures and RTV Slovenija. It is supported by the Slovenian Film Centre, MV Filmförderung, Film Center Serbia, the Ministry of Culture of the Republic of Serbia, Creative Europe MEDIA, the Ministry of Public Administration of the Republic of Slovenia, and Re-Act Co-Development Funding. In collaboration with Film Studio Viba Film. Netflix Hit With $105 Million Suit After Losing Copy of Nicolas Cage WWII Film What Rockstar Games’ Netflix Pact for ‘GTA 6’ Reveal Signals About Hollywood’s Growing Relationship With Gaming ‘The Inbetweeners’ Reunion Movie in the Works at Netflix With Original Lead Cast to Return Netflix Plans Special Premiere Events in Colombia for Grand Finale of Epic ‘One Hundred Years of Solitude’ Part 2 (EXCLUSIVE) Netflix Sets U.S. Release Date for Danny Boyle’s Tabloid Drama ‘Ink,’ Unveils First Look at Guy Pearce as Rupert Murdoch (EXCLUSIVE) Anne Sweeney Resigns From Netflix Board Loading comments... More From Our Brands Rolling Stone Courtney Love Reveals She ‘Almost Died’ in 2019 Amid Mystery Illness Robb Report McLaren Just Previewed Its First Production Car With a Manual Since the F1 Sportico WNBA Trans Athlete Policy Gap Raises Legal Questions WWD Movies and Malls: A Summer Romance or More to It?",0,2026-08-15 09:31:31
15,https://variety.com/2026/tv/news/zee-shareholders-approve-fund-raise-sebi-market-ban-1236826217/,Zee Entertainment Wins Interim Relief to Proceed With $330 Million Capital Raise Despite Indian Regulator’s Market Ban,Variety,2026-08-15T08:09:22,6154,"Aug 15, 2026 1:09am PT Zee Entertainment Wins Interim Relief to Proceed With $330 Million Capital Raise Despite Indian Regulator’s Market Ban By Naman Ramachandran Plus Icon Naman Ramachandran Latest Zee Entertainment Wins Interim Relief to Proceed With $330 Million Capital Raise Despite Indian Regulator’s Market Ban 51 minutes ago ‘The Greatest Showman’ Stage Musical Sets Spring 2027 Opening at London’s Theatre Royal Drury Lane 5 hours ago Sony Pictures Networks India Sets October Launch for New Tamil Channel Vizha (EXCLUSIVE) 6 hours ago See All ZEE Entertainment Enterprises Limited/Getty Images India’s Securities Appellate Tribunal has granted media giant Zee Entertainment Enterprises Ltd. interim relief in its dispute with the country’s securities regulator, allowing the company to proceed with the promoter fund infusion at the center of last month’s shareholder vote despite an ongoing market ban — on the condition that Zee first deposits the penalty the regulator imposed on it. The tribunal reserved judgment on the broader stay sought by Zee and its top management against the market-access restrictions themselves, meaning the underlying ban remains in place for now. The stock rose more than 5% on the news. Related Stories 'Incredibles 3' Drops First Look Concept Art Ahead of Summer 2028 Release Date Earlier, shareholders of Indian media giant Zee Entertainment Enterprises Ltd. had approved a promoter group fund infusion worth INR3143.5 crore ($330 million) and a new employee stock option plan at an extraordinary general meeting, a day before India’s securities regulator barred the company and two of its top executives from the market. Popular on Variety The Mumbai-headquartered media and technology company said its shareholders backed a preferential issue of 249,485,563 warrants to a promoter group entity, priced at INR126 ($1.32) each. A warrant gives its holder the right to convert it into a company share at a later date, at a price fixed now. Once exercised, the promoters’ stake will grow to 23.79% of the company. Shareholders also cleared the “Truly Yours” employee stock option plan, under which 37,422,835 stock options with a face value of INR1 ($0.01) each will be granted to eligible employees of Zee and its subsidiaries, in one or more tranches. R. Gopalan, chair of Zee Entertainment Enterprises Ltd., thanked shareholders for their support. “This approval is a clear reflection of the shareholders’ belief in the Company and its management,” Gopalan said. “The board firmly believes that robust growth capital coupled with enhanced promoter alignment, will serve as key enablers in ensuring long-term profitability in a dynamic business environment.” A day after the shareholder vote, the Securities and Exchange Board of India (SEBI) – the country’s capital markets watchdog – issued an order barring Zee from the securities market for two months and barring chair emeritus Subhash Chandra and managing director and CEO Punit Goenka from the market for 12 months each. SEBI also imposed penalties totaling INR1.48 crore ($155,000), split between INR30 lakh ($31,000) on Zee, INR58 lakh ($61,000) on Goenka and INR60 lakh ($63,000) on Chandra. The order concerns the pledge of a Zee-owned property in Hyderabad, used in December 2018 to secure INR726 crore ($76.1 million) in loans for four entities linked to Essel Group, the promoter group associated with Chandra and Goenka. SEBI found the pledge was never disclosed to or approved by Zee’s board or audit committee, and determined that Chandra and Goenka had used the company’s asset to shield borrowings tied to their own family-controlled entities. A company spokesperson said Zee was reviewing the order with legal counsel and did not expect it to affect the fund-raising exercise. “The company would like to clarify that pursuant to the regulatory approvals received from the stock exchanges and from its esteemed shareholders at the Extraordinary General Meeting conducted on 31st July 2026, it will further take all required steps to successfully complete the fund-raising exercise, which is aimed at strengthening its financial foundation, and will also continue to work towards creating value for its stakeholders,” the spokesperson said. The order is the latest in a long-running SEBI probe into Zee’s promoters. The regulator first barred Goenka and Chandra from holding managerial or directorial roles at listed companies in June 2023, over allegations of fund diversion. The Securities Appellate Tribunal set aside that order that October, but the scrutiny continued to shadow Zee’s proposed $10 billion merger with Sony Pictures Networks India, which collapsed in January 2024 . Chandra later accused SEBI’s then-chair of scuttling the merger. In the two years since, Zee has cut roughly 15% of its workforce and expanded into sports broadcasting, striking a deal with FIFA in June for Indian broadcast and streaming rights to the 2026 and 2030 World Cups and 37 other tournaments through 2034. The newly approved capital is earmarked for that broader push, with the company directing the funds toward sports, acquisitions, digital content, artificial intelligence and microdrama through fiscal 2029, with sports receiving the largest share. ‘The Walking Dead’ Franchise to Stream on Both Netflix and AMC+ Beginning in 2027 Under New $500 Million Deal Tyler Perry’s ‘Beauty in Black’ Gets Surprise Season 4 Renewal After Final Season Announcement ‘This Summer Will Be Different’ Netflix Series Adds 6 to Cast as Production Begins Emilia Jones to Star in Netflix Series Adaptation of ‘The Retrievals’ Podcast Chloe Fineman Among Four Cast in ‘Myron Bolitar’ Series at Netflix ‘Amores Perros’ Exec Producer Francisco González Compean and ‘Counterattack’ Director Chava Cartas Launch Durango Films (EXCLUSIVE) Loading comments... More From Our Brands Rolling Stone Courtney Love Reveals She ‘Almost Died’ in 2019 Amid Mystery Illness Robb Report McLaren Just Previewed Its First Production Car With a Manual Since the F1 Sportico WNBA Trans Athlete Policy Gap Raises Legal Questions WWD Movies and Malls: A Summer Romance or More to It?",0,2026-08-15 09:31:32
1,https://deadline.com/2026/08/box-office-spider-man-the-end-of-oak-street-1237033458/,‘Spider-Man: Brand New Day’ Has Super $65M Third Weekend; ‘The Odyssey’ Sailing Past Half Billion – Saturday AM Box Office Update,Deadline,2026-08-15T07:30:00,6719,"Skip to main content Dismiss News Banner Breaking News Marvel’s 'X-Men' Adds Christopher Abbott, Adam Driver, Inde Navarette & Maya Boyd; Release Date Set Read the full story By Anthony D'Alessandro Anthony D'Alessandro Editorial Director/Box Office Editor @AwardsTony More Stories By Anthony ‘Spider-Man: Brand New Day’ Has Super $65M Third Weekend; ‘The Odyssey’ Sailing Past Half Billion – Saturday AM Box Office Update Kieran Culkin To Lead Voice Cast Of New Disney Animated Movie ‘Clay’ – D23 ‘Hexed’: Disney Thanksgiving Animated Pic Adds Jodie Foster & Walton Goggins – D23 View All August 15, 2026 12:30am Tom Holland in 'Spider-Man: Brand New Day' Sony SATURDAY VERY EARLY AM: Spider-Man: Brand New Day has banked a near $19M Friday for what’s shaping up to be a third weekend around $65M , -55%, which takes its running cume to $780.8M. The Destin Daniel Cretton directed movie is booked at 4,539 theaters. Among the best third weekends ever at the domestic B.O, Brand New Day ranks fifth, higher than Avengers: Endgame ($63.2M) with the record still held by Force Awakens ($90.2M). It’s the 33rd weekend of the year, and Brand New Day ‘s $65M is the most amount of money ever made by a pic on this frame in the No. 1 spot post Covid. The biggest 33rd weekend of the year post pandemic goes to 2024 when all titles amounted to $140.4M per Box Office Mojo (that’s when Alien: Romulus opened to $42M). THE END OF OAK STREET , Anne Hathaway, 2026. © Warner Bros. / courtesy Everett Collection At a time when everyone is going back to school (K-12 were 51% off yesterday), the family audience is split this weekend, with some going to Spider-Man, and others going to one of two dinosaur movies: Paramount/Spin Master’s PG-rated Paw Patrol: The Dino Movie , which looks like it’s overperforming at $20M or Warner Bros/Bad Robot’s The End of Oak Street which believes it has a path to $20M (though some see it under that). The pre-schooler Dino Movie settled for $7.1M on Friday at 3,545 theaters and an A CinemaScore, while The End of Oak Street, was $8M at 3,446 sites after a B CinemaScore (that’s just under the B+ of August Warner PG-13 hit The Meg which debuted to $45.4M). It’s the second solid A for Paw Patrol after 2023’s The Mighty sequel. The 2021 Paw Patrol movie received an A- (puppies can’t always be perfect). Watch on Deadline Second, still powered by Imax, goes to Universal’s fifth weekend of The Odyssey with $23M , an amazing -27% hold, after a $6.5M Friday at 3,217 locations. Running cume by EOD Sunday is over a half billion stateside or $504.4M . Fifth is also a toss-up between Focus Features’ release of West End capture musical, Six: The Musical Live at 1,462 theaters with a 3-day of $3M off a Friday of $950K, and Angel Studios’ Reagan vs. Gorbachev movie The Brink of War which is looking like $2.75M after a $1.2M Friday and a solid A CinemaScore. The date is over for Uni’s second weekend of One Night Only at 3,012 theaters with a second weekend of $2M , -64%, and a running cume of $9.86M. Friday was $600K. We’ll have more updates for you when the sun comes up. FRIDAY AM: Warner Bros/Bad Robot’s PG-13 The End of Oak Street came in at $2.5M for Thursday night U.S. previews. The running global tally is $6.5M with key openings in Italy and France. Global outlook is still $38M WW-$48M WW with the foreign haul likely outweighing domestic. Again, that U.S. preview take is around what Rampage did pre-Covid and under what August family pic Blue Beetle did. End of Oak Street ‘s preview cash is also higher than original PG-13 sci-fi movie The Creator ($1.6M) which opened to $14M. Previews are also on par with another original sci-fi movie, though R-rated, Mickey 17 which counted $2.5M and opened to $19M. ‘Paw Patrol: The Dino Movie’ Paramount Paramount and Spin Master’s Paw Patrol: The Dino Movie had previews of $1.9M stateside at 2,800 theaters. The pic bowed in 30 territories last weekend including France, UK and Germany with a running cume that’s now at $35.4M. The domestic outlook is mid-to-high teens. The previous installment, 2023’s Paw Patrol: The Mighty Movie didn’t have Thursday night previews, but posted a first Friday of $6.8M and 3-day of $22.7M. Related Stories News ‘The End Of Oak Street’ Review: Anne Hathaway And Ewan McGregor Try To Save Marriage By Battling Dinosaurs In A Rip-Roaring Ride Of A Summer Movie News ‘Spider-Man: Brand New Day’ Fastest Movie To Cross $700M At U.S. Box Office Sony/Marvel Studio’s Spider-Man: Brand New Day ends its second week with $205.7M , with a running domestic cume of $715.8M . That second week is higher than Avengers: Endgame ($186.5M) but under the second week of Star Wars: Force Awakens ($261.1M). Week’s top 5: 1.) Spider-Man: Brand New Day (Sony) 4,487 theaters, Wk $205.7M (-60%), Total $715.8M/Wk 2 2.) The Odyssey (Uni) 3,603 theaters, Wk $51.7M (-39%), total $481.4M/Wk 4 3.) One Night Only (Uni) 3,012 theaters, Wk $7.8M/Wk 1 4. Toy Story 5 (Dis) 2,660 theaters, Wk $6.7M (-39%), Total $473.1M/Wk 8 5. Minions & Monsters (Uni) 2,451 theaters, Wk $5.77M (-43%) , total $178.6M/Wk 6 THURSDAY PM: This weekend will belong to Sony/Marvel Studios’ Spider-Man: Brand New Day, but the bright new shiny event title hopeful is Warner Bros/Bad Robot’s The End of Oak Street , which in U.S. previews Thursday night is estimated to do around $2 million-plus after showtimes that began at 1 p.m. at 3,200 sites. Note that it’s still early with that forecast, and this PG-13 feature is leaning family given how women are the most notable on tracking, not just with mothers but also with Anne Hathaway fans. Ewan McGregor also stars. Some PG-13 comps right now include pre-Covid Rampage, which did $2.4M in 2018, and post-Covid Blue Beetle, which did $3.3M in previews and opened in mid-August 2023 to $25M. Rentrak reports that only 51% of K-12 schools are off as kids head back to school. On the brighter side for the motion picture industry, 95% colleges remain off. It Follows filmmaker David Robert Mitchell directed, wrote and produced Oak Street , about a neighborhood that suddenly finds itself next door to a prehistoric jungle with dinosaurs who become worse intruders than the neighbor’s dog. The movie will share Imax with Universal’s The Odyssey and PLFs with Spider-Man: Brand New Day for a domestic outlook that’s between $18M-$23M and a foreign estimate between $20M-$25M in 74 territories. The End of Oak Street will pave a way to France, Germany, Australia, Brazil, Mexico, Spain, UK, China and Japan this weekend at 24,000 screens. We’ve heard a varying range for the production cost from net $80M to $92M (there’s plenty of VFX in the movie). Rotten Tomatoes critics are at 85% certified fresh.",0,2026-08-15 09:31:17
24,https://www.hollywoodreporter.com/movies/movie-news/i-live-in-v-i-social-satire-film-nigeria-locarno-open-doors-1236673552/,"‘I Live in V.I.,’ a Social Class Satire From Nigeria, Will Dive Into Urban Alienation and Gentrification",Hollywood Reporter,2026-08-15T07:20:00,5032,"× Skip to main content By Georg Szalai Plus Icon Georg Szalai Global Business Editor View All August 15, 2026 12:20am 'I Live in V.I.' Courtesy of Locarno Open Doors Are you ready for I Live in V.I. , a social class satire from Nigeria? The project from director Ugochukwu Azuya was among the works-in-progress showcased at the 2026 edition of Open Doors , the Locarno Film Festival ‘s co-production platform and talent development program for filmmakers from equity-seeking communities and regions where artistic expression is at risk. Azuya, whose short film Swimming in Sea of Trauma was released in 2023, is working on the movie with producer Olubunmi Ogunsola of Nigeria’s Ensemble. Related Stories Movies Christine Vachon Jokes She Likes Pedro Pascal Better Than Joaquin Phoenix in Todd Haynes' 'De Noche' Movies 'Sentimental Value' Screenwriter Gets Backing For Next Directorial Feature The team behind the project, presented during the second edition of Open Doors with a focus on films from Africa, won the Tabakalera-San Sebastian Film Festival Residency Award. THR has compiled highlights about the movie and insight from Azuya about the project and the themes it explores. Synopsis Florence (23) leaves her small town in Akwa Ibom for the big city of Lagos to start a new job in the hospitality industry, after the sudden loss of her father. However, Lagos is not what it promised to be. From the poor living conditions of her apartment, the strenuous commute to Victoria Island (V.I.), insomnia and unprocessed grief, Florence begins to unravel. To cope with the demands of her job, she decides to squat in an abandoned construction site of a government building project from the 80s, much closer to her workplace. Her sudden punctuality puzzles her co-workers. Florence comes up with a lie, one where she lives in V.I, a neigborhood strictly for the wealthy, with her once-famous now forgotten aunt. All this to sustain the illusion of ‘living the good life’ in Lagos. With its möbius-strip-esque structure, this surreal social class satire about grief, urban alienation and gentrification in the city of Lagos explores the lost hope of the Nigerian dream. Director’s note “We are all just a city.” Florence is a surrogate for myself and countless young people trying to make the most of their situations while dealing with survival in Lagos, Africa’s most populous city. Just like us, she can be evasive about the emotions that make her vulnerable, constrained under capitalism. Like Florence, many leave their home states for Lagos in search of opportunity. Lagos is a city of fantasies where exorbitant displays of wealth exist alongside failing infrastructure and displaced people. With an ensemble of characters and dramatic situations that are colored with different aspects of the Nigerian collective psyche – our eccentricities, our bravado, the spirit of adapting to the most dire of situations with sheer ingenuity – the Nigerian sense of humor with its gleefully sardonic texture is what shapes this story. I want to showcase the poetry of the city: brutal, magical, chaotic. From Yaba to Oshodi, Elegushi to Obalende, Ojo to Gbagada, we all form a constellation. What was the inspiration for you to want to make this film? My inspiration comes from my personal experiences as a young person. As someone who has lived in Lagos and experienced the mechanisms of life in this materialistically driven, very classist society. The story was also borne of my experience of other people I have crossed paths with, young people, mostly women who mirror the working-class background of the film’s protagonist, Florence. I’ve always been interested in the ways in which society is constructed and how this forms our psyche both as individuals and also as a collective, especially living under capitalism as we are. I Live in V.I explores how this manifests through various social strata, i.e class, gender, social background. How universal are the themes of the film, and why should people outside Nigeria see it? I think anyone living anywhere in the world can understand what it is to leave their hometown for the promise of an urban cosmopolitan city in order to assert their identity and their hopes of changing their material conditions, whether the city is Lagos, Tokyo, São Paulo or New York City. Cities are unique milieus where millions live together at a peculiar rhythm which is intrinsic to the psyche of the city dweller. To an outsider who isn’t used to this tempo, city life can feel overwhelming and a lack of human connection can lead to loneliness against this massive concrete backdrop. What is the next step for you and your collaborators after Open Doors? Our focus as a film team at our production company Ensemble is to give the film the adequate development cycle it needs. The Tabakalera-San Sebastian Residency award, which we won at this year’s edition of Open Doors, represents the direction we want to take development in, and we are honored to have been awarded such an opportunity. THR",0,2026-08-15 09:31:42
2,https://deadline.com/2026/08/zootopia-3-d23-1237041333/,‘Zootopia 3’ In Works At Disney; Ke Huy Quan & Ginnifer Goodwin Reprising Roles – D23,Deadline,2026-08-15T05:03:23,1602,"Skip to main content Dismiss News Banner Breaking News Marvel’s 'X-Men' Adds Christopher Abbott, Adam Driver, Inde Navarette & Maya Boyd; Release Date Set Read the full story By Justin Kroll Justin Kroll Film Editor @krolljvar More Stories By Justin ‘Zootopia 3’ In Works At Disney; Ke Huy Quan & Ginnifer Goodwin Reprising Roles – D23 ‘X-Men’ Adds Christopher Abbott, Adam Driver, Inde Navarette & Maya Boyd; Marvel Studios Pic Set for May 2028 – D23 ‘Kingdom Hearts’ Series Announced For Disney+ – D23 View All August 14, 2026 10:03pm 'Zootopia 2' Disney Following the massive success of the sequel, Disney is moving forward with Zootopia 3. The news of the next film was revealed at Disney’s D23 event in Anaheim, with Ke Huy Quan joining Ginnifer Goodwin onstage to announce the new installment, which will focus on birds. Last year’s Zootopia 2 became the highest-grossing Hollywood animated movie of all time with $1.8 billion at the global box office. Related Stories Culture The 30 Highest-Grossing Animated Films Of All Time At The Global Box Office News The 65 Movies That Have Made More Than $1 Billion At The Global Box Office The franchise started with the original 2016 movie, which introduced fans to rabbit police officer Judy Hopps (Ginnifer Goodwin) and con artist fox Nick Wilde (Jason Bateman). The two started off as enemies as Judy joined the Zootopia Police Department, but then put aside their differences to solve a mystery in the animal city. The first movie was a hit at the box office, crossed $1 billion globally and spawned a spinoff TV series called Zootopia+ on Disney+.",0,2026-08-15 09:31:18
16,https://variety.com/2026/film/news/frozen-3-first-details-anna-kristoff-married-olaf-love-1236822955/,"‘Frozen 3’ First Details: Anna and Kristoff Get Married, Olaf Gets a Girlfriend and a New Villain Emerges",Variety,2026-08-15T05:01:19,3194,"Aug 14, 2026 10:01pm PT ‘Frozen 3’ First Details: Anna and Kristoff Get Married, Olaf Gets a Girlfriend and a New Villain Emerges By Tanya Fedak Plus Icon Tanya Fedak Latest ‘Frozen 3’ First Details: Anna and Kristoff Get Married, Olaf Gets a Girlfriend and a New Villain Emerges 4 hours ago ‘Tangled’ Sets March 2028 Release Date as First Footage Debuts at D23 6 hours ago ‘Percy Jackson’ Season 3 Trailer: ‘The Titan’s Curse’ Comes to Life With Prophecies and a Quest to Save Annabeth 6 hours ago See All Jazz Tangcay Thanksgiving 2027 is about to get a lot colder. Disney has revealed the first details about “ Frozen 3,” which will release in theaters Nov. 24, 2027, following the previous two films’ tradition of Thanksgiving-centered premiere dates. Set in the fictional land of Arendelle, the cast of voice actors includes Kristen Bell as Anna, Idina Menzel as Elsa, Jonathan Groff as Kristoff and Josh Gad as Olaf. Related Stories 'Incredibles 3' Drops First Look Concept Art Ahead of Summer 2028 Release Date The plot is being kept hush-hush, but we now know that Anna and Kristoff get married, a new villain is introduced and Olaf is getting a love interest named Samantha. Popular on Variety Disney revealed the concept art for “Frozen 3″ by Britney Lee back in August 2024, which showed Elsa on a white horse and Anna on a brown stag. Bell previously told Variety in October 2025 that production was getting underway, though she hadn’t heard any of the film’s music at that point. The actress also denied reports she’ll earn $60 million to reprise her role as Princess Anna, though she didn’t disclose how much she’ll be paid. Former Disney CEO Bob Iger had also revealed that a fourth installment of “Frozen” is already in the works, though no further information has been released. Husband-and-wife duo Kristen Anderson-Lopez and Robert Lopez will compose the music for the two upcoming projects after serving as songwriters for the first two films. The first “Frozen” premiered in 2013 and was co-directed by Chris Buck and Jennifer Lee, who also wrote the film. Inspired by “The Snow Queen” by Hans Christian Andersen, “Frozen” went on to earn $1.3 billion worldwide and won two Oscars, including Best Animated Feature. Buck and Lee returned to helm the 2019 sequel, which brought in $1.45 billion. ‘I Will Find You’ Becomes Netflix’s No. 10 Most-Popular English-Language TV Series of All Time ‘Myron Bolitar’ Series Adds 10 To Cast, Including Melissa Benoist, Bebe Neuwirth, Jamie Hector, Quincy Isaiah Netflix to Stop Releasing Viewership Data Every 6 Months, Will Shift to Annual Reports Netflix Q2 Earnings Results In-Line With Expectations, Stock Drops on Lower Q3 Revenue Outlook Ted Sarandos Meets Prime Minister Narendra Modi, Unveils Netflix India Storytelling Initiative About 300 Netflix Titles Used Generative AI This Year, Company Reveals Loading comments... More From Our Brands Rolling Stone Courtney Love Reveals She ‘Almost Died’ in 2019 Amid Mystery Illness Robb Report McLaren Just Previewed Its First Production Car With a Manual Since the F1 Sportico WNBA Trans Athlete Policy Gap Raises Legal Questions WWD Movies and Malls: A Summer Romance or More to It?",0,2026-08-15 09:31:33
3,https://deadline.com/2026/08/frozen-3-footage-d23-anna-wedding-new-villain-1237041024/,‘Frozen 3’ First Look Teases Wedding Bells & An Icy Villain From A Land “More Wild And Dangerous” Than Ever Before – D23,Deadline,2026-08-15T05:00:06,1492,"Skip to main content Dismiss News Banner Breaking News Marvel’s 'X-Men' Adds Christopher Abbott, Adam Driver, Inde Navarette & Maya Boyd; Release Date Set Read the full story By Katie Campione Katie Campione Senior TV & Labor Reporter @katie_campione More Stories By Katherine Ahsoka’ Season 2 Trailer: ‘Star Wars’ Series From Lucasfilm & Disney+ Returns After Nearly Three Years – D23 VisionQuest’ Trailer: First Look At Disney+ ‘WandaVision’ Spinoff Starring Paul Bettany – D23 ‘Incredibles 3’: Pete Docter Teases A Powerful New Villain In Upcoming Threequel As Violet & Dash Step Up To Plate – D23 View All August 14, 2026 10:00pm Disney The filled Honda Center got a look at Frozen 3 — and let’s just say, there is quite a lot in store. First of all, are those wedding bells, we hear? Indeed, they are! Kristen Bell confirmed at Disney’s D23 entertainment showcase on Friday night that Anna will be marrying her “mountain man” Kristoff (Jonathan Groff) in the upcoming threequel, of course with her sister Elsa by her side. Related Stories News The 65 Movies That Have Made More Than $1 Billion At The Global Box Office News “We’re Never Going To Automate Taste And Imagination,” Says Disney Animation Exec Nick Cannon – Web Summit Speaking of, Idina Menzel was also on hand to tease the world of Frozen has gotten “a little bit more mysterious” since audiences were last in Arendelle. In fact, the story will quickly take these characters very far from their home to face another threat.",0,2026-08-15 09:31:19
25,https://www.hollywoodreporter.com/movies/movie-news/frozen-3-royal-wedding-between-anna-and-kristoff-1236671593/,‘Frozen 3’ “Royal Wedding” Between Anna and Kristoff Is Crashed by New Villain in First-Look,Hollywood Reporter,2026-08-15T04:58:56,2601,"× Skip to main content By Kirsten Chuba Plus Icon Kirsten Chuba Events Editor kirstenchuba Follow Sign Up View All August 14, 2026 9:58pm Frozen II Walt Disney Studios Motion Pictures / Courtesy Everett Collection Bundle up! Frozen 3 is coming. At its D23 fan event on Friday, Disney offered up a first-look at the third entry in its hit franchise, which is set to glide into theaters on Nov. 24, 2027. In celebration, Idina Menzel and Kristen Bell walked hand-in-hand onto the D23 stage before launching into a (slightly tech issued) rendition of song “Frozen Heart,” as Bell teased “Anna and Elsa are going on their biggest journey yet.” The stars confirmed that Anna and Kristoff will be getting married in the story and “this royal wedding has been a long time coming.” They added that love is in the air for everyone — even Olaf. Related Stories TV 'Ahsoka' Season 2 Brings the Force -- and More Anakin Skywalker -- with First Trailer Movies Kieran Culkin to Star in Animated Movie 'Clay' for Disney Josh Gad then arrived to sing a love song to Samantha, in reference to a joke from the second film. Menzel declared, “We will find ourselves far from Arendelle in wild and dangerous land” and cut to the footage, which showed Anna and Kristoff’s wedding seemingly being crashed by a new villain. As they trudge through an icy forrest, the villain comes down from a snowy peak and says “The sisters of Arrendale, we finally meet.” Frozen ‘s past two iterations have been a smash at the box office, with the 2013 original earning $1.28 billion and 2019’s Frozen II bringing in $1.45 billion. Menzel and Bell lead the franchise as royal sisters Elsa and Anna. Following the death of their parents, Elsa, voiced by Menzel, is to become queen but must navigate her dangerous icy powers along the way. Gad, as beloved snowman Olaf, and Groff, as Anna’s fiancé Kristoff, round out the main voice cast. Frozen 3 was originally dated for 2026 but was pushed back, with Gad explaining in 2025 , “There’s a reason the movie is coming out in 2027 and that is because no one wants to rush this. Everyone wants this to not just be a sequel or a money grab. They want this to be absolutely worthy of the story we set out to make in 2013.” He continued, “We want to give audiences something that is worth the years of waiting and years of anticipation. I know that they are actively working on that and I know that they have a story that they are very, very, very excited about.” Former Disney CEO Bob Iger previously announced that a Frozen 4 was also in development, though that film has not yet been dated. THR",0,2026-08-15 09:31:43
4,https://deadline.com/2026/08/kieran-culkin-cast-clay-walt-disney-animated-movie-1237041021/,Kieran Culkin To Lead Voice Cast Of New Disney Animated Movie ‘Clay’ – D23,Deadline,2026-08-15T04:58:42,1919,"Skip to main content Dismiss News Banner Breaking News Marvel’s 'X-Men' Adds Christopher Abbott, Adam Driver, Inde Navarette & Maya Boyd; Release Date Set Read the full story By Anthony D'Alessandro Anthony D'Alessandro Editorial Director/Box Office Editor @AwardsTony More Stories By Anthony ‘Spider-Man: Brand New Day’ Has Super $65M Third Weekend; ‘The Odyssey’ Sailing Past Half Billion – Saturday AM Box Office Update Kieran Culkin To Lead Voice Cast Of New Disney Animated Movie ‘Clay’ – D23 ‘Hexed’: Disney Thanksgiving Animated Pic Adds Jodie Foster & Walton Goggins – D23 View All August 14, 2026 9:58pm Kieran Culkin Kristina Bumphrey/Getty Images Walt Disney Animation Studios has a new original film in the works, Clay , which will head to theaters in 2028 with Kieran Culkin leading the voice cast. The project was announced at Disney’s Entertainment Showcase at D23 on Friday night. Oscar and Emmy winner Culkin will voice the protagonist, Flip, who might be a little in over his head, said Walt Disney Animation chief Jared Bush. Related Stories News ‘Zootopia 3’ In Works At Disney; Ke Huy Quan & Ginnifer Goodwin Reprising Roles – D23 News ‘Frozen 3’ First Look Teases Wedding Bells & An Icy Villain From A Land “More Wild And Dangerous” Than Ever Before – D23 “We have a rich history of stories that celebrate inspiring mentors and their aspirational students. So, with that in mind, we asked ourselves one very important question: What if the next Disney mentor stunk?” he explained. “And he does, and his name is Flip, and he has chosen to be his village’s next great mentor and is assigned his first student — a literal ball of clay born that very moment, named Mushi. So, like all inspiring mentors, Flip runs away in the middle of the night, only to discover that Mushi is inescapable and pure chaos, and now out in the wild, Flip must keep Mushi alive on a journey through a fantastical forest.”",0,2026-08-15 09:31:20
17,https://variety.com/2026/film/news/x-men-release-date-marvel-reboot-1236816959/,Marvel’s ‘X-Men’ Reboot Sets May 2028 Release Date,Variety,2026-08-15T04:50:40,3531,"Aug 14, 2026 9:50pm PT Marvel’s ‘X-Men’ Reboot Sets May 2028 Release Date By Jordan Moreau Plus Icon Jordan Moreau Latest Marvel’s ‘X-Men’ Reboot Sets May 2028 Release Date 5 hours ago ‘Star Wars: Starfighter’ Footage: Ryan Gosling Races Through the Galaxy With Young Sidekick 5 hours ago ‘Zootopia 3’ in the Works at Disney 5 hours ago See All Getty Images for Disney The long-awaited X-Men movie is finally coming to the MCU. Marvel Studios exec Kevin Feige made the official announcement that the X-Men movie will release on May 5, 2028. The cast will include Sadie Sink as Jean Grey, Kit Connor as Cyclops, Samara Weaving as Emma Frost, Inde Navarrette as Rogue, Maya Boyd as Storm and Christopher Abbott as Prof. X. Adam Driver will play the evil Mr. Sinister. Related Stories 'Incredibles 3' Drops First Look Concept Art Ahead of Summer 2028 Release Date It will be the first X-Men movie since Disney acquired Fox and its library of mutant characters. Several X-Men heroes have popped up in the MCU in recent years, and the billion-dollar blockbuster “Deadpool & Wolverine” and hit animated series “X-Men ’97” on Disney+ have slowly brought the mutants back in force. Now, the heroes will get their first proper movie since Fox’s “Dark Phoenix.” Popular on Variety There have been cameos from Fox’s X-Men stars in MCU movies, like Patrick Stewart reprising his role as Prof. Charles Xavier in “Doctor Strange in the Multiverse of Madness.” Kelsey Grammer also appeared in the ending of “The Marvels” as the super-smart, blue-haired scientist Beast. After “Deadpool & Wolverine” paved the way for Fox’s X-Men characters to return, “Avengers: Doomsday” is going all out. Stewart and Grammer will be back for the team-up movie, in addition to Ian McKellen as the magnetic mastermind Magneto, James Marsden as the laser beam-shooting Cyclops, Alan Cumming as the teleporting Nightcrawler and Rebecca Romijn as the shape-shifter Mystique. After debuting in “Deadpool & Wolverine,” Channing Tatum’s card-throwing Gambit will also join the team in “Doomsday,” which hits theaters on Dec. 18. Fox’s X-Men movies were hits in the 2000s with the original X-trilogy and the prequel films, starring James McAvoy and Michael Fassbender as young Prof. Xavier and Magneto. Hugh Jackman’s Wolverine was the breakout star of the franchise, landing himself three standalone movies and the blockbuster “Deadpool & Wolverine.” However, the Fox franchise sputtered out with “New Mutants,” leaving the X-Men without a home on the big screen. ‘The Walking Dead’ Franchise to Stream on Both Netflix and AMC+ Beginning in 2027 Under New $500 Million Deal Allison Janney on Playing the President in ‘The Diplomat,’ Her Broadway ‘Seven-Year Itch’ and the One Genre She’s Never Tried Netflix Developing New York Yankees Drama Series From Jason Bateman, MLB and Josh Wakely Netflix Plans Special Premiere Events in Colombia for Grand Finale of Epic ‘One Hundred Years of Solitude’ Part 2 (EXCLUSIVE) Netflix Sets Fall Release for Cannes Breakout ‘Gentle Monster’ Starring Léa Seydoux (EXCLUSIVE) ‘Amores Perros’ Exec Producer Francisco González Compean and ‘Counterattack’ Director Chava Cartas Launch Durango Films (EXCLUSIVE) Loading comments... More From Our Brands Rolling Stone Courtney Love Reveals She ‘Almost Died’ in 2019 Amid Mystery Illness Robb Report McLaren Just Previewed Its First Production Car With a Manual Since the F1 Sportico WNBA Trans Athlete Policy Gap Raises Legal Questions WWD Movies and Malls: A Summer Romance or More to It?",0,2026-08-15 09:31:34
26,https://www.hollywoodreporter.com/movies/movie-news/avengers-doomsday-trailer-doctor-doom-1236673352/,‘Avengers: Doomsday’ Footage Shows Off a “Broken” Doctor Doom,Hollywood Reporter,2026-08-15T04:48:45,2091,"× Skip to main content By Aaron Couch Plus Icon Aaron Couch Film Editor View All August 14, 2026 9:48pm Doctor Doom in 'Avengers: Doomsday' Marvel Logo text Doctor Doom finally gets his closeup in the latest Avengers: Doomsday trailer. Robert Downey Jr.’s villain is front and center in the new look of the film, which returns the actor to the Marvel Cinematic Universe for the first time since Avengers: Endgame . It’s the same look that was shown at San Diego Comic-Con last month, but is now available to the public as of Friday night, where it also screened at D23. As part of the presentation, Hugh Jackman sent in a clip of himself on camera, with Deadpool whispering to him off screen. “Just wanted to check in, just wondering if you might need some help rounding out the cast?” Deadpool coaches him what to say and they bicker. “I’d love to join and I might be able to convince Ryan to appear in Avengers: Doomsday .” Related Stories Movies 'Avengers: Doomsday' Tickets Put On Sale For All Theaters Nationwide Movies Chris Evans Teases ""Brutal"" 'Avengers: Doomsday' Storyline for Captain America (Ryan Reynolds appeared at Comic-Con in character as Deadpool, where he crashed the Doomsday panel to suggest he wanted in on the movie. The Russo Bros. direct the film, which has a sprawling cast, ranging from stars of the original 2000s X-Men movies such as Patrick Stewart and Ian McKellen, to original Avengers cast such as Chris Evans and Chris Hemsworth, to Black Panther ‘s Letitia Wright and Winston Duke to more recent MCU additions, such as Shang-Chi ‘s Simu Liu and Fantastic Four: First Steps ‘ Pedro Pascal, Vanessa Kirby, Ebon Moss-Bachrach, and Joseph Quinn. There’s also Captain America actor Anthony Mackie and Ant-Man s star Paul Rudd, in addition to Thunderbolts players Sebastian Stan, Florence Pugh, Wyatt Russell and David Harbour. Marvel has unveiled a few looks at the movie publicly so far. There were a series of character-based teasers released in late 2025 and early 2026, as well as a trailer unveiled in July . The feature has a release date of Dec. 18. THR",0,2026-08-15 09:31:44
27,https://www.hollywoodreporter.com/tv/tv-news/ahsoka-season-2-brings-the-force-first-trailer-1236672980/,‘Ahsoka’ Season 2 Brings the Force — and More Anakin Skywalker — with First Trailer,Hollywood Reporter,2026-08-15T04:44:53,1888,"× Skip to main content By Aaron Couch Plus Icon Aaron Couch Film Editor View All August 14, 2026 9:44pm Rosario Dawson in 'Ahsoka.' Courtesy of Lucasfilm/Disney+ Logo text Ahsoka is heading back to the small screen, with the first look at season two of the Star Wars series arriving during D23 Friday. In the footage, Ashsoka trains with a force ghost of Anakin Skywalker as she embarks on new challenges, declaring, “We’re in more danger than I thought.” She’s seen in climates all around the galaxy, navigating with support from her wide-ranging group of space friends and being pushed to her limit. Anakin pushes her at one moment, “Are you a Jedi or not?” The season will bow in early 2027 on Disney+. Related Stories Movies Kieran Culkin to Star in Animated Movie 'Clay' for Disney Movies 'Zootopia 3' In the Works at Disney Per the logline, “As Ahsoka and her Jedi apprentice Sabine Wren travel across a mysterious and perilous world to find their way home, their friends Hera, Ezra, Zeb, and Chopper, must face the powerful Grand Admiral Thrawn and his sinister allies, who seek to plunge the New Republic into war.” Rosario Dawson returns to lead the series as the title Jedi hero. Hayden Christensen will return as Anakin, while the role of Baylan Skoll will be played by Game of Thrones alum Rory McCann, who steps in for the late Ray Stevenson. Season one of the show also starred Mary Elizabeth Winstead, Natasha Liu Bordizzo, Ivanna Sakhno, Diana Lee Inosanto, Eman Esfandi, Evan Whitten, Genevieve O’Reilly and Lars Mikkelsen Ahsoka bowed three years ago in August 2023 and was a solid ratings performer for the streamer. It hit Nielsen’s top 10 original streaming series charts every week that it premiered new episodes. Lucasfilm co-chief Dave Filoni is behind the project after co-creating the character for the animated Star Wars: The Clone Wars nearly 20 years ago. THR",0,2026-08-15 09:31:45
18,https://variety.com/2026/film/news/star-wars-starfighter-trailer-ryan-gosling-1236712809/,‘Star Wars: Starfighter’ Footage: Ryan Gosling Races Through the Galaxy With Young Sidekick,Variety,2026-08-15T04:43:14,4031,"Aug 14, 2026 9:43pm PT ‘Star Wars: Starfighter’ Footage: Ryan Gosling Races Through the Galaxy With Young Sidekick By Jordan Moreau Plus Icon Jordan Moreau Latest Marvel’s ‘X-Men’ Reboot Sets May 2028 Release Date 4 hours ago ‘Zootopia 3’ in the Works at Disney 4 hours ago ‘Ahsoka’ Season 2 Trailer: Ahsoka and Anakin Reunite as Grand Admiral Thrawn Declares War on the Rebels 5 hours ago See All Getty Images for Disney Ryan Gosling already survived going to space in “Project Hail Mary,” but now he’s ready to blast off to a galaxy far, far away in “ Star Wars: Starfighter .” The upcoming “Star Wars” movie previewed footage at D23 and is set to release in theaters on May 28, 2027. Ryan Gosling is Kade Auberon. Experience Star Wars: Starfighter, starring Ryan Gosling, only in theaters May 28, 2027. pic.twitter.com/hoFlXv8nLL — Star Wars (@starwars) August 15, 2026 Disney and Lucasfilm have kept plot details about “Starfighter” locked up tight, but it’ll be the first follow-up to 2019’s “Episode 9: The Rise of Skywalker” and a fully standalone story. Gosling’s movie will be set five years after the latest trilogy ended, with the chance that some characters may return from the “Star Wars” sequels. “Deadpool & Wolverine” director Shawn Levy, a self-professed “Star Wars” fan, helms the new movie with a script by Jonathan Tropper. Related Stories 'Incredibles 3' Drops First Look Concept Art Ahead of Summer 2028 Release Date Levy and Gosling appeared onstage at Disney’s D23 fan event Friday night to preview the film. Popular on Variety “Our movie comes out May 2027. I’m honored that we’re releasing our film on the same exact weekend that the original ‘Star Wars’ came out exactly 50 years earlier,” said Levy. “‘Starfighter’ embodies the themes of hope and family that have always ben core to [these films]. It takes place in a period of time that’s never been shown in a Star Wars adventure.” In the short teaser shown at D23, Gosling’s pilot character Kade Auberon finds a young man playing with a star fighter jet that’s decommissioned but was known as the fastest ever built. After tuning her up, Gosling flies through alien landscapes, including massive, skyscraper-sized geysers emerging from a planet’s ocean. There’s also a shot of droids shooting at the ship, and Kade’s robot pilot helping him take off. The cast includes young actor Flynn Gray, who appeared in a first-look photo of himself and Gosling in character shooting in the Mediterranean Sea. Unlike past “Star Wars” locations like the desert planet Tatooine or the snowy Hoth, “Starfighter” could feature a more distinct look after the crew filmed in Sardinia, Italy. Fellow cast members include Matt Smith, Mia Goth, Aaron Pierre, Simon Bird, Jamael Westman, Daniel Ings and Amy Adams. “Star Wars” fans have waited a long time for another big-screen adventure since “The Rise of Skywalker.” “The Mandalorian and Grogu,” which continued the story of Pedro Pascal’s masked bounty hunter and Baby Yoda, previously hit theaters May 22. After three seasons of “The Mandalorian,” “Star Wars” has thrived on Disney+ with streaming shows like “The Mandalorian,” “The Book of Boba Fett,” “Obi-Wan Kenobi,” “Ahsoka,” “Andor,” “The Acolyte” and “Skeleton Crew.” ‘Beef’ Creator Lee Sung Jin on Abandoning His Tom Brady Heist Plot and the Finneas, Cailee Spaeny Emmy Snubs ‘The Inbetweeners’ Reunion Movie in the Works at Netflix With Original Lead Cast to Return Netflix Pushes Back on Tyra Banks ‘Reality Check’ Defamation Suit Anne Sweeney Resigns From Netflix Board ‘This Summer Will Be Different’ Netflix Series Adds 6 to Cast as Production Begins San Sebastián Lineup: Pablo Larraín, Mike Leigh, Benjamín Naishtat and More Loading comments... More From Our Brands Rolling Stone Courtney Love Reveals She ‘Almost Died’ in 2019 Amid Mystery Illness Robb Report McLaren Just Previewed Its First Production Car With a Manual Since the F1 Sportico WNBA Trans Athlete Policy Gap Raises Legal Questions WWD Movies and Malls: A Summer Romance or More to It?",0,2026-08-15 09:31:35
28,https://www.hollywoodreporter.com/movies/movie-news/kieran-culkin-to-star-in-animated-movie-clay-1236673989/,Kieran Culkin to Star in Animated Movie ‘Clay’ for Disney,Hollywood Reporter,2026-08-15T04:41:28,1300,"× Skip to main content By Aaron Couch , Kirsten Chuba August 14, 2026 9:41pm Kieran Culkin Dia Dipasupil/Getty Images Kieran Culkin is moulding his career to include a new animated movie from Disney. He will voice star in Clay , which is centered on a man chosen to be a mentor — but his mentee is a moldable ball of clay, who he must keep alive on a journey through a fantastical forrest. Disney Animation’s Jared Bush made the announcement at Disney’s D23 fan event on Friday to reveal the news, and announced a release date of November 2028. Culkin won a best supporting actor Oscar as well as a Golden Globe in 2025 for A Real Pain , and won an Emmy and a Globe for his breakout work as Roman Roy in HBO’s Succession . Coming up, he has The Hunger Games: Sunrise on the Reaping, in which he plays Caesar Flickerman, the character played by Stanley Tucci in the original features. He also has a role in Nancy Meyer’s upcoming movie for Warner Bros., which is expected for 2027. Also as part of the D23 presentation, Disney Animation announced an upcoming Zootopia 3 and new additions to its project Hexed , with Jodie Foster and Walton Goggins joining lead Hailee Steinfeld in the voice cast. Sister division Pixar also showed off what it had in the works, including Incredibles 3 and Coco 2 . THR",0,2026-08-15 09:31:46
5,https://deadline.com/2026/08/hexed-jodie-foster-walton-goggins-1237040951/,‘Hexed’: Disney Thanksgiving Animated Pic Adds Jodie Foster & Walton Goggins – D23,Deadline,2026-08-15T04:41:03,1512,"Skip to main content Dismiss News Banner Breaking News Marvel’s 'X-Men' Adds Christopher Abbott, Adam Driver, Inde Navarette & Maya Boyd; Release Date Set Read the full story By Anthony D'Alessandro Anthony D'Alessandro Editorial Director/Box Office Editor @AwardsTony More Stories By Anthony ‘Spider-Man: Brand New Day’ Has Super $65M Third Weekend; ‘The Odyssey’ Sailing Past Half Billion – Saturday AM Box Office Update Kieran Culkin To Lead Voice Cast Of New Disney Animated Movie ‘Clay’ – D23 ‘Hexed’: Disney Thanksgiving Animated Pic Adds Jodie Foster & Walton Goggins – D23 View All August 14, 2026 9:41pm Disney's 'Hexed' Disney It was announced at D23 tonight that Jodie Foster and Walton Goggins are joining the voice cast of Walt Disney Animation’s Hexed . The Oscar winner, who began her career at Disney in Candleshoe and Freaky Friday , said “I have never voiced a character in a Disney film until now.” She is playing Queen Celeste, the main baddie witch in the pic. Related Stories News The 65 Movies That Have Made More Than $1 Billion At The Global Box Office Culture The 30 Highest-Grossing Animated Films Of All Time At The Global Box Office “What kind of part would a guy like me play?,” the Justified Goggins told the filled Honda Centre. It turns out that Goggins is playing a three-eyed green cat who dons a pink coat, Beef Roger, who is a witch’s sidekick. He winds up befriending Hailee Steinfeld’s young teen protagonist who has witch powers. She fends off against a gaggle of witches.",0,2026-08-15 09:31:21
19,https://variety.com/2026/film/news/hexed-cast-walton-goggins-jodie-foster-1236834882/,Disney’s ‘Hexed’ Adds Walton Goggins and Jodie Foster to Cast,Variety,2026-08-15T04:40:54,2973,"Aug 14, 2026 9:40pm PT Disney’s ‘Hexed’ Adds Walton Goggins and Jodie Foster to Cast By Jennifer Maas , Matt Minton Jodie Foster and Walton Goggins are joining the cast of Disney’s next animated movie, “ Hexed .” The casting news was announced during the Disney Entertainment Showcase presentation at Disney’s D23 fan event in Anaheim, California on Friday. Oscar-winner Foster will play a devious witch queen, while Goggins will play a three-eyed cat named Beef Roger Crummchuk. “It is so much fun to return to Disney because that’s where my career began,” Foster said, referring to her run of ’70s films including “Napoleon and Samantha” and “Freaky Friday.” Related Stories 'Incredibles 3' Drops First Look Concept Art Ahead of Summer 2028 Release Date Starring Hailee Steinfeld and Rashida Jones, “Hexed” follows a teenage oddball and her Type A mom, who discovers her weirdness is actually hidden magic, transporting them to a world where magic can run free. Popular on Variety Josie Trinidad, the head of story on “Ralph Breaks the Internet” and “Zootopia,” is making her film directorial debut with “Hexed” alongside Jason Hand, the “Moana 2” co-director and head of story on “Encanto.” Roy Conli and Juan Pablo Reyes Lancaster-Jones will serve as producers. “Hexed” is set to release in theaters this fall on Nov. 25. Disney’s recent history with original animation like “Hexed” has been spotty. This spring’s “Hoppers” was a hit, but other films that weren’t sequels such as “Elio” and “Luca” have struggled to draw crowds. Meanwhile, established franchises remain core to Disney’s box-office strategy: Last month, “Toy Story 5” crossed the $1 billion worldwide mark since its June 19 release and stands as one of the highest-grossing films of 2026. That follows major success for 2025’s “Zootopia 2,” which beat out “Inside Out 2” to became the highest-grossing animated film of all time with $1.7 billion at the global box office. “Zootopia 2” also surpassed “Frozen 2” as Disney’s biggest animated film ever and was 2025’s highest-grossing movie. Netflix Shuts Down Studio Behind ‘Unhinged’ Game 6 Weeks After Release As Netflix Tries to Reset Narrative for Investors, Live Programming Could Play ‘Starring Role’ Netflix FTX Series ‘The Altruists’ Sets November Release Date, Drops First Look Photos Netflix Executives Considered Pulling ‘Michael Jackson: The Verdict’ Docuseries a Week Before Its Release (EXCLUSIVE) ‘The Inbetweeners’ Reunion Movie in the Works at Netflix With Original Lead Cast to Return Netflix Plans Special Premiere Events in Colombia for Grand Finale of Epic ‘One Hundred Years of Solitude’ Part 2 (EXCLUSIVE) Loading comments... More From Our Brands Rolling Stone Courtney Love Reveals She ‘Almost Died’ in 2019 Amid Mystery Illness Robb Report McLaren Just Previewed Its First Production Car With a Manual Since the F1 Sportico WNBA Trans Athlete Policy Gap Raises Legal Questions WWD Movies and Malls: A Summer Romance or More to It?",0,2026-08-15 09:31:36
6,https://deadline.com/2026/08/ahsoka-season-2-trailer-star-wars-d23-1237040986/,Ahsoka’ Season 2 Trailer: ‘Star Wars’ Series From Lucasfilm & Disney+ Returns After Nearly Three Years – D23,Deadline,2026-08-15T04:36:20,1507,"Skip to main content Dismiss News Banner Breaking News Marvel’s 'X-Men' Adds Christopher Abbott, Adam Driver, Inde Navarette & Maya Boyd; Release Date Set Read the full story By Katie Campione Katie Campione Senior TV & Labor Reporter @katie_campione More Stories By Katherine Ahsoka’ Season 2 Trailer: ‘Star Wars’ Series From Lucasfilm & Disney+ Returns After Nearly Three Years – D23 VisionQuest’ Trailer: First Look At Disney+ ‘WandaVision’ Spinoff Starring Paul Bettany – D23 ‘Incredibles 3’: Pete Docter Teases A Powerful New Villain In Upcoming Threequel As Violet & Dash Step Up To Plate – D23 View All August 14, 2026 9:36pm It’s been quite a while since viewers were immersed in the Disney + Star Wars series Ahsoka , going on three years, actually. New episodes won’t arrive until 2027, but the first trailer premiered Friday at D23 in Anaheim. Check out the clip and new poster below, along with a first-look photo above. Related Stories Books 45 Of The Most Anticipated New & Returning Scripted Shows of 2026 News 2026 Premiere Dates For New & Returning Series On Broadcast, Streaming & Cable Season 2 continues the story of Ahsoka Tano ( Rosario Dawson ) and her extraordinary journey beyond the known galaxy. As Ahsoka and her Jedi apprentice Sabine Wren (Natasha Liu Bordizzo) travel across a mysterious and perilous world to find their way home, their friends must face the powerful Grand Admiral Thrawn (Lars Mikkelsen) and his sinister allies, who seek to plunge the New Republic into war.",0,2026-08-15 09:31:22
29,https://www.hollywoodreporter.com/movies/movie-news/zootopia-3-in-the-works-disney-1236671631/,‘Zootopia 3’ In the Works at Disney,Hollywood Reporter,2026-08-15T04:34:15,2061,"× Skip to main content By Kirsten Chuba Plus Icon Kirsten Chuba Events Editor kirstenchuba Follow Sign Up View All August 14, 2026 9:34pm Zootopia 2 Courtesy of Disney Last year, Zootopia 2 became the biggest Hollywood animated film of all time, landing $1.87 billion at the worldwide box office; now, a third movie is on the way. The announcement was made during Disney ‘s D23 fan event on Friday by Disney Animation head Jared Bush, with Ginnifer Goodwin and Ke Huy Quan also on hand. “The bunny and the snake will be back!” Goodwin declared, as Bush confirmed this iteration will see the return of its fan-favorite characters and feature the introduction of a bird-centered storyline. The hit franchise follows optimistic young rabbit Judy Hopps (Goodwin) and sly red fox Nick Wilde (Jason Bateman) as they partner together as rookie cops, solving crimes in the animal metropolis of Zootopia. The original 2016 film grossed over $1 billion worldwide, and nine years later, the sequel proved to be an even bigger smash. Related Stories Movies Ryan Gosling Shows Off First Footage From 'Star Wars: Starfighter,' About ""A Guy From the Wrong Side of the Galaxy"" Movies 'X-Men' Finally Unveils Its Cast, Including Adam Driver, Inde Navarrette, Christopher Abbott Even before Zootopia 2 went on to break records, the team was already looking ahead, with Goodwin telling The Hollywood Reporter at the November 2025 premiere, “I’m putting everything out there trying to manifest a number three, after a much shorter break. All we’ve got to do is get everyone in the world to go see the movie, it’s not a lot to ask.” Directors Jared Bush (who serves as chief creative officer of Walt Disney Animation) and Byron Howard also had their eyes on doing more with the franchise. Bush said at the time, “If it goes well, we would spend the rest of our careers in the world of Zootopia . It’s the most fun place in the world and there’s so much left to explore. We’ve actually only seen one city on one continent on one planet. There’s quite a lot more stories to tell.” THR",0,2026-08-15 09:31:47
7,https://deadline.com/2026/08/star-wars-starfighter-ryan-gosling-first-look-d23-1237040930/,‘Star Wars: Starfighter’: First Look & Details Unveiled About New Universe Pic At D23,Deadline,2026-08-15T04:33:11,1625,"Skip to main content Dismiss News Banner Breaking News Marvel’s 'X-Men' Adds Christopher Abbott, Adam Driver, Inde Navarette & Maya Boyd; Release Date Set Read the full story By Anthony D'Alessandro Anthony D'Alessandro Editorial Director/Box Office Editor @AwardsTony More Stories By Anthony ‘Spider-Man: Brand New Day’ Has Super $65M Third Weekend; ‘The Odyssey’ Sailing Past Half Billion – Saturday AM Box Office Update Kieran Culkin To Lead Voice Cast Of New Disney Animated Movie ‘Clay’ – D23 ‘Hexed’: Disney Thanksgiving Animated Pic Adds Jodie Foster & Walton Goggins – D23 View All August 14, 2026 9:33pm Ryan Gosling and Flynn Gray on the set of 'Star Wars: Starfighter' Shawn Levy/Instagram We finally have some more details about the Shawn Levy directed, Ryan Gosling starring Star Wars : Starfighter movie after a first look was unveiled tonight at Disney ‘s D23 fan confab. Previous details revealed that the movie was set a brand new galaxy in the Star Wars canon, free of Skywalker family plot-lines. The Jonathan Tropper penned screenplay is set at the future most point in the Star Wars timeline. Related Stories News The 65 Movies That Have Made More Than $1 Billion At The Global Box Office Culture The 30 Highest-Grossing Animated Films Of All Time At The Global Box Office What we learned tonight is that Gosling plays a pilot Kade, a guy who has the swagger of his Drive persona, Driver. The footage begins with Flynn Gray’s young man walking into a rusty spaceship garage. He uncovers a spaceship (almost looks like a speeder). Gosling’s Kade enters and says, “Didn’t I tell you not to touch anything?”",0,2026-08-15 09:31:23
30,https://www.hollywoodreporter.com/movies/movie-news/ryan-gosling-first-footage-star-wars-starfighter-d23-1236671420/,"Ryan Gosling Shows Off First Footage From ‘Star Wars: Starfighter,’ About “A Guy From the Wrong Side of the Galaxy”",Hollywood Reporter,2026-08-15T04:32:25,3332,"× Skip to main content By Kirsten Chuba Plus Icon Kirsten Chuba Events Editor kirstenchuba Follow Sign Up View All August 14, 2026 9:32pm Ryan Gosling (left) and Shawn Levy at the Star Wars Celebration in Tokyo, Japan. Tomohiro Ohsumi/Getty Images for Disney Logo text Star Wars : Starfighter touched down at D23 on Friday night, as Disney showed off first footage from the film during its Entertainment Showcase. Ryan Gosling and newcomer Flynn Gray lead the latest Star Wars entry, a stand-alone movie that is set after the events of 2019’s Star Wars: The Rise of Skywalker . Director Shawn Levy appeared at the event, telling the room of fans that the project “embodies themes of hope and family and adventure” that the Star Wars franchise is known for, but “in a timeline never explored.” He then trolled Gosling with a clip from The Mickey Mouse Club (where Gosling got his start), before bringing out his star, declaring it was the most pivotal role of his career. Related Stories Movies 'X-Men' Finally Unveils Its Cast, Including Adam Driver, Inde Navarrette, Christopher Abbott TV Marvel Unveils Trippy First 'VisionQuest' Trailer Gosling then appeared in a Mickey jacket, declaring, “I owe a lot to Disney… and I’m now here 30 years later and I’m back and it’s changing my life again.” He then switched jackets to feature one with the logo of his character Kade, who he described as “a guy from the wrong side of the galaxy whose fate is intertwined with the fastest starfighter ever built.” Then he teased to the audience, “Can we show you something?” and cut to a glimpse of the movie. STAR WARS at D23: Director Shawn Levy presents Ryan Gosling with a special STARFIGHTER jacket “with the symbol of your character, Kade Auberon.” Gosling describes him as “a guy from the wrong side of the galaxy whose fate is intertwined with the fastest starfighter ever built.” pic.twitter.com/uDSEHLoWJk — Borys Kit (@Borys_Kit) August 15, 2026 In the clip, Gray is shown uncovering a ship as Gosling stumbles him, saying, “Didn’t I tell you not to touch anything?” He says the ship is the fastest starfighter ever built and when Gray’s character says he’s never heard of it, Gosling says “There’s a reason for that.” The interaction was followed by some action-packed scenes of ships sailing across the sea and classic Star Wars moments in space. Levy directed the project , which features a star-studded supporting cast of Matt Smith, Mia Goth, Aaron Pierre, Simon Bird, Jamael Westman, Daniel Ings and Amy Adams. Starfighter is set to hit theaters on May 28, 2027, after it wrapped filming at the end of 2025. “The reality is that this script is just so good. It has such a great story with great and original characters,” Gosling told the audience when the film was first announced at Star Wars Celebration in Tokyo . “It’s filled with so much heart and adventure, and there just really is not a more perfect filmmaker for this particular story than Shawn.” Starfighter is also the first of two high-profile collaborations coming from Gosling and Levy, as Marvel revealed during its Comic-Con presentation last month that the Barbie star would play supernatural horror hero Ghost Rider , in a new big-screen incarnation of the character. Levy will also direct the Ghost Rider film, which is currently set for a 2028 release. THR",0,2026-08-15 09:31:49
20,https://variety.com/2026/film/news/zootopia-3-disney-1236835053/,‘Zootopia 3’ in the Works at Disney,Variety,2026-08-15T04:31:12,3101,"Aug 14, 2026 9:31pm PT ‘Zootopia 3’ in the Works at Disney By Jordan Moreau Plus Icon Jordan Moreau Latest Marvel’s ‘X-Men’ Reboot Sets May 2028 Release Date 4 hours ago ‘Star Wars: Starfighter’ Footage: Ryan Gosling Races Through the Galaxy With Young Sidekick 5 hours ago ‘Zootopia 3’ in the Works at Disney 5 hours ago See All Disney Get ready to head back to Zootopia. Disney has announced that “ Zootopia 3 ” is in the works following the massive success of last year’s “Zootopia 2,” which became the company’s highest grossing animated movie of all time with $1.8 billion at the global box office. The franchise started with the original 2016 movie, which introduced fans to rabbit police officer Judy Hopps (Ginnifer Goodwin) and con artist fox Nick Wilde (Jason Bateman). The two started off as enemies as Judy joined the Zootopia Police Department, but then put aside their differences to solve a mystery in the animal city. The first movie was a hit at the box office, crossed $1 billion globally and spawned a spinoff TV series called “Zootopia+” on Disney+. Related Stories 'Incredibles 3' Drops First Look Concept Art Ahead of Summer 2028 Release Date In 2025’s “Zootopia 2,” Nick joins the police force and becomes Judy’s partner as they embark on another mystery together. They uncover what happened to the missing reptile population in Zootopia, thanks to the help of the pit viper Gary De’Snake (Ke Huy Quan). Popular on Variety The “Zootopia 3” news was announced during Disney’s D23 fan event Friday, where Goodwin and Quan confirmed “the bunny and the snake will be back” in the third film. The “Zootopia 2” cast included the podcasting beaver Nibbles Maplestick (Fortune Feimster), Pawbert Lynxley (Andy Samberg), Milton Lynxley (David Strathairn), Cattrick Lynxley (Macaulay Culkin), Kitt Lynxley (Brenda Song), Dr. Fuzzby (Quinta Brunson), Robert Furwin (Robert Irwin) and Brian Winddancer (Patrick Warburton) amongst others. Directed by Jared Bush and Byron Howard, the sequel made box office history on its opening weekend, becoming the fourth-biggest global opening ever at the time and the largest global launch of all time for an animated film. It was also nominated for best animated feature at the Academy Awards. ‘Operation Safed Sagar’: Inside Netflix’s High-Altitude Bet on the Untold Story of the India-Pakistan Kargil War Anne Sweeney Resigns From Netflix Board ‘This Summer Will Be Different’ Netflix Series Adds 6 to Cast as Production Begins Josh Hartnett Battles a Sea Monster in First Teaser for Netflix Thriller Series ‘Below’ Netflix Developing New York Yankees Drama Series From Jason Bateman, MLB and Josh Wakely Netflix Executives Considered Pulling ‘Michael Jackson: The Verdict’ Docuseries a Week Before Its Release (EXCLUSIVE) Loading comments... More From Our Brands Rolling Stone Courtney Love Reveals She ‘Almost Died’ in 2019 Amid Mystery Illness Robb Report McLaren Just Previewed Its First Production Car With a Manual Since the F1 Sportico WNBA Trans Athlete Policy Gap Raises Legal Questions WWD Movies and Malls: A Summer Romance or More to It?",0,2026-08-15 09:31:38
21,https://variety.com/2026/tv/news/ahsoka-season-2-trailer-release-date-star-wars-1236826698/,‘Ahsoka’ Season 2 Trailer: Ahsoka and Anakin Reunite as Grand Admiral Thrawn Declares War on the Rebels,Variety,2026-08-15T04:25:07,3105,"Aug 14, 2026 9:25pm PT ‘Ahsoka’ Season 2 Trailer: Ahsoka and Anakin Reunite as Grand Admiral Thrawn Declares War on the Rebels By Jordan Moreau Plus Icon Jordan Moreau Latest Marvel’s ‘X-Men’ Reboot Sets May 2028 Release Date 4 hours ago ‘Star Wars: Starfighter’ Footage: Ryan Gosling Races Through the Galaxy With Young Sidekick 4 hours ago ‘Zootopia 3’ in the Works at Disney 5 hours ago See All Lucasfilm Ahsoka Tano is returning to a galaxy far, far away as the Season 2 release date of her Disney+ series has finally been revealed. After Season 1 aired in 2023, the sophomore outing for “Ahsoka” will release on Jan. 20, 2027. Rosario Dawson returns as the Jedi after debuting the popular animated character in live-action during “The Mandalorian.” Ahsoka was the padawan apprentice to Anakin Skywalker (Hayden Christensen) who debuted in the “Clone Wars” animated movie and long-running TV series. After the show ended, she popped back up in the “ Star Wars Rebels” show, but Dawson brought her to life for the first time in a major crossover on “The Mandalorian.” Related Stories 'Incredibles 3' Drops First Look Concept Art Ahead of Summer 2028 Release Date Other animated “Rebels” characters were also re-introduced in “Ahsoka” Season 1, like Natasha Liu Bordizzo as Sabine Wren, Mary Elizabeth Winstead as Hera Syndulla, Eman Esfandi as Ezra Bridger and Lars Mikkelsen as Grand Admiral Thrawn. The cast also included Ariana Greenblatt as young Ahsoka, Ray Stevenson as the antagonist Jedi Baylan Skoll, Ivanna Sakhno as Baylan’s apprentice Shin Hati, “Andor” actor Genevieve O’Reilly as Mon Mothma and Christensen reprising his role as Anakin. Popular on Variety After Stevenson died in May 2023 at age 58 , ahead of the premiere of Season 1, his role as Baylan was recast with Rory McCann, who played the Hound on “Game of Thrones.” The “Ahsoka” series premiere included a tribute to Stevenson before the end credits, reading “For our friend, Ray.” “Gone too soon from this world. At a loss for words…just wanted to mark this moment and share your ever ready and present smile. Love you forever. Holding your family in my heart,” Dawson wrote at the time. Watch the trailer below. Inside Netflix and Prime Video’s Fight to Reshape France’s Streaming Rules: ‘It’s an Unsustainable Equation’ ‘GTA 6’ to Debut ‘Extended Look’ on Netflix and YouTube on Aug. 27 ‘The Walking Dead’ Franchise to Stream on Both Netflix and AMC+ Beginning in 2027 Under New $500 Million Deal Netflix Plans Week-Long ‘Beef’ Free Wellness-Centered FYC Events Throughout Los Angeles (EXCLUSIVE) Netflix Sets Its Longest Theatrical Window Ever for Oscar Hopeful ‘La Bola Negra,’ Moving Up Release Date Ted Sarandos Meets Prime Minister Narendra Modi, Unveils Netflix India Storytelling Initiative Loading comments... More From Our Brands Rolling Stone Courtney Love Reveals She ‘Almost Died’ in 2019 Amid Mystery Illness Robb Report McLaren Just Previewed Its First Production Car With a Manual Since the F1 Sportico WNBA Trans Athlete Policy Gap Raises Legal Questions WWD Movies and Malls: A Summer Romance or More to It?",0,2026-08-15 09:31:39
8,https://deadline.com/2026/08/x-men-christopher-abbott-adam-driver-1237012957/,"‘X-Men’ Adds Christopher Abbott, Adam Driver, Inde Navarette & Maya Boyd; Marvel Studios Pic Set for May 2028 – D23",Deadline,2026-08-15T04:17:00,974,"Skip to main content Dismiss News Banner Breaking News Marvel’s 'X-Men' Adds Christopher Abbott, Adam Driver, Inde Navarette & Maya Boyd; Release Date Set Read the full story By Justin Kroll , Anthony D'Alessandro August 14, 2026 9:17pm From left: Maya Boyd, Adam Driver, Inde Navarrette and Christopher Abbott Patrick Donovan/Michael Buckner/PMC/Gilbert Flores/PMC/Kristina Bumphrey/PMC Christopher Abbott has been tapped to play Charles Xavier aka Professor X in Marvel Studios ‘ X-Men movie. Also joining the film’s are Adam Driver , Obsession breakout Inde Navarette and Maya Boyd . The castings and a release date of May 5, 2028, were unveiled Friday at Disney ‘s D23 event in Anaheim. Related Stories News Meet The New ‘X-Men’: See The Actors Who’ve Been Cast & The Characters They Play News Everything We Know About Marvel’s Upcoming ‘X-Men’ Movie So Far Driver beamed in to announce that he’s playing Magneto, before pausing and adding, “No wait, Nathaniel Milbury.”",0,2026-08-15 09:31:24
22,https://variety.com/2026/film/news/x-men-cast-inde-navarrette-rogue-christopher-abbott-prof-x-adam-driver-mr-sinister-1236817698/,"‘X-Men’ Movie Casts Inde Navarrette as Rogue, Christopher Abbott as Prof. X, Adam Driver as Mr. Sinister and Maya Boyd as Storm",Variety,2026-08-15T04:16:48,3474,"Aug 14, 2026 9:16pm PT ‘X-Men’ Movie Casts Inde Navarrette as Rogue, Christopher Abbott as Prof. X, Adam Driver as Mr. Sinister and Maya Boyd as Storm By Jordan Moreau Plus Icon Jordan Moreau Latest Marvel’s ‘X-Men’ Reboot Sets May 2028 Release Date 4 hours ago ‘Star Wars: Starfighter’ Footage: Ryan Gosling Races Through the Galaxy With Young Sidekick 5 hours ago ‘Zootopia 3’ in the Works at Disney 5 hours ago See All The MCU’s X-Men team is taking shape. Marvel Studios exec Kevin Feige announced the inaugural members of the mutant team at D23 on Friday. The cast includes Sadie Sink as Jean Grey, Kit Connor as Cyclops, Samara Weaving as Emma Frost, Inde Navarrette as Rogue, Christopher Abbott as Prof. X and Maya Boyd as Storm. Adam Driver will be playing the villainous Mr. Sinister. The movie will release on May 5, 2028. Related Stories 'Incredibles 3' Drops First Look Concept Art Ahead of Summer 2028 Release Date Adam Driver is introduced as Mister Sinister in Marvel’s “X-Men” at #D23 . pic.twitter.com/rw68zipVS9 — Variety (@Variety) August 15, 2026 The X-Men haven’t assembled on screen since Fox’s 2019 film “Dark Phoenix,” which starred James McAvoy as Prof. Charles Xavier, Michael Fassbender as Magneto, Jennifer Lawrence as Mystique, Nicholas Hoult as Beast, Sophie Turner as Jean Grey, Tye Sheridan as Cyclops, Alexandra Shipp as Storm, Evan Peters as Quicksilver and Kodi Smit-McPhee as Nightcrawler. This younger cast of actors starred in several Fox prequel films, including “First Class,” “Days of Future Past” and “Apocalypse.” They took over from Fox’s original cast of “X-Men” trilogy stars, which included Patrick Stewart (Xavier), Ian McKellen (Magneto), James Marsden (Cyclops), Kelsey Grammer (Beast), Halle Berry (Storm), Alan Cumming (Nightcrawler), Famke Janssen (Jean Grey) and Rebecca Romijn (Mystique). Popular on Variety Except for Berry and Janssen, those original “X-Men” cast members are reprising their roles in this year’s “Avengers: Doomsday,” where they’ll cross over with the MCU stars to battle Doctor Doom (Robert Downey Jr.) Some of the past “X-Men” stars returned in Marvel’s blockbuster “Deadpool & Wolverine,” starring Ryan Reynolds and Hugh Jackman. Channing Tatum debuted as the mutant Gambit, who will also be returning for “Doomsday.” Fox’s X-Men franchise ended anticlimactically with the 2020 spinoff “New Mutants,” starring Anya Taylor-Joy, Charlie Heaton and Maisie Williams. Now, the team will return for the first time in years as an official part of the MCU. Netflix Hit With $105 Million Suit After Losing Copy of Nicolas Cage WWII Film ‘The Walking Dead’ Franchise to Stream on Both Netflix and AMC+ Beginning in 2027 Under New $500 Million Deal Inside Netflix and Prime Video’s Fight to Reshape France’s Streaming Rules: ‘It’s an Unsustainable Equation’ Allison Janney on Playing the President in ‘The Diplomat,’ Her Broadway ‘Seven-Year Itch’ and the One Genre She’s Never Tried Netflix Buys Danny Boyle’s Rupert Murdoch Movie and Venice Opener ‘Ink’ Netflix Plans Special Premiere Events in Colombia for Grand Finale of Epic ‘One Hundred Years of Solitude’ Part 2 (EXCLUSIVE) Loading comments... More From Our Brands Rolling Stone Courtney Love Reveals She ‘Almost Died’ in 2019 Amid Mystery Illness Robb Report McLaren Just Previewed Its First Production Car With a Manual Since the F1 Sportico WNBA Trans Athlete Policy Gap Raises Legal Questions WWD Movies and Malls: A Summer Romance or More to It?",0,2026-08-15 09:31:40
9,https://deadline.com/2026/08/blue-bloods-showrunner-rejects-bill-oreilly-boston-blue-woke-1237041154/,‘Blue Bloods’ Showrunner Rejects Bill O’Reilly Labeling ‘Boston Blue’ A “Woke Version”: “I Root For It”,Deadline,2026-08-15T04:16:27,3549,"Skip to main content Dismiss News Banner Breaking News Marvel’s 'X-Men' Adds Christopher Abbott, Adam Driver, Inde Navarette & Maya Boyd; Release Date Set Read the full story By Glenn Garner Glenn Garner Associate Editor @xoxo_glenn More Stories By Glenn ‘Blue Bloods’ Showrunner Rejects Bill O’Reilly Labeling ‘Boston Blue’ A “Woke Version”: “I Root For It” ‘Never Have I Ever’s Maitreyi Ramakrishnan Jokes “Devi’s Dead” While Discussing Possible Return, If “All The Stars Lined Up” Ryan De Nino Dead: ‘Married at First Sight’ Alum Was 40 View All August 14, 2026 9:16pm Mika Amonsen as Sean Reagan, Donnie Wahlberg as Danny Reagan and Sonequa Martin-Green as Lena Silver in 'Boston Blue' Ian Watson/CBS Although the Reagans might not be in the same city anymore, Blue Bloods showrunner Kevin Wade supports the direction of the CBS spin-off. In a recent conversation with Bill O’Reilly, the Golden Globe nominee rejected the No Spin News host’s take that the offshoot is a “woke version” of the original, noting that he’s “happy for them.” O’Reilly argued, “ Boston Blue is woke. I mean, they got every ethnicity in the world coming in there. I don’t know who’s who, I can’t keep track of where these people are from and what they’re doing. Whereas Blue Bloods was Irish Catholic traditional down the line. Related Stories Cancellations and Renewals ‘Boston Blue’ & ‘Sheriff Country’ Renewed For Season 2 By CBS News ‘Boston Blue’ Promo Reveals Season 2 Release Date “So, do you think that the suits in Hollywood said, ‘Enough of this traditional stuff. It might be working, but we can make a woke version of this and make just as as much money’?” he asked. Watch on Deadline Wade praised Donnie Wahlberg for doing “a terrific job” in reprising his role as Danny Reagan, adding, “And I’m going to be on the side of my colleagues here and go, anytime something is providing jobs for actors and the huge amount of people that are employed as crew, I’m happy for them, and I root for it.” With Blue Bloods , Wade also didn’t see there being “a political agenda,” because although the show “was perceived as a maybe a right-leaning show—it was certainly about a family of white Roman Catholic Brooklyn cops, and cops and law enforcement in general tend to lean to the right. “If we had a little secret sauce, it was that when we built a soapbox for one side, we tried to make sure to build a soapbox of equal dimensions for the other side of an issue,” explained Wade. “We had to take on a lot of issues, and we chose to take on a lot of issues during the run of the show. I think that if there was a reason for its success … it was that people didn’t feel preached to. They didn’t feel like we were telling them what to think, or how to think, or what side was the right side.” Following Blue Bloods ‘ 2024 finale, Wahlberg reprised his role as Det. Danny Reagan in the spin-off Boston Blue , which premiered last October, with the role of Danny’s Sean recast with Mika Amonsen after Andrew Terraciano played him in the parent series. Also starring Sonequa Martin-Green, Ernie Hudson, Maggie Lawson, Gloria Reuben and Marcus Scribner, Boston Blue received an early renewal for Season 2 in December, set to return on Oct. 9. ‘Zootopia 3’ Set; ‘Kingdom Hearts’ Series; ‘Bluey Movie’ Trailer; More From Disney Event ‘Spider-Man’ $65M No. 1; Dino Movies Fight For $20M 3rd Place Netflix Catwalks All Over Tyra Banks’ ‘Top Model’ Docuseries Defamation Suit Ellison Gripes About “Needless Costs” Of AGs’ Suit; Mexico OKs WBD Merger Read More About: Comments",0,2026-08-15 09:31:25
31,https://www.hollywoodreporter.com/movies/movie-news/x-men-cast-marvel-reboot-1236671602/,"‘X-Men’ Finally Unveils Its Cast, Including Adam Driver, Inde Navarrette, Christopher Abbott",Hollywood Reporter,2026-08-15T04:14:28,1360,"× Skip to main content By Aaron Couch , Borys Kit August 14, 2026 9:14pm Adam Driver and Inde Navarrette Aurore Marechal/Getty Images, Alberto E. Rodriguez/Getty Images for Paramount Pictures Logo text To me, my X-Men ! After years of speculation, and a furious few months of screen tests and dealmaking, Marvel unveiled its X-Men cast at D23 on Friday night. The movie will star Sadie Sink (Jean Grey), Kit Connor (Cyclops), Christopher Abbott (Prof. X), Samara Weaving (Emma Frost), Inde Navarrette (Rogue) and Maya Boyd (Storm). Adam Driver is also among the cast as the villain Mr. Sinister, with the film landing a release date of May 5, 2028. The cast was onstage with Marvel boss Kevin Feige, with Driver making a video appearance. Related Stories TV Marvel Unveils Trippy First 'VisionQuest' Trailer Movies 'Tangled' Live-Action Movie Unveils First-Look, March 2028 Release Date “Kevin and I have been talking for years about me joining MCU,” Driver said, adding they had “found something perfect with characters I feel very deeply about.” Some of the cast was known going into D23. Sink was the first piece of the puzzle, with her Jean Grey debuting in Spider-Man: Brand New Day last month. And it was already reported that Heartstopper Kit Connor would play Cyclops and that Ready or Not star Samara Weaving would play Emma Frost. And the Heat Vision",0,2026-08-15 09:31:50
10,https://deadline.com/2026/08/visionquest-trailer-paul-bettany-marvel-1237041020/,VisionQuest’ Trailer: First Look At Disney+ ‘WandaVision’ Spinoff Starring Paul Bettany – D23,Deadline,2026-08-15T04:12:59,1845,"Skip to main content Dismiss News Banner Breaking News Marvel’s 'X-Men' Adds Christopher Abbott, Adam Driver, Inde Navarette & Maya Boyd; Release Date Set Read the full story By Katie Campione Katie Campione Senior TV & Labor Reporter @katie_campione More Stories By Katherine Ahsoka’ Season 2 Trailer: ‘Star Wars’ Series From Lucasfilm & Disney+ Returns After Nearly Three Years – D23 VisionQuest’ Trailer: First Look At Disney+ ‘WandaVision’ Spinoff Starring Paul Bettany – D23 ‘Incredibles 3’: Pete Docter Teases A Powerful New Villain In Upcoming Threequel As Violet & Dash Step Up To Plate – D23 View All August 14, 2026 9:12pm It’s the beginning of the end for the WandaVision trilogy. Nearly two years after the series finale of Agatha All Along — and 5½ years after WandaVision ended — the Disney and Marvel released the first trailer for VisionQuest on Friday at D23 in Anaheim. Have a look above. Related Stories News Paul Bettany Teases “Moving” & “Super Exciting” ‘VisionQuest’; Working With “Delicious” James Spader Books 45 Of The Most Anticipated New & Returning Scripted Shows of 2026 Paul Bettany stars as Vision, a former Avenger who was introduced in 2015’s Age of Ultron killed in the 2018 Infinity War film but was resurrected without emotions or memories. Vision, rebooted and having escaped from those who sought to weaponize him, has been in hiding. Searching for new meaning, he consults the AI personas embedded in his programming, including F.R.I.D.A.Y., E.D.I.T.H., J.A.R.V.I.S., and the infamous Ultron. His discreet existence ends when a bounty placed on his head thrusts him on the run with Thomas Shepard, a mysterious boy who may be Vision’s son, reincarnate. As Vision evades capture, he must confront his nature, resist Ultron’s influence, and unravel the enigma that is his young companion if he’s to survive.",0,2026-08-15 09:31:26
23,https://variety.com/2026/film/news/avengers-doomsday-trailer-d23-1236817670/,"‘Avengers: Doomsday’ Trailer: Robert Downey Jr.’s Doctor Doom Faces Off Against Mister Fantastic, X-Men and Avengers With Army of Sentinels",Variety,2026-08-15T04:12:38,4049,"Aug 14, 2026 9:12pm PT ‘Avengers: Doomsday’ Trailer: Robert Downey Jr.’s Doctor Doom Faces Off Against Mister Fantastic, X-Men and Avengers With Army of Sentinels By Jordan Moreau Plus Icon Jordan Moreau Latest Marvel’s ‘X-Men’ Reboot Sets May 2028 Release Date 4 hours ago ‘Star Wars: Starfighter’ Footage: Ryan Gosling Races Through the Galaxy With Young Sidekick 4 hours ago ‘Zootopia 3’ in the Works at Disney 5 hours ago See All Marvel Studios Marvel Studios unveiled the second “ Avengers: Doomsday ” trailer on Friday during Disney’s D23 fan convention, further teasing the massive MCU team-up movie arriving in theaters Dec. 18. The two-minute clip — introduced by “Doomsday” leads Robert Downey Jr. (Doctor Doom), Chris Evans (Steve Rogers/Captain America) and Hayley Atwell (Peggy Carter) — sees Vanessa Kirby’s Sue Storm/Invisible Woman warning a collection of Earth’s mightiest heroes about the danger of the Latverian villain in between cuts focused on Doom’s costume. Related Stories 'Incredibles 3' Drops First Look Concept Art Ahead of Summer 2028 Release Date “I knew he was lost,” Storm says. “But I did not realize that he was broken.” Popular on Variety The clip then cuts to Pedro Pascal’s Reed Richards/Mister Fantastic confronting Doom amid a heap of rubble before Chris Hemsworth’s Thor promises Doom “will be begging for hell long before I grant it.” But before Thor can strike Doom with his axe Stormbreaker, as seen in the film’s first trailer, Doom blocks it before blasting the Norse god with a beam of green energy. Doom then raises a collection of Sentinels, the classic X-Men villains, before responding: “Hell answers to me, for I am Doom.” The clip largely mirrors one shown last month during Marvel Studios’ Hall H panel at San Diego Comic-Con. The Avengers, Fantastic Four, Thunderbolts and more heroes are joining forces to take down Downey’s Doctor Doom, marking the Iron Man actor’s return to the MCU after his original character died in “Avengers: Endgame.” The cast is a sprawling who’s who of Marvel A-listers. In addition to Downey Jr. returning, Evans is back as Steve Rogers/Captain America after he traveled back in time and stepped away from his superhero duties in “Endgame.” Hemsworth also reprises his role as Thor, alongside Paul Rudd as Ant-Man, Letitia Wright as Black Panther, Sebastian Stan as the Winter Soldier, Tom Hiddleston as Loki and Simu Liu as Shang-Chi. The “Fantastic Four: First Steps” stars, comprised of Pedro Pascal as Mister Fantastic, Vanessa Kirby as the Invisible Woman, Joseph Quinn as Human Torch and Ebon Moss-Bachrach as the Thing are back for “Doomsday,” as are the “Thunderbolts” cast, including Florence Pugh as Yelena Belova, David Harbour as Red Guardian, Lewis Pullman as Sentry, Wyatt Russell as U.S. Agent and Hannah John-Kamen as Ghost. Notably, “Doomsday” mark the official MCU debut for several of Fox’s past “X-Men” stars after Disney acquired the studio. Patrick Stewart is back as Prof. Charles Xavier, Ian McKellen is Magneto, James Marsden is Cyclops, Kelsey Grammer is Beast, Rebecca Romijn is Mystique, Alan Cumming is Nightcrawler and Channing Tatum is Gambit. Watch the trailer below: Lee Chang-dong’s Venice and Toronto-Bound ‘Possible Love’ Sets Theatrical Release Dates Ahead of Netflix Bow World Cup Final Ratings Skyrocket Across Europe, Despite England and France Losses Inside Netflix and Prime Video’s Fight to Reshape France’s Streaming Rules: ‘It’s an Unsustainable Equation’ ‘The Last House’ Debuts With 27.5 Million Views in Three Days Netflix Developing New York Yankees Drama Series From Jason Bateman, MLB and Josh Wakely Josh Hartnett Battles a Sea Monster in First Teaser for Netflix Thriller Series ‘Below’ Loading comments... More From Our Brands Rolling Stone Courtney Love Reveals She ‘Almost Died’ in 2019 Amid Mystery Illness Robb Report McLaren Just Previewed Its First Production Car With a Manual Since the F1 Sportico WNBA Trans Athlete Policy Gap Raises Legal Questions WWD Movies and Malls: A Summer Romance or More to It?",0,2026-08-15 09:31:41
32,https://www.hollywoodreporter.com/tv/tv-features/visionquest-first-trailer-paul-bettany-1236671624/,Marvel Unveils Trippy First ‘VisionQuest’ Trailer,Hollywood Reporter,2026-08-15T04:05:35,1418,"× Skip to main content By Kirsten Chuba , Aaron Couch August 14, 2026 9:05pm Paul Bettany Marvel Studios/ Disney+ It’s the beginning of the end for the WandaVision trilogy, as Marvel unveiled a first-look trailer for VisionQuest and set an Oct. 14 premiere date. Marvel Studios boss Kevin Feige brought out stars Paul Bettany, who stars as the synthetic member of the Avengers, as well as James Spader, who returns as Ultron, the villain from 2015’s Avengers: Age of Ultron. “It’s been an enormous joy playing Vision as he’s evolved through the years, helped turned the tide in some enormous battles… rather inconveniently died a number of times … Although I’m told in the Marvel universe no one is really dead, unless Kevin says they are,” Bettany said, before unveiling a trippy first trailer. Picard showrunner Terry Matalas is behind VisionQuest . The series follows the 2021 serise WandaVision , which dealt with Wanda Maximoff’s (Elizabeth Olsen) grief after the death of Vision in Avengers: Infinity War . The story continued with Agatha All Along (2024), centered on WandaVision antagonist Agatha (Kathryn Hahn). Bettany has been with the Marvel Cinematic Universe since it’s dawn, when he voiced TonyS tark’s AI assistant Jarvis in 2008’s Iron Man . He first played Vision in Age of Ultron , and in addition to the live-action movies and TV shows, has voiced the character in the aniamted series What If…? THR",0,2026-08-15 09:31:51
33,https://www.hollywoodreporter.com/movies/movie-news/tangled-live-action-movie-first-look-1236672365/,"‘Tangled’ Live-Action Movie Unveils First-Look, March 2028 Release Date",Hollywood Reporter,2026-08-15T03:51:27,2518,"× Skip to main content By Kirsten Chuba Plus Icon Kirsten Chuba Events Editor kirstenchuba Follow Sign Up View All August 14, 2026 8:51pm 'Tangled' Courtesy of Everett Collection At its D23 fan event on Friday, Disney offered up a first look at its upcoming live-action adaptation of Tangled . The clip began with a shot of Teagan Croft, who is playing Rapunzel, from behind, with her long blonde hair cascading over cobblestone streets. The footage then cut to Kathryn Hahn as the duplicitous Mother Gothel, before Hahn took the stage to thank fans for manifesting her casting. The star joked her character “may be a little overprotective, but that’s because she cares so much” and added, she’s “the best kind of villain, the kind who thinks she’s actually a hero.” Croft and co-star Milo Manheim also sent a virtual message, appearing in costume as they said hi to fans from their set in Spain. The studio also announced a release date of March 31, 2028. Related Stories Movies Lisa Kudrow and Mira Sorvino Bring 'Romy and Michele 2' to D23: ""We're Officially Disney Princesses"" Movies Disney Reveals 'Lilo & Stitch 2' Will Feature Stitch's Pink Counterpart Angel TANGLED live-action movie gets a release date (and a first teasing look that had fans cheering) … March 31, 2028. pic.twitter.com/LeKk0WzJhg — Borys Kit (@Borys_Kit) August 15, 2026 At the beginning of the year, the studio cast rising Australian actress Croft as Rapunzel, the curious and plucky would-be princess with magical hair, and Zombies star Manheim as Flynn Rider, the cocky outlaw thief who helps her escape her tower prison. In the 2010 animated version — now regarded as a modern classic and part of Disney Animation’s second renaissance — those roles were voiced by Mandy Moore and Zachary Levi. Rounding out the live-action cast, Diego Luna has also joined the film in a new role. Michael Gracey, who counts the musical biopics Better Man and The Greatest Showman among his credits , is directing the feature, which, like the original, will have big musical elements. Kristin Burr, who has long-standing ties to the studio and was a producer on Freakier Friday as well as 2021’s live-action Cruella , is producing. Jennifer Kaytin Robinson ( I Know What You Did Last Summer , Thor: Love and Thunder ) and Michael Montemayor ( Everyone I Know is Dead ) wrote the script. The original animated film grossed over $591 million and spawned a popular Disney Channel series. Filming for the new adaptation began earlier this summer in Spain. THR",0,2026-08-15 09:31:52
11,https://deadline.com/2026/08/tangled-release-date-d23-1237040918/,‘Tangled’ Live-Action Pic From Disney Sets 2028 Theatrical Release – D23,Deadline,2026-08-15T03:50:06,1353,"Skip to main content Dismiss News Banner Breaking News Marvel’s 'X-Men' Adds Christopher Abbott, Adam Driver, Inde Navarette & Maya Boyd; Release Date Set Read the full story By Anthony D'Alessandro Anthony D'Alessandro Editorial Director/Box Office Editor @AwardsTony More Stories By Anthony ‘Spider-Man: Brand New Day’ Has Super $65M Third Weekend; ‘The Odyssey’ Sailing Past Half Billion – Saturday AM Box Office Update Kieran Culkin To Lead Voice Cast Of New Disney Animated Movie ‘Clay’ – D23 ‘Hexed’: Disney Thanksgiving Animated Pic Adds Jodie Foster & Walton Goggins – D23 View All August 14, 2026 8:50pm 2010's 'Tangled' The live-action adaptation of Disney animated classic Tangled will be opening in theaters on March 31, 2028. A very small piece of footage, literally a shot of Rapunzel’s long blonde hair sprawled down long medieval stairs was shown. The camera lifts to show the face of actress Teagan Croft. We then see Kathryn Hahn stepping out from behind a door in a tunneled alley as Mother Gothel, exclaiming “Rapunzel!” The entire Honda Center at D23 screamed — a clear sign that fans’ requests were met. Many on social wanted Hahn to play the villain. Related Stories Culture The 30 Highest-Grossing Animated Films Of All Time At The Global Box Office News The 65 Movies That Have Made More Than $1 Billion At The Global Box Office",0,2026-08-15 09:31:27
12,https://deadline.com/2026/08/bluey-movie-trailer-d23-1237040950/,‘The Bluey Movie’ Trailer: Beloved Kids Show Character Dogpaddles To Big Screen For First Time – D23,Deadline,2026-08-15T03:42:35,1400,"Skip to main content Dismiss News Banner Breaking News Marvel’s 'X-Men' Adds Christopher Abbott, Adam Driver, Inde Navarette & Maya Boyd; Release Date Set Read the full story By Anthony D'Alessandro Anthony D'Alessandro Editorial Director/Box Office Editor @AwardsTony More Stories By Anthony ‘Spider-Man: Brand New Day’ Has Super $65M Third Weekend; ‘The Odyssey’ Sailing Past Half Billion – Saturday AM Box Office Update Kieran Culkin To Lead Voice Cast Of New Disney Animated Movie ‘Clay’ – D23 ‘Hexed’: Disney Thanksgiving Animated Pic Adds Jodie Foster & Walton Goggins – D23 View All August 14, 2026 8:42pm Good news and bad news, kids. The good news is that we have the first trailer for The Bluey Movie. The bad news is the pic doesn’t hits theaters for another year — oh, biscuits! OK, so the release date isn’t exactly “news” — we’ve known that for nearly a year already — but the crowd at Disney ‘s D23 event in Anaheim got its first look at the animated family adventure comedy Friday and you can check it out above. Related Stories News The 65 Movies That Have Made More Than $1 Billion At The Global Box Office Culture The 30 Highest-Grossing Animated Films Of All Time At The Global Box Office Based on the Bluey series, The Bluey Movie takes place on an action-packed day when a big surprise changes everything for Bluey and her family. The film arrives in theaters on August 6, 2027.",0,2026-08-15 09:31:29
13,https://deadline.com/2026/08/page/2/,More Stories,Deadline,2026-08-01T00:00:00,6965,"Skip to main content Latest in Wendi McLendon-Covey Rounds Out Cast Of 20th’s ‘Romy And Michele’ Sequel EXCLUSIVE: 20th has rounded out the cast of its sequel to cult classic comedy Romy and Michele’s High School Reunion with the addition of St. Denis Medical ‘s Wendi McLendon-Covey. Character details are being kept under wraps, as is the plot of the sequel, which began shooting in Los Angeles in… By Matt Grobar 8 hours ago Print Print Wendi McLendon-Covey Rounds Out Cast Of 20th’s ‘Romy And Michele’ Sequel Read the full story Exclusive Film Mark Rydell Dies: Oscar-Nominated ‘On Golden Pond’, ‘The Rose’ Director Was 97 Mark Rydell, the Oscar-nominated director of 1981’s On Golden Pond and two of Bette Midler’s signature films — The Rose and For the Boys — died Thursday of natural causes in Los Angeles. He was 97. His death was announced by Midler on Instagram today. “Mark Rydell, the director or my… By Greg Evans 8 hours ago Print Print Mark Rydell Dies: Oscar-Nominated ‘On Golden Pond’, ‘The Rose’ Director Was 97 Read the full story Film Barry Keoghan Signs With CAA EXCLUSIVE: Barry Keoghan, the Oscar-nominated actor set to play Ringo Starr in Sam Mendes’ The Beatles – A Four-Film Cinematic Event , has signed with CAA. Keoghan is currently in production on the biopics, where he stars opposite Paul Mescal as Paul McCartney, Joseph Quinn as George Harrison and… By Matt Grobar Aug 14, 2026 10:00 am Print Print Barry Keoghan Signs With CAA Read the full story Exclusive Film Netflix Acquires Digital YA Series ‘Sunshine Girls’; Sets December Premiere Window Netflix revealed its latest YA acquisition, Sunshine Girls , a coming-of-age series from Brat TV, today, setting the premiere window for December 2026. Starring Alma Marian as Olivia, Isabella Fowler as Taylor and Erin Rose Park as Riley, the show is set in Valley Hills, a ""perfectly nice… By Dessi Gomez Aug 14, 2026 10:00 am Print Print Netflix Acquires Digital YA Series ‘Sunshine Girls’; Sets December Premiere Window Read the full story TV ‘Finding Her Edge’ Season 2 To Get Back On The Ice For Start Of Production Later This Month Madelyn Keys, Cale Ambrozic and Olly Atkins will be reprising their roles for new twists and turns on and off the ice in Season 2 of Finding Her Edge , which starts production at the end of the month. The YA figure skating series' first season arrived in January of this year. Based on Jennifer… By Dessi Gomez Aug 14, 2026 10:00 am Print Print ‘Finding Her Edge’ Season 2 To Get Back On The Ice For Start Of Production Later This Month Read the full story TV The Partnership: ‘The Pitt’s Taylor Dearden & Tal Anderson Tackle Sisterhood With Precision For Taylor Dearden and Tal Anderson, playing twins Mel and Becca King on The Pitt has become a true collaboration. The two first-time Emmy-nominated actors have developed an easy rapport that allows them to dig into the complicated bond between sisters who have spent most of their lives relying on… By Destiny Jackson Aug 14, 2026 10:00 am Print Print The Partnership: ‘The Pitt’s Taylor Dearden & Tal Anderson Tackle Sisterhood With Precision Read the full story Awards ‘Star Wars: Mandalorian & Grogu’ To Stream On Disney+ At End Of Summer Disney has set a September 2 global streaming date for Star Wars: The Mandalorian and Grogu on Disney+. That reps a long 103-day window between theatrical and streaming for the Jon Favreau-directed movie. The movie led the Memorial Day box office with a $167 million global start but wound up… By Anthony D'Alessandro Aug 14, 2026 9:32 am Print Print ‘Star Wars: Mandalorian & Grogu’ To Stream On Disney+ At End Of Summer Read the full story Box Office English Football Giants Liverpool Confirm Sale Of Stake To Jeff Bezos & Facebook Co-Founder Eduardo Saverin UPDATE, August 14, 9.17 a.m. PT : Liverpool have confirmed Jeff Bezos and Eduardo Saverin are among a group that has acquired a minority stake in the English football giants. The club’s owner, Fenway Sports Group, said it has sold a shareholding to 1892 Holdings, a consortium led and managed by… By Jesse Whittock Aug 14, 2026 9:16 am Print Print English Football Giants Liverpool Confirm Sale Of Stake To Jeff Bezos & Facebook Co-Founder Eduardo Saverin Read the full story Business Riley Keough To Star In ‘Advantage Player’ Casino Drama In Works At HBO From Will Graham & Media Res EXCLUSIVE : HBO is betting on Advantage Player, landing a gambling-themed drama starring and executive produced by Riley Keough in a competitive situation, Deadline has learned. The project, inspired by real-life advantage player Gina Fiore, comes from Michael Ellenberg’s Media Res. It is written and… By Nellie Andreeva Aug 14, 2026 9:15 am Print Print Riley Keough To Star In ‘Advantage Player’ Casino Drama In Works At HBO From Will Graham & Media Res Read the full story Exclusive TV ‘Final Destination’ Star Kaitlyn Santa Juana, Maclean Fish & Nikki Roumel Leading Road-Trip Dramedy ‘The Jam Van’ EXCLUSIVE : Final Destination Bloodlines star Kaitlyn Santa Juana, Maclean Fish ( Little House On The Prairie ) and Nikki Roumel ( Ginny & Georgia ) are leading road-trip dramedy, The Jam Van . Madison MacIsaac ( My Secret Santa ), Cassandra Potenza ( Clown in a Cornfield ) and Dom Bergeron ( High School )… By Andreas Wiseman Aug 14, 2026 9:10 am Print Print ‘Final Destination’ Star Kaitlyn Santa Juana, Maclean Fish & Nikki Roumel Leading Road-Trip Dramedy ‘The Jam Van’ Read the full story Exclusive Film ‘The Wrong Girls’ Writer-Director & Cast On Stoner Comedy’s “L.A. Accent”, Potential For Sequel: “There’s So Much Left There” With three native Southern Californians at the helm, The Wrong Girls was always meant to be set in the unique weed culture of Los Angeles. Ahead of the release of the stoner comedy, which premieres Friday in theaters, writer-director Dylan Meyer and stars Kristen Stewart and Alia Shawkat told… By Glenn Garner Aug 14, 2026 9:00 am Print Print ‘The Wrong Girls’ Writer-Director & Cast On Stoner Comedy’s “L.A. Accent”, Potential For Sequel: “There’s So Much Left There” Read the full story Film ‘The End Of Oak Street’ Stomping To $38M-$48M Global Opening; U.S. Previews At $2.5M; ‘Paw Patrol: Dino Movie’ $1.9M – Box Office Update FRIDAY AM: Warner Bros/Bad Robot’s PG-13 The End of Oak Street came in at $2.5M for Thursday night U.S. previews. The running global tally is $6.5M with key openings in Italy and France. Global outlook is still $38M WW-$48M WW with the foreign haul likely outweighing domestic. Again, that U.S… By Anthony D'Alessandro Aug 14, 2026 8:47 am Print Print ‘The End Of Oak Street’ Stomping To $38M-$48M Global Opening; U.S. Previews At $2.5M; ‘Paw Patrol: Dino Movie’ $1.9M – Box Office Update Read the full story Box Office Previous page of stories Previous Next page of stories Next Sidebar Newswire PMC Deadline is a part of Penske Media Corporation. © 2026 Deadline Hollywood, LLC. All Rights Reserved. Powered by WordPress.com VIP Site",0,2026-08-15 09:31:30
