id,url,title,source,publication_date,text_length,full_text,is_duplicate,created_at
1,https://deadline.com/2026/08/ryusuke-hamaguchi-all-of-a-sudden-oscars-japan-1237050753/,Oscars: Japan Selects Ryusuke Hamaguchi’s ‘All Of A Sudden’ For International Feature Film Race,Deadline,2026-08-26T09:43:49,2414,"Skip to main content By Zac Ntim Zac Ntim International Reporter @ZacharyNtim More Stories By Zac Ted Hodgkinson To Leave Southbank Centre & Join Hay Festival As Creative Director Janus Films & Criterion Acquire Paul Thomas Anderson’s Cameron Winter Concert Film Oscars: Belgium Selects Lukas Dhont’s ‘Coward’ For International Feature Film Race View All August 26, 2026 2:43am All Of A Sudden CineFrance, Bitters End Ryusuke Hamaguchi ’s latest feature, All Of A Sudden , has been selected as Japan ’s entry for the Best International Feature Film category at the 99th Academy Awards. The Japanese-French-language drama premiered to an 11-minute standing ovation at Cannes and went on to win a Best Actress prize for both of its stars, Virginie Efira and Tao Okamoto. Set in France and Japan, All of a Sudden follows Marie-Lou (Efira), the director of a care facility for the elderly, who is determined to introduce an innovative philosophy of care rooted in listening and respect for residents’ dignity, despite resistance from members of her staff. Her path is profoundly reshaped by an encounter with Mari (Okamoto), a Japanese theater director battling cancer. As the two women form a deep friendship, they join forces in a shared struggle to make the impossible possible. Related Stories News Germany Selects Sandra Wollner's 'Everytime' For Best International Film Oscar; Three Films From Country In Running Due To New Rules News Oscars: Belgium Selects Lukas Dhont's 'Coward' For International Feature Film Race Hamaguchi co-wrote the screenplay with Léa Le Dimna, loosely adapting the book of writings by Makiko Miyano and Maho Isono, When Life Suddenly Takes a Turn: Twenty Letters Between a Philosopher with Terminal Cancer and a Medical Anthropologist. Watch on Deadline The film is produced by David Gauquié, Julien Deris, Jean-Luc Ormières and Renan Artukmaç for France’s Cinefrance Studios; Hiroko Matsuda, Kosuke Oshida and Yuji Sadai for Japan’s Office Shirous and Bitters End; Bettina Brokemper for Germany’s Heimatfilm; and Joseph Rouschop for Belgium’s Tarantula. Neon will open the film in theaters on Nov. 25. Lionsgate Inks Partnership With Indian Action Star Yash Tributes, Career Gallery & Obituary For Music, Humanitarian Icon Ryan Gosling And WB Eye Live-Acton ‘Flintstones’ Pic About Bamm-Bamm ‘Bel-Air’ Spinoff ‘Hilary’ Starring Coco Jones In Works At Peacock Read More About: Comments",0,2026-08-26 09:49:18
24,https://www.hollywoodreporter.com/movies/movie-news/oscars-japan-ryusuke-hamaguchi-all-of-a-sudden-intl-film-1236681780/,Oscars: Japan Picks Ryusuke Hamaguchi’s ‘All of a Sudden’ as Best Int’l Feature Submission,Hollywood Reporter,2026-08-26T09:39:10,3086,"× Skip to main content By Patrick Brzeski Plus Icon Patrick Brzeski Asia Bureau Chief View All August 26, 2026 2:39am Tao Okamoto and Virginie Efira in 'All of a Sudden' Cannes Film Festival Japan has selected Ryusuke Hamaguchi ’s luminously cerebral French-language feature All of a Sudden as its submission for the best international feature category at the 99th Academy Awards. The Motion Picture Producers Association of Japan, known as Eiren, announced the choice Wednesday. It marks the second time a Hamaguchi film has represented Japan at the Oscars , following Drive My Car , which was selected five years ago and went on to win best international feature while also earning nominations for best picture, director and adapted screenplay. Related Stories TV Sky Orders ""Second Chapter"" of Rafe Spall-Starring Crime Drama 'Under Salt Marsh' TV Sky U.K.'s Meghan Lyvers Discusses IP, Original Content Mix and ""Increasing the Emotional Stakes"" All of a Sudden premiered to acclaim at Cannes in May, where co-stars Virginie Efira and Tao Okamoto shared the best actress prize. The win made Okamoto the first Japanese actress to receive Cannes’ best actress honor. Set largely at a nursing home outside Paris, the film stars Efira as Marie-Lou, the facility’s director, who is attempting to introduce a compassion-based approach to elder care amid chronic understaffing and resistance from some of her employees. A chance encounter brings her into the orbit of Mari (Okamoto), a Japanese theater director with terminal cancer, and the two women form an intense friendship that reshapes both of their lives. In his Cannes review, The Hollywood Reporter ‘s chief film critic David Rooney called All of a Sudden “a work of deeply affecting humanism,” praising its “luminous moments of human connection” and concluding that “the payoff is worth it” despite the film’s three-hour and sixteen-minute runtime. The critical consensus on the Croisette was similarly effusive. As with Drive My Car , All of a Sudden could be a strong multi-category contender at the 99th Academy Awards. Neon, which will release All of a Sudden in the U.S. on Nov. 25, plans to campaign for Efira for best actress and Okamoto for best supporting actress, THR reported Tuesday. The distributor will also push the film for best picture, director and adapted screenplay. Hamaguchi co-wrote All of a Sudden with Léa Le Dimna, drawing loosely from When Life Suddenly Takes a Turn , a best-selling Japanese nonfiction collection of letters between philosopher Makiko Miyano, who was living with terminal cancer, and medical anthropologist Maho Isono. The film is a France-Japan-Germany-Belgium co-production. Hamaguchi, 47, has swiftly become one of Japan’s most internationally decorated filmmakers over the past decade. Along with his Oscar win for Drive My Car , he won Cannes’ screenplay prize for that film, the Silver Bear grand jury prize in Berlin for Wheel of Fortune and Fantasy in 2021 and Venice’s grand jury prize for Evil Does Not Exist in 2023. The 99th Academy Awards will be held March 14, 2027. THR",0,2026-08-26 09:49:46
2,https://deadline.com/2026/08/under-salt-marsh-renewed-rafe-spall-returning-sky-1237050733/,Sky Renews ‘Under Salt Marsh’ With Rafe Spall Returning,Deadline,2026-08-26T09:35:37,2725,"Skip to main content By Jesse Whittock Jesse Whittock International TV Co-Editor @WhittockTweets More Stories By Jesse British Hulu Original ‘Raising Chelsea’ Returning For Second Season On Disney+ Marlo Miazga Launches M Media With CBC Order For “Deeply Personal” Doc ‘Ground Control’ ‘Sweetpea’: Ella Purnell Is Back In Killer Role In Trailer For Season 2 Of Sky And Starz Comedy-Drama View All August 26, 2026 2:35am 'Under Salt Marsh' Season 2 Sky Rafe Spall will be heading back Under Salt Marsh . Sky has ordered a second, currently untitled season of the crime drama, in which Spall plays enigmatic Detective Eric Bull. Following the events of the first season, Bull will move to a remote Scottish mining village that is, per the synopsis, “sinking under the weight of its own secrets” and a murder investigation brings him closer to the truth about his own past. Under Salt Marsh comes from creator, writer and director Claire Oakley, and is made by Little Door Productions in association with Sky Studios. Related Stories News 'Sweetpea': Ella Purnell Is Back In Killer Role In Trailer For Season 2 Of Sky And Starz Comedy-Drama News 'Saturday Night Live UK' Season 2 Gets Premiere Date Season 2 will run to six episodes. Season 1 debuted in January and became the Comcast-owned broadcaster’s biggest drama launch since The Day of the Jackal and its biggest entertainment title of the year to date, with a consolidated 28-day audience of 2.5 million. Watch on Deadline Meghan Lyvers, Managing Director, Scripted Originals, Sky, said: “ Under Salt Marsh deeply connected with our audiences, and we’re delighted to be returning to the world Claire Oakley created for a new chapter. “Claire is an exceptional storyteller, with a remarkable ability to create richly drawn characters and a powerful sense of place, and we can’t wait to see where she takes audiences next. Rafe brought such complexity and humanity to Bull in the first series, and it’s fantastic to have him back at the heart of this new story.” Oakley is writing Season 2 alongside In-Sook Chappell, Jonathan Harbottle and Scott Graham. The series producer is Zoranna Piggott. Executive producers are Elwen Rowlands for Little Door, Oakley, and Megan Spanjian for Sky. Filming will begin in Scotland in 2027 and next year, before launching on Sky and streaming service Now in the UK, Ireland and Italy. NBCUniversal Global TV Distribution will handle international sales. Lionsgate Inks Partnership With Indian Action Star Yash Tributes, Career Gallery & Obituary For Music, Humanitarian Icon Ryan Gosling And WB Eye Live-Acton ‘Flintstones’ Pic About Bamm-Bamm ‘Bel-Air’ Spinoff ‘Hilary’ Starring Coco Jones In Works At Peacock Read More About: Comments",0,2026-08-26 09:49:19
25,https://www.hollywoodreporter.com/movies/movie-news/maserati-the-brothers-trailer-al-pacino-anthony-hopkins-1236681766/,"‘Maserati: The Brothers’ Trailer: Al Pacino, Anthony Hopkins, Jessica Alba and Andy Garcia Star in Motorsport Biopic",Hollywood Reporter,2026-08-26T09:20:03,2398,"× Skip to main content By Abid Rahman Plus Icon Abid Rahman International Editor, Digital gentlemanabroad Follow Sign Up View All August 26, 2026 2:20am Al Pacino in 'Maserati: The Brothers.' The Andrea Iervolino Company A stellar cast Hollywood stars, including Al Pacino , Anthony Hopkins , Jessica Alba and Andy Garcia feature in the first trailer of Maserati: The Brothers , the motorsport biopic about the family behind the famed Italian car marque. The period film, shot on location in Italy’s automotive capital Modena as well as at Rome’s Cinecittà Studios, tells the story of the Maserati brothers — Alfieri (Michele Morrone), Bindo (Salvatore Esposito) and Carlo (Lorenzo De Moor) — and their attempts to become the first Italian carmaker to win the coveted Indianapolis 500, which the brand famously did in 1939 and 1940. Related Stories Movies Andy Garcia's Starry L.A. Noir 'Diamond' Lands at Sony Pictures Classics Movies '72 Hours' Review: Kevin Hart Throws Himself Into the Slapstick but Netflix's Intergenerational Farce Squanders Its Premise Anthony Hopkins in ‘Maserati: The Brothers.’ The Andrea Iervolino Company Pacino will portray businessman Vincenzo Vaccaro, a champion of Maserati family and an early investor in the auto dynasty. Hopkins also stars as an early backer of the Maserati brothers. Robert Moresco ‘s directed the film from a script by Amanda Moresco and Stefano Torrisi. Diane Warren also penned an original song for the feature. Notably the project is suffused with Oscar-laden talent. Pacino and Hopkins have both won best actor Academy Awards (two prizes in the case of the Welsh icon), and Moresco won a best original screenplay Oscar for Crash in 2005. Garcia has also been nominated for an Oscar and Warren famously has been nominated for 17 competitive Academy Awards, but has yet to win one. Jessica Alba in ‘Maserati: The Brothers.’ The Andrea Iervolino Company Maserati comes from producers The Andrea Iervolino Company and is the company’s third biopic about an Italian automotive legend. Moresco directed the 2022 film Lamborghini: The Man Behind the Legend , starring Frank Grillo as Ferruccio Lamborghini and Michael Mann helmed the 2024 feature Ferrari , with Adam Driver starring as Enzo Ferrari. A fourth automotive biopic is on the way from Andrea Iervolino, with the company set to produce Bugatti , based on the life of Ettore Bugatti. THR",0,2026-08-26 09:49:47
3,https://deadline.com/2026/08/yash-and-lionsgate-strike-promotional-movie-partnership-1237050718/,Lionsgate Strikes Promotional Partnership With Indian Action Star Yash,Deadline,2026-08-26T09:19:24,3170,"Skip to main content By Andreas Wiseman , Liz Shackleton August 26, 2026 2:19am Yash Vaishnav Praveen EXCLUSIVE : Lionsgate has struck a deal with Indian action star Yash and his production company Monster Mind Creations for the actor to promote select Lionsgate theatrical releases. The idea is to amplify campaigns, including for movies such as the upcoming John Rambo and John Wick spinoff Caine , in India’s fourth-largest global film market and to also potentially reach diaspora communities in the domestic and international territories. Yash can count on 25M+ followers across his personal social handles and company platforms. Related Stories Executives Pink-Slipped Exec Chris Aronson Sues Paramount For Millions Over ""Broken Promise"" News Lionsgate Stock Falls To 4-Month Low After Activist Investor Pushes AI Agenda The deal, which speaks to the growing importance of the Indian market to the U.S. studios, comes just before the global theatrical release of Yash’s big-canvas action movie, Toxic: A Fairytale for Grown-Ups , which opens August 26 in wide release across North America through Prime Media. Lionsgate is distributing across select international territories and the film was shot simultaneously in Kannada and English with dubbed versions for Hindi, Telugu, Tamil and Malayalam release. Action choreography comes from J.J. Perry, the Hollywood stunt coordinator behind the John Wick and Fast & Furious movies. Watch on Deadline The film’s trailers and teasers have garnered 340.9 million views since their debuts. Yash also has the Sony film, Ramayana, coming out globally November 6. The deal was negotiated by Lionsgate Motion Picture Group’s EVP, International Business Strategy, Anugrah Joshi, and Yash’s agent, Avinash Bidaia. Adam Fogelson, Chair, Lionsgate Motion Picture Group, explained: “India is the fastest growing cinema marketplace in the world, and Yash is an incredible voice within that space—one of its true global action draws, both as an actor and film producer. As we continue to look at how we engage audiences in this strategically vital market, we’re thrilled to work with Yash, whose creative vision, star power, and voice carry tremendous weight with one of the most passionate film fanbases in the world.” Yash added: “Lionsgate is a master of action storytelling. They possess a world-class library and are building incredible momentum around legendary action characters, from John Rambo to Caine from the world of John Wick. As Monster Mind Creations and I unleash Toxic on the world stage, I look forward to working together with Lionsgate in bridging cinematic worlds and bringing global audiences closer to the in-theater cinema experiences they love.” Filmfare Award winner Yash is best known for movies including the KGF franchise, Masterpiece , Santhu Straight Forward , Mr and Mrs Ramachari , Gajakesari , Raja Huli and Googly. Lionsgate Inks Partnership With Indian Action Star Yash Tributes, Career Gallery & Obituary For Music, Humanitarian Icon Ryan Gosling And WB Eye Live-Acton ‘Flintstones’ Pic About Bamm-Bamm ‘Bel-Air’ Spinoff ‘Hilary’ Starring Coco Jones In Works At Peacock Read More About: Comments",0,2026-08-26 09:49:21
14,https://variety.com/2026/film/festivals/rai-cinema-international-edoardo-de-angelis-fire-within-you-1236842662/,"Italy’s RAI Cinema International Boards Edoardo De Angelis’ ‘The Fire Within You’ Ahead of Venice Launch, Reveals First Clip (EXCLUSIVE)",Variety,2026-08-26T09:11:20,7135,"Aug 26, 2026 2:11am PT Italy’s RAI Cinema International Boards Edoardo De Angelis’ ‘The Fire Within You’ Ahead of Venice Launch, Reveals First Clip (EXCLUSIVE) ""I'm fascinated by the misunderstanding surrounding the so-called archetype of the Neapolitan mother,"" says the director By Nick Vivarelli Plus Icon Nick Vivarelli International Correspondent @NickVivarelli Latest Woody Allen’s New Madrid-Set Movie Comes With Millions in Public Funding — and a Few Strings Attached 17 hours ago Martin Scorsese Appointed Honorary President of Italy’s David di Donatello Academy 21 hours ago ‘NAZA’ Documentary From ‘No Other Land’ Directors Acquired by MK2 Films Ahead of Venice Film Festival Premiere 24 hours ago See All RAI Cinema International Distribution has acquired world rights to Italian director Edoardo De Angelis ‘ dark tragicomedy “The Fire Within You” ahead of its Venice competition launch. De Angelis, a native Neapolitan, broke out on the festival circuit at Venice in 2016 with the Naples-set conjoined twins drama “Indivisible” and subsequently opened the festival in 2023 with anti-war epic “Comandante.” He also directed Netflix’s Elena Ferrante adaptation “The Lying Life of Adults” that year. He will now be back on the Lido vying for the Golden Lion with this more intimate piece, which revolves around the impact a toxic Neapolitan mother has on her progeny. The film is based on the prizewinning autobiographical book “Il fuoco che ti porti dentro” by Italian author and editor Antonio Franchini. Related Stories World Cup Boosts Fox Ad Sales in Q2, Profit Falls 3% “Antonio left Naples many years ago and built a successful career and family life in Milan,” says the film’s synopsis. “He escaped not only from his hometown, but also from his mother Angela, a woman extreme in both her virtues and flaws: irresistible, deeply opinionated, conservative and fiercely confrontational. Now she has arrived for Christmas and seems determined to stay. What begins as a Christmas Eve dinner soon turns into an emotional battlefield, at once comic and merciless, bringing years of misunderstandings, resentment and old wounds to the surface.” The synopsis continues: “A fierce emotional confrontation unfolds between mother and son, but also with a stubborn capon that refuses to end up in the cooking pot; with the anticipation of a daughter who may never arrive; and with a guest as distinguished as he is unexpected. This reckoning between mother and son will forever change the meaning of their relationship. It is a love that burns like an unquenchable fire — one that no distance and no separation can ever extinguish.” “The Fire Within You” is produced by Picomedia, an Asacha Media Group Company that is part of Fremantle, with RAI Cinema. Watch an exclusive first clip from the film above. Below, De Angelis speask to Variety about “The Fire Within You” ahead of the film’s Venice bow. How did “The Fire Within You” originate? The author of the book, Antonio Franchini, is actually a very important editor in Italy. He was following me on the publication of the novel “Comandante,” connected to my film. We had dinner in Naples, and Antonio told me about a book he was writing about his mother. I was immediately fascinated because I found so many similarities with my grandmother and with many women I’ve met in my life. Women who are strong, charismatic, incendiary. He even told me the title and I thought it was very fitting to express the feeling they elicit. Then I read it when it came out and I loved it. But it didn’t cross my mind that it could be made into a film. Then, when I found out that there was a producer who wanted to adapt it into a film, I felt the call of the wild. Because for me, to make a film, all you need is a strong character, like Angela. Obviously, then you have to build everything else. But you can make a film based on that, then the plot can be changed, the story can be rewritten. What does Angela represent for you? Well, first of all, I’m fascinated by the misunderstanding surrounding the so-called archetype of the Neapolitan mother. The Italian mother who is a loving mother, a mother hen who cooks well. See, in this case, her cooking is shit. She hates her children and her grandchildren. In fact, she actually [almost] poisons them with what she cooks. And yet, this type of figure exists in the society that I grew up in: a matriarchal, male-dominated society. That seems like a bit of an oxymoron, but it’s what I grew up with. It’s a human, maternal land of many contradictions. But this type of [toxic] female figure is a widespread archetype even in other places and parts of the world. She’s so strong, it’s devastating. “The Fire Within You” is the fire that Angela carries inside. If you distance yourself from it, you’re nothing. Away from her heat, you freeze to death. If you come too close, you burn. T ell me about working with Vanessa Scalera, who plays Angela . I consider the experience of working with Scalera one of the most rewarding I’ve ever had as a director. At first, we spent days rehearsing and studying each other, because I couldn’t immediately decipher an artist like her. Then there was a moment that became a dividing line. It was when I said: “Vanessa, you’re doing everything really well. But I want something else. I want you to let go; I want you to take me places you don’t even know exist.” Well, right after that, something happened between us on set. I wanted to experience how much the character’s passion pushes her, and she doesn’t even know where this will take her. It’s so strong that it’s like driving a car too fast. You don’t have time to see the road; you don’t see the curves; you’re just going like a madman. Only a crash will stop you. This was the experience of working with Vanessa. And she probably also found some common ground between her personal biography and this character. These are things that, if an actor wants to reveal to me (about themselves) I will keep them, so to speak, in a secret drawer. If she wants to be the one to say this, she will. Or maybe she won’t. But, in short, I have reason to believe that she found some common ground between her biography and this character. Some common ground that allowed her to connect with her movements, mannerisms, attitudes and tics. But none of us really knew where we’d end up. Dolly Parton’s Dollywood Will Be Open Wednesday After Singer’s Death: ‘The Show Must Go On’ Beyoncé Pays Tribute to Dolly Parton: ‘You Were the Barometer’ Taylor Swift Pays Tribute to Dolly Parton: ‘She Was True Grace and True Grit, All in One Dazzling Person’ Dolly Parton Honored by Kacey Musgraves, Keith Urban, Reba McEntire: ‘We Will Always Love Her’ Dolly Parton, 1946-2026, In Appreciation: A Life of Many Colors Dolly Parton, Queen of Country Music, Dies at 80 Loading comments... More From Our Brands Rolling Stone Shania Twain Mourns Dolly Parton and Shares Their Tender Performance of ‘Coat of Many Colors’ Robb Report Gavin Newsom Listed His 8-Acre Sacramento-Area Estate for $7.5 Million Sportico Power Conference Bans of Former Pros Would Likely Spark Lawsuits",0,2026-08-26 09:49:35
26,https://www.hollywoodreporter.com/tv/tv-news/sky-rafe-spall-under-salt-marsh-series-2-scotland-crime-1236679612/,Sky Orders “Second Chapter” of Rafe Spall-Starring Crime Drama ‘Under Salt Marsh’,Hollywood Reporter,2026-08-26T09:00:00,2429,"× Skip to main content By Georg Szalai Plus Icon Georg Szalai Global Business Editor View All August 26, 2026 2:00am Rafe Spall in 'Under Salt Marsh' Courtesy of Sky Comcast’s Sky unveiled on Wednesday that it has commissioned “the as-yet-untitled second chapter” of original crime drama Under Salt Marsh from creator, writer and director Claire Oakley. Produced by Little Door Productions in association with Sky Studios, the six-part second series sees Rafe Spall reprise his role as the enigmatic Detective Eric Bull. “Following the events of the first [season], Detective Eric Bull (Spall) moves to a remote Scottish mining village sinking under the weight of its own secrets, where a murder investigation brings him closer to the truth about his own past,” reads a plot description. Related Stories TV Sky U.K.'s Meghan Lyvers Discusses IP, Original Content Mix and ""Increasing the Emotional Stakes"" TV Dominic West and Sienna Miller Star in Image From Sky and HBO Legal Thriller 'War' (Exclusive) Under Salt Marsh launched in January 2026 and became the biggest Sky original drama launch since The Day of the Jackal , as well as Sky’s biggest entertainment title of the year to date, reaching a 28-day audience of 2.5 million. The first season was filmed in Wales and set in the fictional North Wales village of Morfa Halen. “We’re incredibly proud to be returning to the world of Under Salt Marsh with a brilliant new story in Claire Oakley’s distinctive, atmospheric drama,” said Elwen Rowlands, executive producer and CEO of Little Door. “It’s been hugely exciting to see audiences respond to the series’ rich sense of place, complex characters and compelling storytelling. With Rafe Spall returning as Detective Eric Bull, this new [season] introduces an engaging new community and mystery, while expanding the emotional and cinematic world that made the first series so special.” Under Salt Marsh is created, written and directed by Oakley, who writes alongside In-Sook Chappell, Jonathan Harbottle and Scott Graham. The series producer is Zoranna Piggott. The executive producers are Rowlands for Little Door and Oakley, with Megan Spanjian for Sky. The second chapter of Under Salt Marsh will begin filming in Scotland in 2027 and will be available on Sky and streaming service Now in the U.K., Ireland and Italy, Sky said. NBCUniversal Global TV Distribution is handling international sales of the crime series. THR",0,2026-08-26 09:49:48
4,https://deadline.com/2026/08/ezra-england-sitcom-nuclear-children-finite-films-tv-1237050714/,Finite Films & TV Hopes Ezra England Sitcom ‘Nuclear Children’ Will Mushroom In Edinburgh,Deadline,2026-08-26T08:56:00,3064,"Skip to main content By Jesse Whittock Jesse Whittock International TV Co-Editor @WhittockTweets More Stories By Jesse British Hulu Original ‘Raising Chelsea’ Returning For Second Season On Disney+ Marlo Miazga Launches M Media With CBC Order For “Deeply Personal” Doc ‘Ground Control’ ‘Sweetpea’: Ella Purnell Is Back In Killer Role In Trailer For Season 2 Of Sky And Starz Comedy-Drama View All August 26, 2026 1:56am Ezra England Courtesy EXCLUSIVE: Finite Films & TV today is at the Edinburgh Television Festival today with a new six-part comedy series, Nuclear Children . Adapted from the debut play of writer Ezra England, the series is being co-developed with Platform Presents, which also co-produced the original stage production. Nuclear Children follows 18-year-old Isla Sparrow who, after the death of her father in a submarine accident, hopes to escape her grieving family and flee to university. However, she fails her exams and finds herself trapped in her tiny, peculiar town hometown, determined to find a way out. Related Stories News 'Chicken Shop Date' Star Amelia Dimoldenberg Developing 'Skins'-Style Drama For The BBC Casting Anthony Boyle To Play Seducer-For-Hire In Sky Drama 'Charmer' England’s play won the 2021 Platform Presents Playwriting Prize and ran at the 2023 Edinburgh Fringe. From 2024 to 2025, they were a resident artist at the Roundhouse, and as an actor their credits include Star Wars: Andor , Extraordinary and Unforgotten . Watch on Deadline The plan is now to shop the series to broadcasters and streamers in town for the Edinburgh TV Festival or the Edinburgh Fringe, where shows such as Baby Reindeer were first identified. For Finite, Nuclear Children joins a slate comprising original series and adaptations of plays, operas and literary texts. Platform Presents makes film, theatre and television, including Theatrical Consequences , The Joy of Text and Good Grief . Former ITV and Three Rivers Media exec Ben McGrath leads for the company Finite Films & TV. His EP crefits include Dead and Buried for BBC1 Northern Ireland and Virgin Media Television, in association with All3Media International. He also identified the IP for and executive story-produced an adaptation of Deon Meyer’s Trackers for HBO, ZDF and M-Net, and also co-created the British-Nordic crime thriller Reyna with Torfinnur Jákupsson ( Trom ). Finite’s founder, Amy Gardner, has producing credits on the likes of And Then Come the Nightjars, La Bohème, Honeytrap , and My House , and worked on the stage productions of Nuclear Children and The Joy of Text . Her EP credits inckude Felipe Gálvez Haberle’s The Settlers , Joshua Oppenheimer’s The End , Joy Gharoro-Akpojotor’s Dreamers , Konstantina Kotzamani’s Titanic Ocean and Ruthy Pribar’s What is to Come . Lionsgate Inks Partnership With Indian Action Star Yash Tributes, Career Gallery & Obituary For Music, Humanitarian Icon Ryan Gosling And WB Eye Live-Acton ‘Flintstones’ Pic About Bamm-Bamm ‘Bel-Air’ Spinoff ‘Hilary’ Starring Coco Jones In Works At Peacock Read More About: Comments",0,2026-08-26 09:49:22
15,https://variety.com/2026/tv/news/stephen-colbert-endorses-jimmy-kimmel-emmys-race-1236843615/,Stephen Colbert Urges Emmy Voters to Back Jimmy Kimmel: ‘Look How Cute He Is!’,Variety,2026-08-26T08:52:41,4059,"Aug 26, 2026 1:52am PT Stephen Colbert Urges Emmy Voters to Back Jimmy Kimmel: ‘Look How Cute He Is!’ By Elsa Keslassy Plus Icon Elsa Keslassy International Correspondent @elsakeslassy Latest Stephen Colbert Urges Emmy Voters to Back Jimmy Kimmel: ‘Look How Cute He Is!’ 36 minutes ago Woody Allen’s New Madrid-Set Movie Comes With Millions in Public Funding — and a Few Strings Attached 17 hours ago Oscars: Belgium Selects Lukas Dhont’s Cannes Prizewinning ‘Coward’ for International Feature Race 21 hours ago See All CBS via Getty Images With Emmy voting drawing to a close, Stephen Colbert has thrown his support behind Jimmy Kimmel in the newly revamped outstanding cariety series race, even though Colbert’s own late-night show is competing in the same category. In a video posted on social media, a bearded Colbert appears sitting outdoors on a windswept coastline with a tablet on his lap, introducing himself while alluding to his recent exit: “Stephen Colbert here, at the end of the world.” Related Stories World Cup Boosts Fox Ad Sales in Q2, Profit Falls 3% View this post on Instagram “You know, there’s 24 hours left in Emmy voting, and if you’re anything like me, you haven’t even started yet. So let’s get going,” Colbert said in the video. Popular on Variety “Kind of a weird voting system this year, but you know, I think we can all agree that Jimmy Kimmel deserves an Emmy,” he continued. “I don’t care if you’ve never even seen his show, you know he deserves an Emmy.” Colbert then flips his tablet and holds it towards the camera, showing a photo of Kimmel: “Besides, look how cute he is! Anyway, please consider thinking that Jimmy deserves an Emmy. I do. I love you.” In endorsing Kimmel, Colbert is returning a favor. Last year, when he was competing against Kimmel for outstanding talk series following CBS’ announcement that it would cancel “The Late Show,” Kimmel mounted his own very public campaign on behalf of his rival. He put up a billboard in West Hollywood featuring himself alongside the message: “I’m voting for Stephen.” Colbert went on to win the category. This year, the two hosts are once again Emmy rivals, though under a very different set of rules. The Television Academy merged the former talk and scripted variety categories into outstanding variety series, whose five nominees are “Jimmy Kimmel Live!,” “The Late Show With Stephen Colbert,” “The Daily Show,” “Last Week Tonight With John Oliver” and “Saturday Night Live.” Kimmel also just launched an unconventional — if not daring — Emmy campaign of his own. Rather than showcasing celebrity interviews or standout monologues from “Jimmy Kimmel Live!,” Kimmel assembled a campaign video largely from clips of President Donald Trump repeatedly attacking him and his show. For Colbert, this year’s Emmys come after the end of “The Late Show” in May following an 11-year run on CBS. Its final season earned nine Emmy nominations, including outstanding variety series and outstanding writing for a variety series. Colbert also made a virtual appearance last week to accept the award for outstanding achievement in variety, talk or sketch from the Television Critics Association Awards. The 78th Primetime Emmy Awards are set for Sept. 14. Grammys May Reconsider New Asian Pop Award After BTS Withdrawal: ‘Some Artists Feel This Category Isn’t Representing the Music They Create’ Madonna, BTS, Justin Bieber and Shakira Join Forces for Blink-and-You’ll-Miss-‘Em Moments in a Cluster-FIFA of a Halftime Show Grammy Chief ‘Saddened to Hear’ That BTS Won’t Submit for 2027 Awards Tom Cruise and Half of Hollywood Light Up 2026 World Cup Final While Trump Is Booed BTS’ V Reveals Hearing Loss Amid World Tour BTS Won’t Submit for 2027 Grammy Awards Consideration Loading comments... More From Our Brands Rolling Stone Shania Twain Mourns Dolly Parton and Shares Their Tender Performance of ‘Coat of Many Colors’ Robb Report Gavin Newsom Listed His 8-Acre Sacramento-Area Estate for $7.5 Million Sportico Power Conference Bans of Former Pros Would Likely Spark Lawsuits",0,2026-08-26 09:49:36
16,https://variety.com/2026/tv/news/tall-tales-murder-first-look-ella-lily-hyland-aidan-gillen-1236843597/,‘Tall Tales & Murder’ First Look: Ella Lily Hyland and Aidan Gillen Star in Wild Comedic Crime Drama From ‘Veep’ Director and ‘Love/Hate’ Creator (EXCLUSIVE),Variety,2026-08-26T08:34:35,4803,"Aug 26, 2026 1:34am PT ‘Tall Tales & Murder’ First Look: Ella Lily Hyland and Aidan Gillen Star in Wild Comedic Crime Drama From ‘Veep’ Director and ‘Love/Hate’ Creator (EXCLUSIVE) The six-part series launches on the BBC later this year By Alex Ritman Plus Icon Alex Ritman @alexritman Latest ‘Tall Tales & Murder’ First Look: Ella Lily Hyland and Aidan Gillen Star in Wild Comedic Crime Drama From ‘Veep’ Director and ‘Love/Hate’ Creator (EXCLUSIVE) 51 minutes ago Paramount’s Brit Network 5 Being Sued by Producer Blackbox Multimedia Over Shelved Drama Series 18 hours ago Anthony Boyle to Lead Sky Drama ‘Charmer’ From Working Title, Story Films 23 hours ago See All BBC Northern Ireland The BBC has lifted the chaotic lid on “Tall Tales and Murder,” its upcoming dark comedic drama from “Love/Hate” creator Stuart Carolan and co-created with Emmy and DGA award winning “ Veep ” director Chris Addison. First announced last year and shot in Ireland, the wild-sounding six-part series mixes what the synopsis describes as a “Bonnie and Clyde style adventure of bent cops, kidnapping, underworld fixers (not to mention libido-enhancing horse medication bootleggers) and the dilemmas of unconventional heroes and villains with an 8th century tall tale of monks, Vikings, buried treasure and a priceless holy book.” Yes, exactly. Related Stories World Cup Boosts Fox Ad Sales in Q2, Profit Falls 3% A co-commission from BBC Northern Ireland and RTÉ in association with Screen Ireland, “Tall Tales and Murder” is produced by Avalon (“Breeders,” ‘Starstruck, “Catastrophe”) in association with Ireland-based Metropolitan Pictures (“Kin”) and will broadcast on BBC One and BBC One Northern Ireland this fall. Popular on Variety In newly-released plot details, the series will follow Bridget, played by Ella-Lily Hyland (“Black Doves,” “Towards Zero”), an unconventional nurse who works the night shift at a Dublin nursing home. She reads the old folk bedtime horror stories, arranges clandestine late night dances and euthanises them if they ask nicely. “Tall Tales & Murder” Mark Sheen But into this secret world comes Paul (Casey Walsh in his first television acting role), a young man stuck stealing cars to repay a debt to crime boss Ma Baker, played by Philippa Dunne (“Amandaland,” “Derry Girls”). Paul is desperate to stay out of prison and needs a legitimate job to keep him safe, so calls on his guardian-angel-of-sorts, an irascible detective called Bunny Ryan, played by Brian Doherty (“Blackshore, Fair City”). Bunny uses his personal history with the Matron of Bridget’s nursing home, played by Aisling O’Sullivan (Raw, The Clinic), to pull in a favour — a favour that will cost him dear. On Bridget and Paul’s first shift together at the nursing home, a mysterious, comatose patient known only as Anonymous, played by Aidan Gillen (“Love/Hate,” “Game of Thrones”), wakes up and reveals he’s the long-lost gangster Grinner McNair, with a buried hoard of Celtic gold. But they’re not the only ones after it — things get complicated as vicious gangster Wesley Swanson, played by Packy Lee (“Peaky Blinders”), and his henchmen close in. “Tall Tales and Murder,” was filmed in the Republic of Ireland and is based on the nine-book “Dublin Trilogy” by Caimh McDonnell. The series was commissioned by David Crean, RTÉ head of drama, and Dermot Horan, RTÉ director of acquisitions & co-productions; and Eddie Doyle, head of content commissioning, and Jason Butler, commissioning editor, for BBC Northern Ireland. Produced by Avalon in association with Metropolitan Pictures, “Tall Tales & Murder” is executive produced by Addison, Richard Allen-Turner, Rob Aslett, Stuart Carolan and Jon Thoday for Avalon, with David McLoughlin and Catherine Tiernan for Metropolitan Pictures. Caroline Norris is series producer, Gemma O’Shaughnessy is producer and the series is directed by Addison and Neasa Hardiman. It will be distributed internationally by Avalon. See the trailer below: Tom Cruise and Half of Hollywood Light Up 2026 World Cup Final While Trump Is Booed Grammys May Reconsider New Asian Pop Award After BTS Withdrawal: ‘Some Artists Feel This Category Isn’t Representing the Music They Create’ Madonna, BTS, Justin Bieber and Shakira Join Forces for Blink-and-You’ll-Miss-‘Em Moments in a Cluster-FIFA of a Halftime Show BTS Won’t Submit for 2027 Grammy Awards Consideration Grammy Chief ‘Saddened to Hear’ That BTS Won’t Submit for 2027 Awards BTS’ V Reveals Hearing Loss Amid World Tour Loading comments... More From Our Brands Rolling Stone Shania Twain Mourns Dolly Parton and Shares Their Tender Performance of ‘Coat of Many Colors’ Robb Report Gavin Newsom Listed His 8-Acre Sacramento-Area Estate for $7.5 Million Sportico Power Conference Bans of Former Pros Would Likely Spark Lawsuits",0,2026-08-26 09:49:37
5,https://deadline.com/2026/08/charlie-cox-kin-2027-1237050705/,Charlie Cox Crime Drama ‘Kin’ Set For 2027 Return,Deadline,2026-08-26T08:25:42,2713,"Skip to main content By Zac Ntim Zac Ntim International Reporter @ZacharyNtim More Stories By Zac Ted Hodgkinson To Leave Southbank Centre & Join Hay Festival As Creative Director Janus Films & Criterion Acquire Paul Thomas Anderson’s Cameron Winter Concert Film Oscars: Belgium Selects Lukas Dhont’s ‘Coward’ For International Feature Film Race View All August 26, 2026 1:25am Kin RTE Irish broadcaster RTÉ has announced that the third season of its family crime drama, Kin , starring Charlie Cox , will be released in 2027. Check out a first-look image from the upcoming season above. The third season synopsis reads: In the third season, as the Kinsellas consolidate power, buried betrayals and festering rivalries turn inward, and the greatest threat to the family empire becomes the family itself. Cox is back as Michael, Clare Dunne as Amanda, Emmett J. Scanlan as Jimmy, Maria Doyle Kennedy as Birdy, Sam Keeley as Viking, Yasmin Seky as Nikita, and Mark McKenna Jr. as Anthony. Jack Meade returns as Wayne Madigan and Öykü Karayel as Nuray Batuk. Related Stories News LA Screenings 2026: Buyers Hit Studio Lots With Impact Of Paramount-Warner Bros Discovery Merger Front Of Mind News Charlie Cox Reflects On Disney's Initial 'Daredevil: Born Again' Creative Pivot & Credits Marvel For Listening: ""We're Indebted To Them"" New cast members include Alex Deegan as Shelley Dunne and Diyar Bozkurt as Aslan Batuk. Watch on Deadline Kin is created by Peter McKenna and co-created by Ciaran Donnelly. Peter McKenna serves as showrunner. David McLoughlin and Samantha Thomas are the producers. The show is a Metropolitan Pictures and House of Juno production. Fifth Season handles global distribution for all three seasons of the show. Next year will be a busy one for Cox, with Daredevil: Born Again also set to launch on Disney+. Following the 2023 WGA strike, it was widely reported that the Disney+ revival of the beloved anti-hero underwent an overhaul following a determination that the project wasn’t working. Head scribes Chris Ord and Matt Corman, and episodic directors for the remainder of the series, were let go. Daredevil originally debuted on Netflix; however, after Disney+ launched, a slew of Marvel series on Netflix reverted to the Mouse House’s streaming service in mid-March 2022. Other Marvel series that went from Netflix to Disney+ were Luke Cage, Jessica Jones, Iron Fist, The Defenders, and The Punisher. Lionsgate Inks Partnership With Indian Action Star Yash Tributes, Career Gallery & Obituary For Music, Humanitarian Icon Ryan Gosling And WB Eye Live-Acton ‘Flintstones’ Pic About Bamm-Bamm ‘Bel-Air’ Spinoff ‘Hilary’ Starring Coco Jones In Works At Peacock Read More About: Comments",0,2026-08-26 09:49:23
6,https://deadline.com/2026/08/google-deepmind-kling-ai-alibaba-busan-acfm-innoasia-1237050687/,"Google DeepMind, Kling AI & Alibaba Join Busan Market’s InnoAsia 2026 Program",Deadline,2026-08-26T08:18:32,4124,"Skip to main content By Liz Shackleton Liz Shackleton pmc-media-editor-2024 More Stories By Liz Lionsgate Strikes Promotional Partnership With Indian Action Star Yash Google DeepMind, Kling AI & Alibaba Join Busan Market’s InnoAsia 2026 Program ReelShort Strikes Microdrama Deal With Indonesian Streamer Vidio For 200 Catalogue Titles & Co-Production Of New Shows View All August 26, 2026 1:18am Asian Contents & Film Market (ACFM) Busan International Film Festival Major tech companies including Google DeepMind, Amazon Web Services (AWS), Kling AI and Alibaba Group have signed up to participate in the InnoAsia program of this year’s Asian Contents & Film Market ( ACFM ). The official market of Busan International Film Festival, ACFM says it is expanding its scope around the vision of “an innovative ecosystem in which cinema and technology co-evolve.” InnoAsia aims to connect storytelling with emerging technologies, including AI and the rapidly growing microdrama ecosystem. As part of this, ACFM is partnering with global marketing and advertising agency Innocean to co-host the ‘Cinema by Brand 2026’ competition, with the Producers Guild of Korea (PGK) responsible for the selection process and production supervision. Related Stories News YouTube Ad Revenue Rises 13% In Q2 To Surpass $11 Billion, Boosting Parent Alphabet's Performance News A24 Defends Google AI Partnership, Studio Doesn't ""Necessarily Love"" GenAI Content But ""We'd Rather Have A Seat At The Table"" Cinema by Brand is described as “an innovative investment and production support platform that connects client brands with film creators worldwide to develop and produce new film content.” Watch on Deadline This year, the competition is seeking 20-minute short film projects featuring Hanwha Group’s ‘Space Solar Power’. The first-round selections will be announced in early September, followed by final pitching in late September, with final selections announced during ACFM. Each selected project will receive production funding, and the selected projects will then be produced and presented to audiences in Korea and worldwide. A session during the market will also explore the significance and potential of branded content in the content business. Meanwhile, in addition to Google, Kling AI and Alibaba, other AI-driven tech companies attending InnoAsia will include BytePlus, Netflix’s VFX studio Eyeline Studios, MegazoneCloud, OPIM Digital, the Korean Film Archive’s VFX asset trading platform i.AM, and InShorts. AI-driven content production companies joining the program include France-based AI/XR content studio Atlas V, Korea’s Mateo AI Studio, MBC C&I, Climax Studio, For Entertainment, K-Dragon and MooAm. Microdrama platforms Mango TV, FlickReels and Vigloo have also confirmed their participation. Kling AI will co-host ‘New Cinematic Possibilities: Reimagining Filmmaking with Kling AI’ and ‘Kling AI Networking Reception: From Production Needs Across Asia to Industry Partnerships’ with ACFM. AWS and MegazoneCloud will launch the ‘AWS Awards’, linked to startup pitching. Winning companies will be selected following a PoC (proof of concept) process and receive AWS cloud vouchers. InnoAsia will also continue its partnerships with international markets, including Berlin film festival’s European Film Market (EFM). Lux AI, an EFM-participating startup developing an intelligent lighting solution for virtual production, and Tanja Meissner, Director Berlinale Pro and EFM, are set to visit Busan. Through collaboration with TAICCA School under the Taiwan Creative Content Agency, imCore, a startup developing an AI solution to improve VFX production efficiency, will also participate. ACFM and InnoAsia 2026 are taking place October 10-13 at the BEXO exhibition centre, during Busan International Film Festival, which is running October 6-15. Lionsgate Inks Partnership With Indian Action Star Yash Tributes, Career Gallery & Obituary For Music, Humanitarian Icon Ryan Gosling And WB Eye Live-Acton ‘Flintstones’ Pic About Bamm-Bamm ‘Bel-Air’ Spinoff ‘Hilary’ Starring Coco Jones In Works At Peacock Read More About: Comments",0,2026-08-26 09:49:24
7,https://deadline.com/2026/08/british-hulu-original-raising-chelsea-returning-for-second-season-on-disney-1237050697/,British Hulu Original ‘Raising Chelsea’ Returning For Second Season On Disney+,Deadline,2026-08-26T08:17:31,2783,"Skip to main content By Jesse Whittock Jesse Whittock International TV Co-Editor @WhittockTweets More Stories By Jesse British Hulu Original ‘Raising Chelsea’ Returning For Second Season On Disney+ Marlo Miazga Launches M Media With CBC Order For “Deeply Personal” Doc ‘Ground Control’ ‘Sweetpea’: Ella Purnell Is Back In Killer Role In Trailer For Season 2 Of Sky And Starz Comedy-Drama View All August 26, 2026 1:17am 'Raising Chelsea' Jodie Powell Disney+ has greenlit a second season of Raising Chelsea , the British Hulu original series. The show follows podcasters and reality TV stars Jamie Laing and Sophie Habboo as they adapt to life as parents. Season 2 will see them return to work, celebrate life occasions and new family adventures that take them out of their life in west London, where they first made their names as characters in reality show Made in Chelsea . The returning season will see new faces, and the return of the couple’s mothers, Penny Baines and Sarah Wigley, plus Sophie’s sister Georgia Habboo, and Jamie’s best-friend, Oliver Proudlock. Related Stories News Mindy Kaling & 'Not Suitable For Work' Cast React To Hulu Cancellation: ""I Loved Making This Show, I Love These People"" News 'Only Murders In The Building' Sets Release Date For London-Set Season 6; First Photos Laing and Sophie Habboo said: “We were blown away by the response to the show and are so excited to keep sharing our journey. The experience of working with Disney+ and Dorothy Street Pictures for season one made it easy for us to say yes. Watch on Deadline “We’ve always documented our lives over the years and continuing to do this on a bigger scale is just amazing. We hope that fans and viewers carry on enjoying our honesty as we continue to navigate raising Ziggy, together with balancing our family and professional lives. We can’t wait to bring you in more.” Sean Doyle, VP, Unscripted, Disney+ EMEA, added: “We loved Jamie and Sophie’s pregnancy story in season one and meeting baby Ziggy, and we can’t wait to follow their family in season two.” The show comes from Dorothy Street Pictures, which is known for the likes of Coleen Rooney: The Real Wagatha Christie and the Emmy-nominated Pamela, A Love Story . Laing and Habboo’s company, Jampot Productions, is an associate producer, and the pair serve as exec producers, with Rebecca Burrell, Melanie Archer and Julia Nottingham doing the same for Dorothy Street. Doyle ordered the show with Angela Jain, Head of Content at Disney+ EMEA. Lionsgate Inks Partnership With Indian Action Star Yash Tributes, Career Gallery & Obituary For Music, Humanitarian Icon Ryan Gosling And WB Eye Live-Acton ‘Flintstones’ Pic About Bamm-Bamm ‘Bel-Air’ Spinoff ‘Hilary’ Starring Coco Jones In Works At Peacock Read More About: Comments",0,2026-08-26 09:49:25
17,https://variety.com/2026/gaming/news/drx-nuon-indonesia-korea-partnership-1236843595/,Korea’s DRX Signs Strategic Partnership With Indonesia’s Nuon to Expand Gaming and Entertainment Ties (EXCLUSIVE),Variety,2026-08-26T08:09:54,4820,"Aug 26, 2026 1:09am PT Korea’s DRX Signs Strategic Partnership With Indonesia’s Nuon to Expand Gaming and Entertainment Ties (EXCLUSIVE) By Naman Ramachandran Plus Icon Naman Ramachandran Latest Korea’s DRX Signs Strategic Partnership With Indonesia’s Nuon to Expand Gaming and Entertainment Ties (EXCLUSIVE) 2 hours ago Oscars: Japan Selects ‘All of a Sudden’ for International Feature Race 2 hours ago Vidio Teams With ReelShort for First Indonesian Short-Drama Partnership 3 hours ago See All DRX/Nuon Korea’s DRX Corp. and PT Nuon Digital Indonesia signed a strategic partnership in Jakarta to expand gaming and entertainment ties between Indonesia and Korea, starting with an entertainment festival called DRX Homefront Indonesia and a joint game publishing initiative between the two countries. The agreement pairs DRX’s esports, content production and fan engagement experience with Nuon’s local distribution network, creator relationships and knowledge of the Indonesian market. The two companies plan to start by exploring three areas: live entertainment, game publishing and talent development. Indonesia’s population of more than 280 million, its mobile-first consumer base and its appetite for Korean entertainment make it a market both companies pointed to directly in unveiling the deal. Popular on Variety “Indonesia is an important market for the future of entertainment in Asia,” said Can Yang, CEO of DRX. “Success in this market requires more than bringing an international brand to local audiences. It requires the right local knowledge, relationships and execution. Working with Nuon gives us the opportunity to develop experiences that reflect what Indonesian audiences want while creating stronger connections with Korea’s entertainment industry.” The companies will explore developing DRX Homefront Indonesia as a flagship festival in Jakarta built around gaming and entertainment, drawing in players, fans and creators from both countries. Plans on the table include competitive gaming showcases, community programs for creators, fan meet-ups and concert-style shows featuring K-pop acts. On the publishing side, the partnership will look at bringing select Korean game titles into Indonesia while helping Indonesian-developed games reach Korea. That would put DRX and Nuon in charge of everything from picking titles and adapting them for the local market to marketing, signing up players, getting the games into stores and handling payments. The companies also plan to bring pieces of DRX’s existing academy setup to Indonesia, with organized coaching, camps held in Korea and routes for Indonesian players to break into the region’s pro gaming circuit. “Indonesia’s growing gaming and digital entertainment ecosystem presents significant opportunities for collaboration with leading players from Korea,” said Chandra Tamrin, director of Nuon. “Through this partnership with DRX, we aim to connect the strengths of both markets – bringing new gaming and entertainment experiences to Indonesian audiences while creating pathways for Indonesian games, talent and creative opportunities to reach the Korean and broader regional market. This collaboration reflects our commitment to continuously expanding Indonesia’s digital entertainment ecosystem through international partnerships.” DRX and Nuon plan to form a joint team to map out their initial projects and how the rollout will work, with more specifics expected once those plans come together. The Nuon deal extends a broader push DRX has been making beyond its esports roots. The company recently detailed plans to move into K-dramas and game publishing through its subsidiary WebsCreative, including agreements around two unannounced, fully cast K-drama projects with major Korean broadcasters. Yang has described the goal as building DRX into a digital entertainment company that keeps esports as one pillar among several, with Southeast Asia named as a priority region for that growth – a strategy the Jakarta signing puts into practice. Dolly Parton Honored by Kacey Musgraves, Keith Urban, Reba McEntire: ‘We Will Always Love Her’ Dolly Parton Skips Dollywood Ride Opening Amid Ongoing Health Problems: ‘My Nashville Doctor Has Kinda Clipped My Wings’ Dolly Parton’s ‘Dolly: A True Original Musical’ Sets Broadway Run, With Previews Beginning in December Beyoncé Pays Tribute to Dolly Parton: ‘You Were the Barometer’ Dolly Parton, 1946-2026, In Appreciation: A Life of Many Colors Dolly Parton Tribute Specials Set on CBS, CMT Loading comments... More From Our Brands Rolling Stone Shania Twain Mourns Dolly Parton and Shares Their Tender Performance of ‘Coat of Many Colors’ Robb Report Gavin Newsom Listed His 8-Acre Sacramento-Area Estate for $7.5 Million Sportico Power Conference Bans of Former Pros Would Likely Spark Lawsuits",0,2026-08-26 09:49:38
8,https://deadline.com/2026/08/ted-hodgkinson-hay-festival-creative-director-1237049679/,Ted Hodgkinson To Leave Southbank Centre & Join Hay Festival As Creative Director,Deadline,2026-08-26T08:07:27,2916,"Skip to main content By Zac Ntim Zac Ntim International Reporter @ZacharyNtim More Stories By Zac Ted Hodgkinson To Leave Southbank Centre & Join Hay Festival As Creative Director Janus Films & Criterion Acquire Paul Thomas Anderson’s Cameron Winter Concert Film Oscars: Belgium Selects Lukas Dhont’s ‘Coward’ For International Feature Film Race View All August 26, 2026 1:07am Ted Hodgkinson Photo credit: Pete Woodhead. Ted Hodgkinson, the Southbank Centre ’s longtime director of literature and spoken word, is leaving the London institution to join Hay Festival in the newly created role of creative director. Hodgkinson will officially join the Hay Festival team in the autumn. In the new role, Hodgkinson will be responsible for leading the event’s artistic and creative strategy and public programming. He joins Hay’s executive team, led by Chief Executive Julie Finch. The wider executive team also includes International Director and co-Deputy CEO, Cristina Fuentes La Roche; Executive Producer and co-Deputy CEO, Adrian Lambert; Director of Communications and External Affairs, Christopher Bone; Finance Director Amanda Cartwright; Production Director Georgie Cooke; and Commercial Director Penny Compton. Related Stories News Hay Literary Festival: Jesse Armstrong Among Headliners Of Inaugural Cinema Lineup, Screening Programme Includes 'Dahomey', 'Priscilla' & 'The Worst Person In The World' News Mubi To Launch Screening Series At Hay Literary Festival “We’re delighted to welcome Ted Hodgkinson to Hay Festival Global as our new Creative Director,” Finch said in a statement. “Ted joins us at a pivotal moment, as we build towards our 40th anniversary in 2027 and respond to growing demand for Hay Festival platforms in the UK and around the world.” Watch on Deadline Discussing his new role, Hodgkinson said he aims to build on the event’s “exceptionally strong foundations while being bold and ambitious in reimagining the programme for audiences in Hay-on-Wye and around the world, fired by the belief that its brightest years are still ahead.” Across his decades-long tenure at the Southbank, Hodgkinson programmed more than 3,000 events, including the now-buzzy London Literature Festival, and expanded the Southbank’s cultural relevance with ambitious programming that mixed the institution’s classical literature programming with contemporary flourishes, like the partnership with Dua Lipa’s Service95 Book Club. He is an Honorary Fellow of the Royal Society of Literature and a Fellow of the Royal Society of Arts (FRSA). He also serves as a trustee of English PEN, New Writing North and The Arts Foundation. Lionsgate Inks Partnership With Indian Action Star Yash Tributes, Career Gallery & Obituary For Music, Humanitarian Icon Ryan Gosling And WB Eye Live-Acton ‘Flintstones’ Pic About Bamm-Bamm ‘Bel-Air’ Spinoff ‘Hilary’ Starring Coco Jones In Works At Peacock Read More About: Comments",0,2026-08-26 09:49:26
27,https://www.hollywoodreporter.com/tv/tv-news/sky-uk-original-content-interview-jackal-dragon-tattoo-ip-1236679890/,"Sky U.K.’s Meghan Lyvers Discusses IP, Original Content Mix and “Increasing the Emotional Stakes”",Hollywood Reporter,2026-08-26T08:00:00,15125,"× Skip to main content By Georg Szalai Plus Icon Georg Szalai Global Business Editor View All August 26, 2026 1:00am Meghan Lyvers, managing director, scripted originals, Sky U.K. Courtesy of Sky Comcast’s Sky recently showed its desire to grow via an acquisition, agreeing to acquire ITV’s networks and streaming businesses in a $2.13 billion deal. But the company has also been growing its investment in original content in recent years to ensure it can regularly premiere attractive series and films for its subscribers in a competitive industry where streamers and traditional players constantly tout new and returning programming. Sky has been betting on series that it feels can break through in this environment. Case in point: the upcoming October premiere of legal drama War , whose first of two seasons, ordered together with HBO, stars Sienna Miller and Dominic West . Or how about season 2 of Sweetpea , the dark comedy starring Ella Purnell ( Fallout , Yellowjackets ) as a wallflower-turned-killer, which returns to Sky in November, before partner Starz airs it next year. Sky audiences have this year already been able to watch the likes of Possession, the limited inheritance mystery series led by Gugu Mbatha-Raw ( Loki) , and Prisoner , the high-speed action series starring Izuka Hoyle, which has been renewed for a second season . Related Stories TV Dominic West and Sienna Miller Star in Image From Sky and HBO Legal Thriller 'War' (Exclusive) Movies Netflix Sets Lee Jung-eun, Kim Moo-yul for Korean Action-Noir Series 'The Shooter' Plus, early this year, Sky had success with the Rafe Spall-starring Under Salt Marsh , which it just renewed for season 2, and it has unveiled an eight-episode “bold and contemporary reimagining [that] brings The Girl With the Dragon Tattoo into the present, grounded in the characters and investigative DNA of Stieg Larsson’s Millennium novels, with themes that carry heightened relevance today.” All in all, Meghan Lyvers, managing director, scripted originals, Sky U.K., is clearly keeping busy. The executive first joined Sky in late summer 2022 and relocated from Amsterdam to London, reporting to Cécile Frot-Coutaz , who is chief advertising and content officer at Sky and CEO of Sky Studios. Her remit has since been expanded . Lyvers previously served as senior vp and head of international co-productions and development at CBS Studios after working as a producer at Management 360. She began her career at Robert De Niro and Jane Rosenthal’s Tribeca Productions with such projects as About a Boy and the Meet the Parents franchise. On Wednesday afternoon, Lyvers will be featured during a “Spotlight on Sky” session at the Edinburgh TV Festival , along with fellow commissioners Philip Edgar-Jones, executive director, unscripted originals, Sky U.K., and Sky managing director, programming Jamie Morris. Ahead of her Edinburgh appearance, Lyvers talked to THR about her team’s original content strategy, why ambition and characters are key, Sky’s film slate and how important, or not, franchises and star power are. How do you approach your commissioning strategy for and what is key for content to get your and your team’s attention? Our North Star is the audience. We’re a premium pay service, and the Sky audience has so many options. Between sport and the entertainment offering, we also acquire a lot of content still from the U.S. So if you think about the Sky audience, if you have that subscription, it’s got to be exceptional when it comes to original programming. It has to be exceptional, complementary programming, whether that’s unscripted or scripted. I look after the scripted group, for film and series for TV, and talking about it with our commissioning teams, [it’s about] what’s the most ambitious, most provocative, most character-driven story? Do you have targets for how many originals you premiere, or is it more about quality? I’ve worked in other places where you have more volume, and you have to do a lot of different things. But we get to be super-curated and think about what those stories are that are going to be really bold and provocative and really stay with the audience and impact them in a deeply emotional way. We don’t make a huge amount of volume, although our investment is going up, which is fantastic because the business is like, “Hey, what you’re doing is great. Let’s keep building!” So, we really do think about what are the most provocative and ambitious stories we can tell. Colin Firth in ‘Lockerbie: A Search for Truth.’ Sky Studios/Peacock How do you think about the mix of big returnable shows and one-offs? Strategically, in terms of how we program, we always make limited series. So, last year we did Lockerbie: A Search for Truth with Colin Firth, which was incredible. We just launched a limited series this month called Possession with Gugu Mbatha-Raw, which is amazing. It’s a really provocative story [about the horrors of colonialism], and also thematically something that we thought we have to tell because it’s still relevant, no one’s doing this, and we can do it. Let’s back ourselves. Let’s do something that we think is going to create a very specific and important and relevant conversation. So, limiteds are always going to be something that we do as a big global story that captures a conversation and feels relevant to our audiences in the U.K. And then, of course, we really like to make a couple of big, massive, often IP-based, franchises. The Day of the Jackal is a really great example. I’ve just seen a couple of cuts of [season] 2, and it’s going to be fantastic. We can’t wait to bring that back next year. In that tradition, we want to make more franchises, which is hard because it’s like making studio films on steroids. It’s really complicated. They take a ton of time to prep. They’re massive stories. They have huge production value. The footprint of locations and shooting is massive. But we’re making the next one, which is The Girl With the Dragon Tattoo , and that’s coming up in terms of the shoot, so we will be talking about it more. It’s our next franchise series that we hope will run for more than one [season]. It’s a wonderful, faithful way in which we pay respect to the IP and legacy of those books, which I devoured and loved. But it also takes the Swedish films and David Fincher’s film and evolves the story for today. You’d be surprised how much, thematically, it still resonates. So if you’re a fan of the books, if you’re a fan of the series, if you’re a fan of the films, if you love what’s inside of this, you have something new to explore. We have been asked to make one to two of those a year. So that’s our next one that we’re excited about. You have also been championing British stories. What can you share about those? We would like you to make more of these contemporary British stories about British characters in different genres. Under Salt Marsh was our version of doing a really smart, very character-driven, emotional crime story. It had a propulsive murder mystery in it, but it felt so different – something that you couldn’t get anywhere else. You wouldn’t see that on a streamer. You wouldn’t see it on a public broadcaster. And that’s for us. Let’s push ourselves to make that story as ambitious as possible, in the storytelling, but also in the execution, and make it feel completely authored. [Importantly,] those characters, at the end of the day, are relatable, and that’s something where we have really listened to our audiences the last couple of years. So we’re making more of those because viewers tell us that they want them, but they also perform extremely well. Ella Purnell in ‘Sweetpea.’ Courtesy of Starz We get the feedback from audiences that they enjoy the characters and the storytelling, and it’s propulsive, and it looks gorgeous, but they also are saying that these stories connect with me as a viewer. So it is something for us to continue to build on. The [same goes for] Prisoner and Sweetpea , which does this in a very genre way. And our next one coming up is Charmer , led by Anthony Boyle . So, you have limited series and returning franchises – anything else worth highlighting for the original content mix? The last piece is that we’ll make one provocative, bold, really edgy show that is completely character-driven. Last year, we made a show with Matt Smith and Clerkenwell Films called The Death of Bunny Munro , based on the Nick Cave novel. I couldn’t make that anywhere else. The fact that Sky lets us and our audience program those originals, and that they have been received so well, is a pleasure. You mentioned the importance of authorship. Tell me a bit more about that, please. Claire Oakley, who is a filmmaker, created, wrote and directed Under Salt Marsh . She had a story she wanted to tell, and we were like: “We have to make this.” And because Claire wanted to tell a story that was climate-adjacent, it does speak to a very specific community being impacted by this thing in a way that feels very organic. All the climate stories in this show are part of the desire to be authentic, but also speak to what our audiences are living through. So, it’s about finding stories that also really hook and engage audiences? Yeah, it’s not just about making great shows with exceptional production value if they are lacking emotion. I started in film, where it’s always been about the character and the point of view of that character. With TV, you need to make sure that the audience feels an emotional connection to those characters. We talked very openly about making sure that our shows continue to have wonderful execution that everyone in the industry and customers know from Sky, which means you’re going to see something that looks epic and on par with rivals and the Hollywood studio systems. But what we also wanted to do was make sure we increase the emotional stakes, and so the audience feels a more a stronger personal connection to the characters and what those characters are going through. So it’s about big emotions. If we’re not going to make a ton of shows, all of our shows have to really impact the audience. TV viewing is instinctual. There’s a gut instinct that you can’t deny. If you emotionally connect to something, you’re going to watch it, and you’re going to talk to your friends about it, and you’re going to be passionate about it, and you’re going to want a [season] 2 to come back. Eddie Redmayne in ‘The Day of the Jackal.’ NBCUniversal You have been working with production companies and distribution partners, such as HBO and Starz, on originals. The upcoming War seems to be an example of how Sky works with different outside and inside partners. Sky gave the series a two-season order, with HBO/HBO Max taking it for the U.S. and Australia, and NBCUniversal , which Sky is a part of, distributing it internationally. How do you approach partnerships? We really like to work with a bunch of different partners. We’re really proud that we can work with somebody like Carnival Films, which is in our bigger corporate family [of NBCUniversal], and they do incredible work – whether it’s on Lockerbie or Jackal . But we are also working with Little Door Productions [in Cardiff], an incredible opportunity to support this small production company that’s in Wales that has this incredible story to be told. Do you have any qualitative targets, a la how many originals you make, and do you target audience segments or so? What I can say is that at Sky, we don’t have an algorithm. So we still make human decisions, and ideas must pass our gut check of “would we watch this”? We definitely need to make sure that our bigger tentpole shows that have huge investments, for example, The Day of the Jackal , appeal to bigger audiences. So we do think about broadening those. But I think the fun part of making shows like Bunny Munro or or even Possession is that we get to make shows that are much more singular. And if they grow, it’s because people love them and there’s word of mouth and it creates zeitgeist. You have shows with Sienna Miller and Dominic West , or Ella Purnell. How do you guys think about the need for star power? I’ll say this: look, we don’t have talent deals. Those shows have to be good enough on the page for an actor like Dominic or Sienna to say, “I have to play this part. I’m obsessed with this character. I love this script.” It’s the same way with Anthony Boyle with Charmer. He fell in love with the script. So for us, it starts with the material, what’s on the page, and no doubt, well-established actors help bring an audience to a show. But we have a lot of other means in which we can bring audiences into shows via the marketing campaigns and social. We make sure that the actor is right for the role and they have to love it. Rafe Spall in ‘Under Salt Marsh’ Courtesy of Sky Existing IP is obviously also a way to get an audience’s attention right away. You have mentioned Jackal and Dragon Tattoo . Anything you can add on that front? No doubt, when you talk to people all over the industry about this, it’s really important to have a mix of stories. Original ideas still cut through. Under Salt Marsh was 100 percent Claire Oakley’s original idea. Prisoner was an original idea. Possession is an original idea. For us, it’s continuing to find the right balance because our audiences really like to see a bit of both. So, we believe in the mix, and because we don’t make a huge volume, it’s really about getting that balance right. Any goals for Sky’s original output and budget sizes ahead that you can mention? It’s not formulaic. Our investment is going up. So, 2029 is going to be our biggest year in terms of overall investment in scripted originals for series, and then we talk about what is the right budget size for each particular show. That’s where things differ between [comedy] Mr Bigstuff and, say, [drama] Meantime , which is coming up next year with James McAvoy, or Jackal , because these stories all need something different. So, we take more of an approach of what’s the right budget for the show, and look at the factors of how the budget gets split across the year. Jason Statham and Annabelle Wallis in ‘Mutiny.’ Dan Smith/Lionsgate Before I let you go, what can you tell us about Sky’s original film strategy? It’s a wonderful pleasure for me to look after the film group because we have had such an incredible run. If you think about Nuremberg , [the star-studded character piece about the Nuremberg Trials] last year, for example, or Kate Winslet with Lee , [in which she starred as the pioneering World War II photojournalist Elizabeth “Lee” Miller]. We had [British crime thriller] Fuze earlier this year and just launched Mutiny with Jason Statham. For us, on the film side, it’s really important that we continue to support the British filmmaking community. For example, we’re going to debut Animol , which is Ashley Walter’s directorial debut , later this year. Seeing an actor turn to directing or producing, it’s just such a pleasure to be able to support them in their storytelling journeys. THR",0,2026-08-26 09:49:50
18,https://variety.com/2026/tv/news/netflix-stella-artois-the-gentlemen-marketing-partnership-1236843299/,Netflix’ Latest Marketing Mash-Up Pairs Stella Artois With ‘The Gentlemen’,Variety,2026-08-26T08:00:00,4461,"Aug 26, 2026 1:00am PT Netflix’ Latest Marketing Mash-Up Pairs Stella Artois With ‘The Gentlemen’ By Brian Steinberg Plus Icon Brian Steinberg Senior TV Editor bristei Latest Netflix’ Latest Marketing Mash-Up Pairs Stella Artois With ‘The Gentlemen’ 2 hours ago Emily Compagno Joins Fox News’ ‘The Five’ as Co-Host 2 days ago Roku Names Gianluca Pucacco VP, Revenue Operations, International Growth 2 days ago See All Matthew Towers/Netflix Netflix has what looks to be a great show set to launch, but you can’t see the program on its flagship streaming service. The company plans to take over the history Marlborough Pub in London between September 3 and September 5, when it will outfit the place much like its comedic action series “The Gentlemen,” which is about to launch its second season. At the pub, visitors will be able to look for hidden messages from the show, which is created by Guy Ritchie, order a Stella Artois , and take home limited-edition merchandise including their an engraved chalice. The partnership, which will also include a series of vignettes outlining a five-step pouring ritual associated with the Anheuser-Busch InBev brew, marks the first brand alliance for the series, and the first execution in a multi-year deal struck between the brewing giant and the streaming titan, initially unveiled in September of last year. Popular on Variety Wrapping Stella Artois in the trappings of the series was key to the alliance, says Marcel Marcondes, global CMO of Anheuser Busch InBev, via email. “We didn’t want to place the brand alongside the story,” he says. “We wanted to it feel so integrated that fans wouldn’t be able to distinguish between the content and the show.” The video vignettes will feature series star Theo James as well as soccer great David Beckham, who has served as a brand ambassador for the beer since 2024. Netflix has worked assiduously to burnish its reputation as a home for advertisers seeking to align themselves with its popular programs and eager to avoid the traditional model of deploying typical 30-second commercials. Netflix in 2019 was able to convince Coca-Cola to revive New Coke, a failed revamp of its flagship product — all because the beverage was featured in the third season of “Stranger Things.” The streamer has put a spotlight on its ability to create bespoke alliances with its programs, according to media buyers who have negotiated ad deals with the company, realizing that such offerings might entice advertisers to buy more regular commercial inventory. Earlier this year, Netflix pushed the marketing-industry envelope by weaving popular State Farm spokes-character Jake from State Farm into the plot of its sports series “Running Point.” “We’re really excited about how this partnership came to life. It’s a true piece of entertainment that extends ‘The Gentlemen’ beyond the screen, that we know fans around the world are going to love,” says Magno Herran, vice president of global brand and marketing partnerships at Netflix, via email. “‘The Gentlemen; checks all the right boxes,” he adds. “It’s a show that our fans love globally, with a touch of real British style and swagger that pairs incredibly well with a brand like Stella Artois. It offered the perfect place for a brand and the story to come together in a way we couldn’t do individually.” The team-up between brewer and streamer will be seen in the U.S., the U.K., Canada, Brazil, Colombia, Mexico, South Africa and South Korea. The bet is that the interesting content will entice fans around the world and grow the series’ audience as the debut of its second season draws near. Social-media feeds controlled by Netflix or Stella Artois will also boost the alliance. Dolly Parton, 1946-2026, In Appreciation: A Life of Many Colors Beyoncé Pays Tribute to Dolly Parton: ‘You Were the Barometer’ Dolly Parton Tribute Specials Set on CBS, CMT Dolly Parton’s Dollywood Will Be Open Wednesday After Singer’s Death: ‘The Show Must Go On’ Dolly Parton’s ‘Dolly: A True Original Musical’ Sets Broadway Run, With Previews Beginning in December Dolly Parton Died After a ‘Brief Battle’ With Cancer, According to Her Reps Loading comments... More From Our Brands Rolling Stone Shania Twain Mourns Dolly Parton and Shares Their Tender Performance of ‘Coat of Many Colors’ Robb Report Gavin Newsom Listed His 8-Acre Sacramento-Area Estate for $7.5 Million Sportico Power Conference Bans of Former Pros Would Likely Spark Lawsuits",0,2026-08-26 09:49:39
28,https://www.hollywoodreporter.com/tv/tv-news/hbo-sky-show-war-sienna-miller-dominic-west-photo-exclusive-1236679668/,Dominic West and Sienna Miller Star in Image From Sky and HBO Legal Thriller ‘War’ (Exclusive),Hollywood Reporter,2026-08-26T07:59:00,2572,"× Skip to main content By Georg Szalai Plus Icon Georg Szalai Global Business Editor View All August 26, 2026 12:59am 'War' with Dominic West and Sienna Miller Courtesy of Sky If you were excited about the news that Dominic West and Sienna Miller will star in War , the upcoming Sky and HBO legal drama series from George Kay , creator of Hijack and Lupin , here is some latest news for you. THR can now premiere an exclusive image of the duo, which you can also look at in a slightly different format below, from the show ahead of its October premiere. Set in the elite world of London law, War sees West starring as tech titan Morgan Henderson, while Miller portrays his estranged wife, and international film star, Carla Duval. Related Stories Movies Netflix Sets Lee Jung-eun, Kim Moo-yul for Korean Action-Noir Series 'The Shooter' Movies Oscars: Germany Picks Cannes Winner 'Everytime' as Best International Feature Selection The series, which received a two-season commitment from HBO and Sky, kicks off with a “scandalous divorce case that sends shockwaves through boardrooms, bedrooms, and courtrooms alike,” according to a plot description. It features not only a couple splitting up, but also two prestigious rival law firms, namely Cathcarts and Taylor & Byrne, going head-to-head in headline-making showdowns. Also featured in the show’s cast for season 1 are Phoebe Fox ( The Great, Task ) and James McArdle ( Playing Nice, Mare of Easttown ), who play partners in life and business at law firm Taylor & Byrne. Meanwhile, Nina Sosanya ( Screw, Baby Reindeer ) and Pip Torrens ( Succession, The Crown ) play their counterparts and rivals at law firm Cathcarts. Archie Renaux ( Alien: Romulus, Upgraded ) portrays an ambitious lawyer. Ben Taylor ( Sex Education , Catastrophe ) directs War , which is co-produced by New Pictures ( Catherine the Great, The Long Shadow ) and Kay’s Observatory Pictures, in association with Sky and HBO. “ War is a legal drama full of double-crossing, scandal, twists and betrayal,” Kay has previously said about the series, calling it “the kind of TV show that made me want to write TV shows.” Marisa Tomei , Kelly Macdonald , and David Harewood will lead season 2 of the legal drama. War will air on Comcast’s Sky and streaming services Now/Wow in the U.K., Ireland, Italy, Germany, Switzerland and Austria, plus on HBO and HBO Max in the U.S. It will also stream on HBO Max in Australia. International sales for the series are being handled by NBCUniversal Global TV Distribution. ‘War’ with Dominic West and Sienna Miller THR",0,2026-08-26 09:49:51
19,https://variety.com/2026/film/awards/oscars-japan-all-of-a-sudden-oscars-1236843581/,Oscars: Japan Selects ‘All of a Sudden’ for International Feature Race,Variety,2026-08-26T07:39:14,3200,"Aug 26, 2026 12:39am PT Oscars: Japan Selects ‘All of a Sudden’ for International Feature Race By Naman Ramachandran Plus Icon Naman Ramachandran Latest Korea’s DRX Signs Strategic Partnership With Indonesia’s Nuon to Expand Gaming and Entertainment Ties (EXCLUSIVE) 1 hour ago Oscars: Japan Selects ‘All of a Sudden’ for International Feature Race 2 hours ago Google DeepMind, Amazon Web Services, Kling AI Join Busan Market Tech Program InnoAsia 3 hours ago See All Courtesy of Neon, Cannes Film Festival Hamaguchi Ryusuke ‘s “ All of a Sudden ” has been selected as Japan’s entry in the international feature category at the 99th Academy Awards, the Motion Picture Producers Association of Japan (Eiren) has revealed. The selection marks the second time a Hamaguchi film has represented Japan in the category, five years after “Drive My Car” won the international feature Oscar and picked up nominations for best picture, director and adapted screenplay at the 94th Academy Awards. Related Stories World Cup Boosts Fox Ad Sales in Q2, Profit Falls 3% “All of a Sudden” is a France-Japan co-production made with backing from Germany and Belgium, shot largely in Paris. The film draws on “When Life Suddenly Takes a Turn: Twenty Letters Between a Philosopher With Terminal Cancer and a Medical Anthropologist,” a book of correspondence by Miyano Makiko and Isono Maho. It follows Marie-Lou Fontaine (Virginie Efira), who runs a nursing home outside Paris and pushes to adopt a more dignity-focused model of elderly care, and Morisaki Mari (Okamoto Tao), a Japanese theater director undergoing cancer treatment. Nagatsuka Kyōzō and Kurosaki Kōdai round out the cast. Popular on Variety The film premiered in competition at the Cannes Film Festival in May, where it drew a seven-minute standing ovation . Efira and Okamoto shared the festival’s best actress prize; Okamoto is the first Japanese performer to win it. “All of a Sudden” opened in Japan on June 19 through Bitters End. Diaphana Distribution released the film in France on Aug. 12, and Neon will open it in North American theaters on Nov. 25. Eiren’s pick now advances to the Academy of Motion Picture Arts and Sciences, which will winnow submissions from countries around the world down to a shortlist of 15 films before narrowing to five nominees. The 99th Academy Awards ceremony will take place March 14, 2027. BTS’ V Reveals Hearing Loss Amid World Tour Grammys May Reconsider New Asian Pop Award After BTS Withdrawal: ‘Some Artists Feel This Category Isn’t Representing the Music They Create’ Madonna, BTS, Justin Bieber and Shakira Join Forces for Blink-and-You’ll-Miss-‘Em Moments in a Cluster-FIFA of a Halftime Show BTS Won’t Submit for 2027 Grammy Awards Consideration Grammy Chief ‘Saddened to Hear’ That BTS Won’t Submit for 2027 Awards Tom Cruise and Half of Hollywood Light Up 2026 World Cup Final While Trump Is Booed Loading comments... More From Our Brands Rolling Stone Shania Twain Mourns Dolly Parton and Shares Their Tender Performance of ‘Coat of Many Colors’ Robb Report Gavin Newsom Listed His 8-Acre Sacramento-Area Estate for $7.5 Million Sportico Power Conference Bans of Former Pros Would Likely Spark Lawsuits",0,2026-08-26 09:49:40
9,https://deadline.com/2026/08/reelshort-microdrama-vidio-indonesia-1237050682/,ReelShort Strikes Microdrama Deal With Indonesian Streamer Vidio For 200 Catalogue Titles & Co-Production Of New Shows,Deadline,2026-08-26T07:08:23,4073,"Skip to main content By Liz Shackleton Liz Shackleton pmc-media-editor-2024 More Stories By Liz Lionsgate Strikes Promotional Partnership With Indian Action Star Yash Google DeepMind, Kling AI & Alibaba Join Busan Market’s InnoAsia 2026 Program ReelShort Strikes Microdrama Deal With Indonesian Streamer Vidio For 200 Catalogue Titles & Co-Production Of New Shows View All August 26, 2026 12:08am Rahasia Kelam Kakak Tiriku Vidio ReelShort has struck a deal with Indonesian streaming platform Vidio to bring hundreds of microdramas to local audiences, as well as co-produce new short dramas with Indonesian production houses. ReelShort catalogue titles will be available on Vidio starting on September 1 through the dedicated Short Drama tab, launched by Vidio last year, for subscribers on the TV Extra, Platinum, Platinum Extra, and Ultimate packages. The initial offering will include more than 200 titles across popular genres including romance, billionaire romance, fantasy and family drama, with a wide selection of titles available with Indonesian dubbing and subtitles. Related Stories News International Insider: Australia's Attention Battle; Vertical Video Rises; Kevin Macdonald On Pep Guardiola News FlareFlow & Europe's Shorts Strike Four-Title Microdrama Pact In addition, a “sizable” slate of short drama series co-produced with Indonesian production houses will be made available across both platforms. In a statement, Vidio said the collaboration “creates opportunities for Indonesian creative talent to gain production expertise and knowledge from ReelShort’s global short-drama experience”. Watch on Deadline The partnership, brokered by AR Global Media Network, is ReelShort’s first in Indonesia and is part of a wider expansion across Southeast Asia that has also included strategic partnerships with AIS in Thailand and Globe in the Philippines. According to recent data from Media Partners Asia (MPA), ReelShort currently leads the short-form drama market with an estimated 29% global market revenue share. In Q2 2026, Vidio reached 5.8 million paid subscribers across Southeast Asia, ranking third regionally. MPA data also shows that Indonesia has emerged as Asia-Pacific’s largest market for short-form drama consumption, accounting for 39% of the region’s total audience. Sutanto Hartono, CEO of Vidio, said: “Vidio continues to evolve alongside the changing ways Indonesians consume entertainment. As audiences increasingly look for content that fits seamlessly into their daily lives, we want to ensure they can find every type of entertainment they love on a single platform, from live sports, local originals, global entertainment to now, the rapidly growing format of short dramas. “Our partnership with ReelShort not only responds to this emerging audience demand but also strengthens Vidio’s position as Indonesia’s most comprehensive entertainment platform, offering more choice, greater convenience, and an even richer viewing experience for our subscribers.” Joey Jia, Founder and CEO of Crazy Maple Studio, owner of ReelShort, said: “Our partnership with Vidio marks a significant milestone in ReelShort’s Southeast Asia growth strategy and reflects a fundamental shift in how audiences are consuming entertainment. “Indonesia is one of the region’s most dynamic entertainment markets. We see tremendous potential not only to expand access to our global catalogue, but also to create original stories for Indonesian audiences. Through our planned local productions with Vidio and Indonesian production partners, we look forward to combining ReelShort’s global experience in developing high-performing short-drama IP with local creative talent to build stories and franchises that resonate locally while reaching audiences across the region and beyond.” Lionsgate Inks Partnership With Indian Action Star Yash Tributes, Career Gallery & Obituary For Music, Humanitarian Icon Ryan Gosling And WB Eye Live-Acton ‘Flintstones’ Pic About Bamm-Bamm ‘Bel-Air’ Spinoff ‘Hilary’ Starring Coco Jones In Works At Peacock Read More About: Comments",0,2026-08-26 09:49:27
10,https://deadline.com/2026/08/ted-lasso-season-4-juno-temple-talks-friendship-roy-romance-1237050516/,‘Ted Lasso’ Stars Juno Temple & Hannah Waddingham Detail Firework Scene They Were “Chomping At The Bit “ To Do In Season 4,Deadline,2026-08-26T07:01:00,3526,"Skip to main content By Dessi Gomez Dessi Gomez SEO Staff Writer @GomezDessi More Stories By Dessi Dolly Parton: Beyoncé, Pedro Pascal, Sabrina Carpenter & More Pay Tribute To “One Of One” Country Music Legend HBO Sets ‘The Gilded Age’ Season 4 Premiere Date; Unveils Teaser Everything We Know About Amazon MGM & Sony Pictures TV’s ‘God Of War’ Adaptation So Far View All August 26, 2026 12:01am L-R: Juno Temple and Rebecca Waddingham in ' Ted Lasso' Season 4 Apple TV SPOILER ALERT: This post spoils Ted Lasso Season 4 Episode 4 , titled “Greyhounds’ Day Off.” Getting a women’s soccer team off the ground takes its challenges, which Keeley Jones ( Juno Temple ) and Rebecca Welton ( Hannah Waddingham ) have begun to realize four episodes into the fourth season of Ted Lasso . From the “Higgins Report” disclosing some devastating numbers and probabilities about whether the team could profit to their different mindsets of going about business, the pair have clashed over decisions. Rebecca has had to say no to many a Keeley pitch, and Keeley has, in turn, had to get creative. Related Stories News All The Songs In ‘Ted Lasso’ Season 4 So Far News Meet The Lady Greyhounds: Key Players & Staff For AFC Richmond’s Women’s Team In ‘Ted Lasso’ Season 4 In Episode 4, Keeley’s eagnerness is on full display when she and Rebecca witness Zelda Southport (Tracy Ullman) speak at a conference. Rebecca’s desire to remain demure and not show their cards wins out, and she ends up googling Zelda and finding some red flag results. Rebecca accidentally calls Keeley “naïve” after the publicist and burgeoning businesswoman wants to enlist Zelda in their mission of getting the women’s team more funding and attention, but the pair make up in the Nelson Road stadium seats one night. Watch on Deadline “We were chomping at the bit to go into that scene, weren’t we?” Waddingham said of the reconciliation between the female friends. “Totally. It’s so interesting when I think about that now. We didn’t even have to talk about what it was. We just had to run our lines together” Temple added. “Which is such an interesting and a beautiful thing to be able to say.” Complete with pink fuzzy blankets and thermos mugs, Rebecca apologizes and voices how she feels bad that she has to shut down many of Keeley’s ideas, but Keeley takes it in stride and says it’s okay, embracing the way it makes her think of another way to “get things done.” @deadline #JunoTemple on the transformation of Keeley’s style throughout #TedLasso ♬ original sound – Deadline “We played it, and then we had to go back over it because it was Diwali when we were shooting it, and so we were really shut down by the fireworks,” Waddingham continued, with Temple chiming in that they “weren’t supposed to actually pay attention to” the pyrotechnics. The distracting Diwali fireworks distracted led to reshoots of the pivotal moment. “You were guilty of this too. I won’t let that slide,” Temple said in response to her costar. “I kept being distracted because I’m like Keeley. I like anything that glitters, that’s sparkly, and I kept looking at them, then being like, “Oh my god, they’re not supposed to be there.’” In the show, Keeley has also tasked Kenneth the Bus Driver (Mark Kempner), who sources drugs and now, fireworks, apparently, to test out different hues of the colorful smoke that is popularly used opening women’s soccer games. The explosions provide different interruptions, punctuating the moment as one of Keeley’s ideas plays out in real time.",0,2026-08-26 09:49:29
20,https://variety.com/2026/film/news/google-deepmind-amazon-web-services-busan-market-innoasia-1236843573/,"Google DeepMind, Amazon Web Services, Kling AI Join Busan Market Tech Program InnoAsia",Variety,2026-08-26T07:00:20,6686,"Aug 26, 2026 12:00am PT Google DeepMind, Amazon Web Services, Kling AI Join Busan Market Tech Program InnoAsia By Naman Ramachandran Plus Icon Naman Ramachandran Latest Korea’s DRX Signs Strategic Partnership With Indonesia’s Nuon to Expand Gaming and Entertainment Ties (EXCLUSIVE) 2 hours ago Oscars: Japan Selects ‘All of a Sudden’ for International Feature Race 2 hours ago Vidio Teams With ReelShort for First Indonesian Short-Drama Partnership 3 hours ago See All Busan ACFM The Asian Contents & Film Market (ACFM), the market of the Busan International Film Festival , will present InnoAsia 2026, its program built around the intersection of film and emerging technology. This year’s participants include Amazon Web Services (AWS), Kling AI, Google DeepMind and Alibaba Group, alongside a range of other technology and content companies and startups. The program is built around a vision of cinema and technology developing side by side, with a scope that runs from brand-film partnerships to the fast-growing microdrama business. Related Stories YouTube Creator Kevin Langue Is Bringing His Comedy Channels to Netflix Netflix, AMC Team for 'Bannerman' Series Based on John R. Maxim Spy Novels, Shane Black and Craig Silverstein to Write ACFM and global marketing agency Innocean will co-host Cinema by Brand 2026, a new competition with the Producers Guild of Korea handling selection and production oversight. The platform links brand clients with filmmakers around the world to turn advertising messages into standalone films with real narrative ambition, rather than conventional commercials. This year’s contest calls for 20-minute short films built around Hanwha Group’s “Space Solar Power.” First-round picks arrive in early September, followed by final pitching later that month, with winners named during ACFM. Selected teams get production funding and will see their films shown to audiences in Korea and abroad. A market session will dig into what branded content means for the business and how the initiative came together, with participation expected from Hanwha, Innocean and the selected directors. Popular on Variety Beyond brands and filmmakers, InnoAsia is deepening ties with technology firms and international markets. This year’s AI-driven tech participants include AWS, Google DeepMind, BytePlus, Alibaba Cloud, Netflix’s VFX studio Eyeline Studios, MegazoneCloud, OPIM Digital, the Korean Film Archive’s VFX trading platform i.AM, Kling AI and Inshorts. On the content-production side, France’s Atlas V joins Korea’s Mateo AI Studio, MBC C&I, Climax Studio, For Entertainment, K-Dragon and MooAm, while microdrama platforms Mango TV, FlickReels and Vigloo round out the roster. Kling AI will co-host two sessions with ACFM, New Cinematic Possibilities: Reimagining Filmmaking with Kling AI and a networking reception tied to production needs across Asia. AWS and MegazoneCloud will launch new AWS Awards linked to startup pitching, with winners chosen through a proof-of-concept process and awarded AWS cloud vouchers. On the international side, EFM-linked startup Lux AI, which builds intelligent lighting tools for virtual production, will travel to Busan along with Tanja Meissner, director of Berlinale Pro and EFM. Through a partnership with TAICCA School under the Taiwan Creative Content Agency, VFX-efficiency startup imCore will also take part. Seven Korean startups were chosen through an open call run with the Busan Center for Creative Economy & Innovation and AWS, together spanning the full content pipeline. On the development and production side, Lumicraft’s AI casting tool Castlink pairs actor discovery with contracting and settlement, while Reproduction’s Pre-Flow handles screenplay analysis and production data sharing. For localization, Voithru’s Totus offers AI dubbing across 29 languages, and XL8 brings both MediaCAT and EventCAT for video localization and real-time interpretation. On the exhibition side, Digion Cinema will show off an online cinema platform and AR smart glasses built for film viewing. MyStarChain will present its blockchain voting platform MyStarPick, and HiStranger will introduce Insight Flow, a tool that reads biosignals to gauge audience emotional response. InnoAsia 2026 will run several programs across three tracks: technology proof-of-concept and investment, creators and production, and industry and policy. The InnoAsia Startup Demo Jam sits at the center of the first track, with nine companies, drawn from the open call and international partner recommendations, pitching AI, virtual production and digital-asset technologies to investors and buyers. The InnoAsia WIP Showcase will preview AI-based features, animation, series and interactive projects from directors including Pierre Zandrowicz, Mark Wachholz and Kang Yunsung, paired with a colloquium on AI production pipelines. A Cinematic AI conference will spotlight Google DeepMind’s AI animation work and an AI film from director Darren Aronofsky, both previously featured at Cannes Next, and will examine AI filmmaking ecosystems with input from Alibaba Cloud and Kling AI. AI Creators Camp offers hands-on workshops led by VFX supervisors from major studios and creators who have won at AI film festivals. On the policy side, a panel titled Microdrama – Data, AI, Formats and Audiences: China and Beyond brings together executives from Mango TV, FlickReels and Vigloo to discuss the $18 billion shortdrama market, while Next Foundation gathers voices from technology, policy and academia, including the National IT Industry Promotion Agency, to weigh questions around independent AI foundation models, AI assets, and IP and copyright in an era of AI transformation. InnoAsia 2026 will run Oct. 10-13, at Exhibition Center 2, BEXCO in Busan, alongside the 31st Busan International Film Festival, which runs Oct. 6-15, and the 21st Asian Contents & Film Market, held Oct. 10-13. Dolly Parton Died After a ‘Brief Battle’ With Cancer, According to Her Reps Dolly Parton Honored by Kacey Musgraves, Keith Urban, Reba McEntire: ‘We Will Always Love Her’ Beyoncé Pays Tribute to Dolly Parton: ‘You Were the Barometer’ Dolly Parton, Queen of Country Music, Dies at 80 Taylor Swift Pays Tribute to Dolly Parton: ‘She Was True Grace and True Grit, All in One Dazzling Person’ Dolly Parton, 1946-2026, In Appreciation: A Life of Many Colors Loading comments... More From Our Brands Rolling Stone Shania Twain Mourns Dolly Parton and Shares Their Tender Performance of ‘Coat of Many Colors’ Robb Report Gavin Newsom Listed His 8-Acre Sacramento-Area Estate for $7.5 Million Sportico Power Conference Bans of Former Pros Would Likely Spark Lawsuits",0,2026-08-26 09:49:41
11,https://deadline.com/2026/08/marlo-miazga-m-media-ground-control-cbc-1237050034/,Marlo Miazga Launches M Media With CBC Order For “Deeply Personal” Doc ‘Ground Control’,Deadline,2026-08-26T07:00:00,4006,"Skip to main content By Jesse Whittock Jesse Whittock International TV Co-Editor @WhittockTweets More Stories By Jesse British Hulu Original ‘Raising Chelsea’ Returning For Second Season On Disney+ Marlo Miazga Launches M Media With CBC Order For “Deeply Personal” Doc ‘Ground Control’ ‘Sweetpea’: Ella Purnell Is Back In Killer Role In Trailer For Season 2 Of Sky And Starz Comedy-Drama View All August 26, 2026 12:00am Marlo Miazga M Media EXCLUSIVE: Canadian producer and showrunner Marlo Miazga is launching a production company with a “deeply personal” documentary for CBC about her death of her teenage child. M Media will operate out of Toronto, as a IP-focused media business making scripted and unscripted content, with former Sphere Media boss Miazga at the helm. Miazga’s debut commission, Ground Control , is a feature documentary that has been in development alongside a memoir she is writing for Random House Canada titled Ground Control : Losing My Child to Suicide . The book, co-written with journalist Katrina Onstad, details her tragic story of losing Miazga’s 14-year-old child, Mars, to suicide in 2020 and the aftermath. Related Stories News 'Son Of A Critch': Trailer For Final Season Of Canadian Sitcom Sees Mark Having A Midlife Crisis At 17 Casting Assaad Bouab & Caroline Dhavernas Join CBC's 'Saint-Pierre'; First Look At Season 3 Canadian pubcaster CBC has now greenlit production. This will begin in October with delivery aligned for spring next year following the official launch of the book on January 26, 2027. Production finance is in place with Telefilm Canada’s Theatrical Documentary Program, the Canada Media Fund’s POV program and the Roger Documentary Fund all contributing. Watch on Deadline Directing the film is Chase Joynt ( No Ordinary Man ), with Greg Beer and Onstad the writers. Miazga will be joined as an executive producer by Catalyst founder Julie Bristow, who is a long-time colleague and an advocate for mental health, with Ryan Dias also an exec. Ground Control will have a theatrical run in Canada, which is being handled by Eyesteel Films. Worldwide rights are being shopped. Miazga is one of Canada’s premiere producers, and was most recently President and exec producer at Sphere Media’s Unscripted and Kids & Family arms. At Sphere, she oversaw docs such as Monkey on a Stick: Murder, Madness and the Hare Krishnas , an adaptation of Anne Allan’s book Dancing with Diana: A Memoir and a doc series based on Sophie Grégoire Trudeau’s memoir-cum-manifesto Closer Together: Knowing Ourselves, Loving Each Other. Return to entrepreneurial roots The launch of M returns Miazga to her entrepreneurial roots, having co-founder her first company, NewroadMedia, in 2011 with CBC exec Ann Marie Redmond. She went on to work with Bristow, another former CBC exec, at Bristow Global Media (BGM), where she developed, created and produced several shows. BGM was ultimately sold to Kew Media, and later became part of Sphere (then Datsit Sphere) when Kew went into administration over six years ago. She left Sphere in July last year, at which point she began work on her new venture. “As M Media officially launches, the greenlight for Ground Control marks a deeply personal and professional turning point,” said Miazga. “After this period of reflection and planning, I’ve built the foundations of a company rooted in resilience, creativity, and ethical storytelling. “We know how to make great shows, that has been proven countless times. The secret now is how to make them whilst experimenting, learning, adapting and remaining open, curious and kind. I’m now ready to tell the most important story of my life and to bring other stories that matter to audiences worldwide.’” Lionsgate Inks Partnership With Indian Action Star Yash Tributes, Career Gallery & Obituary For Music, Humanitarian Icon Ryan Gosling And WB Eye Live-Acton ‘Flintstones’ Pic About Bamm-Bamm ‘Bel-Air’ Spinoff ‘Hilary’ Starring Coco Jones In Works At Peacock Read More About: Comments",0,2026-08-26 09:49:30
21,https://variety.com/2026/film/global/vagina-dentata-natasa-urban-manifest-film-haugesund-1236843570/,"Motherhood Horror Film ‘Vagina Dentata,’ ‘From The Eclipse’ Director Nataša Urban, Boarded by Romanian Partner Manifest Film (EXCLUSIVE)",Variety,2026-08-26T06:57:58,4491,"Aug 25, 2026 11:57pm PT Motherhood Horror Film ‘Vagina Dentata,’ ‘From The Eclipse’ Director Nataša Urban, Boarded by Romanian Partner Manifest Film (EXCLUSIVE) Closed ahead of a Haugesund Pitch, ‘Virginia Dentata’ has also signed up Dana Bunescu, editor of ‘4 Months, 3 Weeks and 2 Days’ By Davide Abbatescianni Plus Icon Davide Abbatescianni Latest Italian Movie Business Seeks to Build on Growth at Berlin’s European Film Market 3 years ago Jim Lee, Chief Creative Officer of DC Comics, on Finding a Work-Life Balance: ‘I Fell Asleep Twice While I Was Driving’ 3 years ago ‘300,’ ‘Sin City’ Creator Frank Miller on Setting Up His Own Publishing Banner: ‘It’s Time to Be an Adult’ 3 years ago See All 'Vagina Dentata' Courtesy of Medieoperatørene “Vagina Dentata,” the new film from Norwegian filmmaker Nataša Urban , whose “The Eclipse” won top honors at CPH:DOX in 2022, has been boarded by Manifest Film . The Romanian outfit will co-produce “Vagina Dentata,” a genre-bending exploration of motherhood and postnatal depression that will be pitched at this week’s Nordic Co-Production Market in Haugesund . Produced by Ingvil Giske through Norway’s Medieoperatørene , the project is currently 60% financed, with most of the secured funding coming from the Norwegian Film Institute. In another addition to the film, Romanian editor Dana Bunescu — whose credits include Cristian Mungiu’s “4 Months, 3 Weeks and 2 Days,” Cristi Puiu’s “The Death of Mr. Lăzărescu,” Călin Peter Netzer’s “Child’s Pose” and Alexander Nanau’s Oscar-nominated documentary “Collective” — is attached to edit. Popular on Variety The team is now seeking additional co-production partners in France, Germany and/or Hungary, alongside further financing, distribution and festival connections. “Vagina Dentata” is one of 21 projects being presented at the Nordic Co-Production Market, part of New Nordic Films during the Norwegian International Film Festival in Haugesund , which runs this week. Urban said the film was born out of the gap between cultural expectations surrounding motherhood and her own experience after becoming a parent. “When I became a mother, what I experienced was in no way what I had been told it would be like. Instead of sunshine and butterflies, all I could think about was death,” she said. “I was terrified — a feeling that is the baseline and driving force of this film, one that I hope many others will recognize.” The project uses horror and darkly comic genre elements to approach the psychological pressures of motherhood, extending Urban’s interest in personal experience as a route into broader social and political terrain. For Giske, “Vagina Dentata” also marks another collaboration with Urban after their previous work together. “It is such a pleasure working with Nataša again, her films are both wild, funny, serious and beautiful,” Giske said. “I feel there is a need to get more diverse stories about motherhood and Haugesund as a relatively small venue is the perfect place to meet with potential collaborators.” Giske added that previous trips to Haugesund had produced partnerships the company had not originally anticipated. “Last time I was here, we set up a co-production with a country I did not initially intend to work with, so I am really looking forward to seeing what will happen this time.” The Nordic Co-Production Market brings together Nordic and international producers, financiers, distributors and sales agents around projects in development. For “Vagina Dentata,” the immediate goal is to use the market to close the remaining financing and expand the project’s European co-production structure ahead of production. Taylor Swift Pays Tribute to Dolly Parton: ‘She Was True Grace and True Grit, All in One Dazzling Person’ Dolly Parton Skips Dollywood Ride Opening Amid Ongoing Health Problems: ‘My Nashville Doctor Has Kinda Clipped My Wings’ Beyoncé Pays Tribute to Dolly Parton: ‘You Were the Barometer’ Dolly Parton, 1946-2026, In Appreciation: A Life of Many Colors Dolly Parton’s ‘Dolly: A True Original Musical’ Sets Broadway Run, With Previews Beginning in December Dolly Parton’s Musical Will Still Open on Broadway ‘As Was Dolly’s Wish’ Loading comments... More From Our Brands Rolling Stone Shania Twain Mourns Dolly Parton and Shares Their Tender Performance of ‘Coat of Many Colors’ Robb Report Gavin Newsom Listed His 8-Acre Sacramento-Area Estate for $7.5 Million Sportico Power Conference Bans of Former Pros Would Likely Spark Lawsuits",0,2026-08-26 09:49:43
22,https://variety.com/2026/tv/news/vidio-reelshort-indonesia-partnership-short-drama-1236843567/,Vidio Teams With ReelShort for First Indonesian Short-Drama Partnership,Variety,2026-08-26T06:36:48,5631,"Aug 25, 2026 11:36pm PT Vidio Teams With ReelShort for First Indonesian Short-Drama Partnership By Naman Ramachandran Plus Icon Naman Ramachandran Latest Korea’s DRX Signs Strategic Partnership With Indonesia’s Nuon to Expand Gaming and Entertainment Ties (EXCLUSIVE) 2 hours ago Oscars: Japan Selects ‘All of a Sudden’ for International Feature Race 2 hours ago Vidio Teams With ReelShort for First Indonesian Short-Drama Partnership 3 hours ago See All Vidio/ReelShort Indonesian streaming platform Vidio has partnered with ReelShort , the microdrama platform owned by Crazy Maple Studio, marking ReelShort’s first entry into the Indonesian market. Hundreds of ReelShort titles will become available on Vidio starting Sept. 1. The content will stream through a dedicated Short Drama tab, accessible to subscribers on Vidio’s TV Extra, Platinum, Platinum Extra and Ultimate packages. The catalog spans genres such as fantasy, family drama, romance and billionaire romance, told in episodes running 60-90 seconds. More than 200 titles will launch with Indonesian dubbing, with a wider slate available in Indonesian subtitles. Related Stories Netflix Developing New York Yankees Drama Series From Jason Bateman, MLB and Josh Wakely Shonda Rhimes Renews Netflix Overall Deal for Another Five Years Beyond distribution, the deal includes a co-production slate between ReelShort and Indonesian production houses, with resulting series set to appear on both platforms. The partnership is also framed as a skills exchange, giving Indonesian creative talent exposure to ReelShort’s production pipeline. The agreement was brokered by AR Global Media Network. Popular on Variety The Vidio tie-up extends ReelShort’s Southeast Asian expansion after earlier partnerships in Thailand with AIS and in the Philippines with Globe. According to Media Partners Asia (MPA), ReelShort holds an estimated 29% share of global short-form drama revenue. Vidio’s Short Drama section has existed on the platform since last year. Vidio closed the second quarter of 2026 with 5.8 million paying subscribers in Southeast Asia, the third-largest total in the region. MPA data cited identifies Indonesia as Asia-Pacific’s biggest market for short-form drama viewership, representing 39% of the region’s audience, while mobile ad company Mintegral has recorded quarterly growth of 50%-200% for short-form drama apps since the third quarter of 2023. “Vidio continues to evolve alongside the changing ways Indonesians consume entertainment,” said Sutanto Hartono, CEO of Vidio. “As audiences increasingly look for content that fits seamlessly into their daily lives, we want to ensure they can find every type of entertainment they love on a single platform, from live sports, local originals, global entertainment to now, the rapidly growing format of short dramas. Our partnership with ReelShort not only responds to this emerging audience demand but also strengthens Vidio’s position as Indonesia’s most comprehensive entertainment platform, offering more choice, greater convenience, and an even richer viewing experience for our subscribers.” Crazy Maple Studio founder and CEO Joey Jia called the deal a milestone for the company’s regional strategy, saying it reflects a shift in how audiences consume entertainment as microdramas move toward the mainstream. “Indonesia is one of the region’s most dynamic entertainment markets,” Jia said. “We see tremendous potential not only to expand access to our global catalogue, but also to create original stories for Indonesian audiences. Through our planned local productions with Vidio and Indonesian production partners, we look forward to combining ReelShort’s global experience in developing high-performing short-drama IP with local creative talent to build stories and franchises that resonate locally while reaching audiences across the region and beyond.” Vidio’s move builds on its existing lead in Indonesia’s subscription video market. Per the MPA and AMPD Online Video Consumer Insights: Southeast Asia Q2 2026 report, Vidio holds the largest share of Indonesia’s SVOD subscriptions, at 20.7%. MPA CEO and executive director Vivek Couto pointed to that scale as central to Vidio’s standing in a crowded field. “Indonesia is one of the most competitive streaming markets in Southeast Asia, with strong demand for both local and international content,” Couto said. “Vidio’s position as the platform with the largest share of SVOD subscriptions in Indonesia, at 20.7%, reflects its ability to build scale through a deep understanding of the local market, supported by strong local content and engagement across categories. This position also highlights the increasingly important role of local platforms in shaping the streaming landscape across Southeast Asia.” Thousands of ReelShort episodes will be accessible on Vidio’s Short Drama tab starting Sept. 1. Dolly Parton Tribute Specials Set on CBS, CMT Dolly Parton’s ‘Dolly: A True Original Musical’ Sets Broadway Run, With Previews Beginning in December Beyoncé Pays Tribute to Dolly Parton: ‘You Were the Barometer’ Taylor Swift Pays Tribute to Dolly Parton: ‘She Was True Grace and True Grit, All in One Dazzling Person’ Dolly Parton, Queen of Country Music, Dies at 80 Dolly Parton’s Musical Will Still Open on Broadway ‘As Was Dolly’s Wish’ Loading comments... More From Our Brands Rolling Stone Shania Twain Mourns Dolly Parton and Shares Their Tender Performance of ‘Coat of Many Colors’ Robb Report Gavin Newsom Listed His 8-Acre Sacramento-Area Estate for $7.5 Million Sportico Power Conference Bans of Former Pros Would Likely Spark Lawsuits",0,2026-08-26 09:49:44
23,https://variety.com/2026/film/global/levelk-sales-norwegian-thriller-anathema-1236843078/,"LevelK Boards Haugesund-Bound Norwegian Psycho Thriller ‘Anathema,’ About Repression, Denial and Collective Madness (EXCLUSIVE)",Variety,2026-08-26T06:30:00,6040,"Aug 25, 2026 11:30pm PT LevelK Boards Haugesund-Bound Norwegian Psycho Thriller ‘Anathema,’ About Repression, Denial and Collective Madness (EXCLUSIVE) The film is produced by ‘No Paradise If You are Killed by a Woman’’s Janne Hjeltnes and Anne Borgaard Sørensen By Annika Pham Plus Icon Annika Pham Latest ‘Cairo Conspiracy’s’ Tawfeek Barhom to Star in Les Valseurs’ ‘Borderline’ by Oscar-Nominated Yves Piat (EXCLUSIVE) 1 day ago ‘Game of Thrones’ Star Kristofer Hivju Turns to Rom-Com With ‘True Love’ by ‘Little Did I Know’s’ Martina Haag (EXCLUSIVE) 2 days ago Icelandic Producer Hlín Jóhannsdóttir Sets ‘Just a Kid’ With Alief Ahead of Haugesund and Reunites With ‘Driving Mum’ Team (EXCLUSIVE) 5 days ago See All Directors Ea Johanne Sandberg (left) and Alpha Nord (right) Courtesy of Empathitude Pictures Copenhagen-based sales and aggregation outlet LevelK has boarded the Norwegian psycho-thriller “Anathema” by promising directing duo Ea Johanne Sandberg and Alpha Nord. One of 21 projects in development to be pitched today at the Nordic Co-Production Market in Haugesund, “Anathema” is being shepherded by the seasoned Janne Hjeltnes (Netflix’s “ Royalteen ,” “Midsummer Night”) and Anne Borgaard Sørensen (“Camino”, “Bullshit”), also credited respectively as producer and executive producer of the Venice-bound “ No Paradise If You Are Killed by a Woman .” Related Stories Netflix FTX Series ‘The Altruists’ Sets November Release Date, Drops First Look Photos Netflix Sets U.S. Release Date for Danny Boyle's Tabloid Drama 'Ink,' Unveils First Look at Guy Pearce as Rupert Murdoch (EXCLUSIVE) Penned by Sandberg and Nord, “Anathema” is billed as a “visceral, unsettling exploration of repression, denial and collective madness.” The central character Dafne, lives in a valley with her mother and Bror. When he vanishes, she begins to question if she or her community is falling apart. His eventual return, drowned and dead, pushes the town into full‑scale delusion: no one admits his zombie-like state and everyone insists on celebrating his wedding, even if it means sacrificing his fiancée. Popular on Variety “Dafne combines the truth-telling clarity of the boy in “The Emperor’s New Clothes” with the reluctant awakening of Neo in “The Matrix ,” said the co-directors whose graduation short “Liminal Space” was selected for the New York City Independent Film Festival in 2025. “What excited us about the project was the fresh take on a known genre and the guts of the two young female directors to approach taboo subjects in an unconventional manner and thereby mark their debut with a clear ‘what the f ***’ film which will have people do a double take,” commented Natascha Degnova, LevelK’s head of PR and marketing. She added: “This is the kind of project that fits very well into our strategy of including more genre titles to our slate, as well as of getting involved in projects before production, having a full journey and collaboration with the filmmakers from script to worldwide release.” “Anathema” is also the first feature under Hjeltnes and Sørensen’s banner Empathitude Pictures, set up in 2025 between Oslo and Copenhagen. “It’s exactly the kind of film we want to champion: character-driven, boundary-pushing and emotionally resonant, with a strong creative vision at its core,” said the producers, adding: “What makes the project particularly exciting to us is that it represents an extraordinary Gen Z approach to storytelling and filmmaking: instinctive, genre-fluid and unafraid of breaking with convention. It is the kind of filmmaking that does not simply work within an existing cinematic language but actively pushes it forward and expands what contemporary cinema can be.” The project’s film financing is being structured so far as a three-way co-production between Empathitude Pictures in Norway and Denmark and Junafilm in Germany, with funding from the Norwegian Film Institute. “It’s a low budget film [around $1.7 million] but it needs the right partners as we want those trailblazing Gen Z filmmakers to fulfil their vision,” the former Viaplay and The Global Ensemble Drama top executive Sørensen told Variety . At the Norwegian Film Festival’s industry sidebar New Nordic Films , currently underway, the Empathitude Pictures co-heads are looking for further co-financiers and distributors for “Anathema” and for their overall film and series slate. “With Anne, since launching Empathitude Pictures, we’ve been working relentlessly on our development slate, which was awarded Creative Media support this summer, so it feels like we have taken some good choices. Starting a new company these days is not easy, but we’re optimistic,” offered Hjeltnes who’s also thrilled to attend the Venice Film Festival with the world premiere – out of competition – of Halkawt Mustafa’s “ No Paradise if You Are Killed by a Woman ,” produced by Hene Films. “I have been a producer alongside Halkawt for a decade, having produced as well his previous film “ Hiding Saddam Hussein ” [an IDFA world premiere in 2023]. “This is a dream come true,” she said. New Nordic Films closes Aug. 27 and the Norwegian Intl. Film Festival in Haugesund on Aug. 28. Dolly Parton’s ‘Dolly: A True Original Musical’ Sets Broadway Run, With Previews Beginning in December Dolly Parton’s Dollywood Will Be Open Wednesday After Singer’s Death: ‘The Show Must Go On’ Beyoncé Pays Tribute to Dolly Parton: ‘You Were the Barometer’ Dolly Parton Skips Dollywood Ride Opening Amid Ongoing Health Problems: ‘My Nashville Doctor Has Kinda Clipped My Wings’ Dolly Parton Died After a ‘Brief Battle’ With Cancer, According to Her Reps Dolly Parton Honored by Kacey Musgraves, Keith Urban, Reba McEntire: ‘We Will Always Love Her’ Loading comments... More From Our Brands Rolling Stone Shania Twain Mourns Dolly Parton and Shares Their Tender Performance of ‘Coat of Many Colors’ Robb Report Gavin Newsom Listed His 8-Acre Sacramento-Area Estate for $7.5 Million Sportico Power Conference Bans of Former Pros Would Likely Spark Lawsuits",0,2026-08-26 09:49:45
12,https://deadline.com/2026/08/paramount-merger-supreme-court-threat-iowa-1237050615/,"Iowa MAGA AG Wants To Take California & Rob Bonta To Supreme Court Over Paramount-WBD Antitrust Suit, Maybe",Deadline,2026-08-26T05:09:42,7026,"Skip to main content By Dominic Patten Dominic Patten Executive Editor, Legal, Labor & Politics @DeadlineDominic More Stories By Dominic Iowa MAGA AG Wants To Take California & Rob Bonta To Supreme Court Over Paramount-WBD Antitrust Suit, Maybe Taylor Swift Praises The Late Great Dolly Parton’s Life & Legacy: “She Was Truly The Gift That Kept On Giving” Bonta Cancels Paramount Settlement Meeting; CA AG Accuses Ellison Of “Playing Games” In WBD Merger Talks View All August 25, 2026 10:09pm Paramount and Warner Bros. Towers Getty Images With friends like Iowa Attorney General Brenna Bird, does Paramount and David Ellison really need enemies? In an op-ed penned for the conservative Daily Wire Tuesday, the Hawkeye State ally of Donald Trump is threatening to take California to the Supreme Court . Declaring that “California is once again trying to be the country’s regulator,” Bird wants to stop the antitrust lawsuit from the Golden State, New York and 10 other states against Paramount’s $111 billion purchase of Warner Brothers Discovery. “Just like California should keep its hands off America’s bacon, California needs to understand that it doesn’t get to decide what Americans can choose to watch or stream,” the reelection seeking Bird states of the state and its AG Rob Bonta . Related Stories News Donald Trump Pays Tribute To Dolly Parton, Says He's Lowering U.S. Flags To Honor Entertainer News Rob Bonta Says No Paramount-WBD Settlement Talks Scheduled After He Canceled Monday Session “If California believes a transaction that 68 regulators approved is nevertheless illegal, it is free to make that argument,” she notes, lamenting the $7 million a day ticking fee and more Paramount will have to start paying WBD shareholders starting October 1. “But it should make it in the one court with the authority to bind all of us, and it should make it now, before the bill for the delay comes due,” Bird claps, leaving out any reference to the Empire State’s Letitia James and other AG. Watch on Deadline Yet, for all her rallying to the ParaBros cause, as well as some variations on what Bonta and gang are actually alleging in the March 2, 2027 trial starting case before a federal judge in Oakland, Bird doesn’t seem to have actually filed anything with SCOTUS . It also seems hard to see how even if Iowa did take California to the conservative majority Supreme Court, how they could get a hearing before next spring or even October, with the John Roberts-led high court not back in session until October 5. However, let’s sidestep Bird getting a perch on SCOTUS’ fast tracked interim relief docket (AKA the emergency docket or shadow docket) for a second, and look at a possible route under the provisions of Article III, Section 2 of the Constitution. Even if the case fell within the “original jurisdiction” criteria and passed muster with the Justices, any ruling would likely still be drawn out — likely beyond the March 2027 trial already on the calendar. In the rare case SCOTUS picks up such a state to state battle, it would generally appoint a “special master’ to review the matter before getting directly on it. All of which, like Paramount CEO Ellison accused Bonta in an August 4 NYT op-ed , makes Bird’s flag planter reek of politics. Bird, who filed a brief in 2024 support of the former Apprentice host’s ultimately successful bid to gain significant immunity from prosecution for acts taken while POTUS, sidesteps most of the meat of the actual antitrust suit the 12 states and the WGA are pursuing. A suit that Bonta, in an August 10 guest column for Deadline , paints as “a straight up antitrust enforcement case. One that is very cut and dry.” Instead, Bird, while giving the DOJ the benefit of the doubt, moves to blast Bonta and colleagues as “more hostile to this pro-competition merger than Europe and China.” The ‘To Save American Movies, I’m Taking California To The Supreme Court’ entitled piece in the Ben Shapiro-founded outlet insists a ParaBros combo is good for high streaming subscription paying Iowans, competition and the movie and TV businesses. “The merger could create a company to compete: an estimated $6 billion in savings to reinvest, and a public commitment to release at least 30 movies in theaters every year. More movies mean more entertainment — and more competition means lower prices,” Bird says. There is no mention by Bird of the $80 billion debt load a ParaBros will carry, the ongoing blame game settlement talks (or lack thereof) skirmish , nor the $1.88 billion bond Paramount desires to offset the “extraordinary losses” the court challenge poses. Bird also makes no mention of possible layoffs or other cuts from a Paramount and WBD melding. Cuts that every such M&A deal has seen. Cuts that the likes of the WGA SAG-AFTRA and theTeamsters warn of. Cut that reports in both late June and last week to the LA County Board of Supervisors warned could see thousands pink slipped, and cost the region billions in wage and hundreds of millions in tax revenue. L-R: Rob Bonta and David Ellison Getty Images Touting a Hollywood that few who live here may recognize, the Iowa AG chooses echoes the findings of earlier this year from Trump’s DOJ approving the merger. To that, right now, she says “more movies are being made, and more workers are being hired.” While seemingly concurrently stressing that a joint “Paramount+ and HBO Max together are smaller than Netflix, smaller than Disney and smaller than Amazon,” Bird also throws out there that “a successful Paramount-Warner Bros. merger would change that.” Later in the op-ed, the long time pol says: “That is the opposite of a monopoly problem.” Singing the tunes of the growing MAGA chorus that seeks to turn Bonta into the new Nancy Pelosi punching bag, Bird asserts “California is just dreaming up something radical” to go to war with Trump and his admitted “good friends” David Ellison and his Oracle founding father Larry Ellison . “California argues that the Department of Justice waved this through as a political favor to Paramount’s owners,” Bird wrote Tuesday in a smudging of what is actually in the July 13 filing by the colalition of blue states. Then someone should explain how the Department managed to get approval in China, Europe, Canada, and the other 60-plus jurisdictions. When regulators in 68 jurisdictions with different laws, different politics, and no stake whatsoever in American elections all reach the same conclusion, the outlier is not the consensus.” Again, no filing seems to have occurred today so far at the Supreme Court from Iowa or Bird. Rob Bonta and Brenna Bird’s office do share the fact that neither of them responded to Deadline’s request for comment on the Iowa AG’s threat. Lionsgate Inks Partnership With Indian Action Star Yash Tributes, Career Gallery & Obituary For Music, Humanitarian Icon Ryan Gosling And WB Eye Live-Acton ‘Flintstones’ Pic About Bamm-Bamm ‘Bel-Air’ Spinoff ‘Hilary’ Starring Coco Jones In Works At Peacock Read More About: Comments",0,2026-08-26 09:49:31
29,https://www.hollywoodreporter.com/business/business-news/haim-saban-lawrence-bender-teddy-schwarzman-slam-mark-ruffalo-1236681689/,"Haim Saban, Lawrence Bender and Teddy Schwarzman Among Industry Group Accusing Mark Ruffalo of “Antisemitism” in Attack on Paramount Leadership",Hollywood Reporter,2026-08-26T04:31:36,5357,"× Skip to main content By Abid Rahman Plus Icon Abid Rahman International Editor, Digital gentlemanabroad Follow Sign Up View All August 25, 2026 9:31pm Mark Ruffalo Monica Schipper/Getty Images An entertainment industry group that includes Hollywood producers Haim Saban , Lawrence Bender and Teddy Schwarzman has released a statement condemning the alleged “antisemitic tropes” underpinning Mark Ruffalo ‘s opposition to Paramount’s leadership amid its proposed merger with Warner Bros. Discovery (WBD). The statement comes from a group calling itself The Brigade, which describes itself as “a group of nearly 1,000 members, friends, and allies of the Jewish community who are proud to be working in film, television, music, Broadway, social and digital, and other platforms in and around the entertainment industry.” Related Stories News Hannah Einbinder Defends Mark Ruffalo From Paramount ""Antisemitism"" Claim: ""All of Us Artists Could Stand to Be More Like Mark"" Business Simon Wiesenthal Center CEO Calls Out Mark Ruffalo's Paramount Remarks: ""Obsession and Demonization"" As well as Power Rangers media mogul Saban, Reservoir Dogs and Pulp Fiction producer Bender and Black Bear founder and CEO Schwarzman, the Brigade includes amongst its ranks Ram Bergman, Matti Leshem, Anthony Bregman, Micah Green and Lynn Harris. The Brigade’s statement comes in the wake of Ruffalo’s Aug. 21 Instagram post that spotlighted Oracle’s ties to the Israeli military — specifically a viral clip of former Oracle CEO Safra Catz at the Israeli-American Council National Summit in 2024 as it related to Israel’s war effort in Gaza. “Singling out Jewish executives and describing them in terms lifted from centuries-old antisemitic conspiracy theories, while invoking Israel as the frame for that attack, is antisemitic,” reads the statement. “It is unacceptable to introduce Jews, antizionism, or antisemitism into conversations about business transactions, simply because those involved are Jewish.” Ruffalo has long opposed both the Paramount-WBD merger over concerns about Hollywood jobs and has also long campaigned for Palestinian rights and condemned Israel’s actions in Gaza and the West Bank. The actor’s post called out Oracle founder Larry Ellison, Paramount’s controlling shareholder through a family trust, and the father of Paramount CEO David Ellison. Larry Ellison is also the key financial backstop behind Paramount’s merger attempt with WBD. The statement added: “This is a callous continuation of the ongoing campaign by the same individuals and groups targeting Jewish people and the state of Israel, a pattern of antisemitism and misinformation that puts our community in grave danger.” After Ruffalo’s initial Instagram post, a Paramount spokesperson issued a reply to the four-time Oscar-nominated and two-time Emmy-winning actor that called for the temperature of the debate around the WBD deal to be lowered and characterized Ruffalo’s remarks as “antisemitic.” In a viral X post, Ruffalo fired back that the “accusation that I am antisemitic is appalling and fundamentally dishonest.” The Brigade joins the Simon Wiesenthal Center in condemning Ruffalo’s Paramount posts. But in her own statement , Emmy-winning Hacks actress Hannah Einbinder described the “antisemitism” claims against Ruffalo as “ludicrous,” and implored more in Hollywood to “be more like Mark.” Read the full statement from The Brigade below: We are writing on behalf of a group of nearly 1000 members, friends, and allies of the Jewish community who are proud to be working in film, television, music, Broadway, social and digital, and other platforms in and around the entertainment industry. It is unfortunate that we are yet again forced to state our unequivocal condemnation of the use of antisemitic tropes and narratives by those who use their platform for targeted hate speech toward Jews. Singling out Jewish executives and describing them in terms lifted from centuries-old antisemitic conspiracy theories, while invoking Israel as the frame for that attack, is antisemitic. It is unacceptable to introduce Jews, antizionism, or antisemitism into conversations about business transactions, simply because those involved are Jewish. There is nothing “strange” about a Jewish executive discussing substantive issues about tech. This is not commentary on a merger. It is not a criticism of a government. It is simple antisemitism, where Jewish executives are portrayed as a secretive and powerful wealth-hoarding elite delighting in mass death. This is the same rhetoric that Nazis, Soviets, and the Klan weaponized against Jews, and its consequences are not only historical: they show up today in attacks against Jews in our streets, our synagogues, and our schools. This is a callous continuation of the ongoing campaign by the same individuals and groups targeting Jewish people and the state of Israel, a pattern of antisemitism and misinformation that puts our community in grave danger. There is no excuse and no defense for this rhetoric, including the “I have Jewish friends” rationale, and there are many questions that demand an answer — including, is there someone behind the funding of this campaign that is continuously perpetrated by the same individuals? We will keep standing up against this hatred. Because when we say, NEVER AGAIN, we mean it. THR",0,2026-08-26 09:49:52
30,https://www.hollywoodreporter.com/movies/movie-reviews/dolly-parton-film-critic-tribute-9-to-5-steel-magnolias-1236681618/,"Dolly Parton, a Hollywood Treasure Who Lit Up the Screen With Her Authentic Self",Hollywood Reporter,2026-08-26T02:58:25,6034,"Skip to main content By David Rooney Plus Icon David Rooney Chief Film Critic DavidCRooney1 Follow Sign Up View All August 25, 2026 7:58pm From left: Lily Tomlin, Dolly Parton and Jane Fonda in '9 to 5.' 20th Century Fox Film Corp./Courtesy Everett Collection When Jane Fonda was developing the rollicking 1980 workplace farce 9 to 5 , inspired by a real-life women’s rights organization of that name, at some point the project shape-shifted from the serious drama that was originally planned to a comedy, enlisting the brilliant Colin Higgins to direct and work on the screenplay with Patricia Resnick. Having cast Lily Tomlin as her acerbic ally in the secretarial pool, Fonda and producer Bruce Gilbert wanted to broaden the film’s appeal, landing on the idea of a third lead who might push beyond urban liberals to reach mainstream, conservative and Southern audiences. From that commercially-driven demographic strategy, Dolly Parton the Movie Star was born. Related Stories Movies James Lew, Stuntman and 'Hot Shots! Part Deux' Actor, Dies at 73 Movies Rene Malo, 'Decline of the American Empire' Producer, Dies at 84 As Doralee Rhodes, the happily married secretary of Dabney Coleman’s lecherous corporate vice president, kept busy dodging his unwelcome advances, Parton was a natural. Her luminosity, effervescence, folksy delivery and innate comic timing infused the film with livewire energy, whether she was fantasizing about hog-tieing and spit-roasting the boss or bringing that fantasy to life, like a seasoned rodeo queen. The movie became a massive hit, grossing more than $103 million at a time when a women-centric, empowerment-minded blockbuster was almost unimaginable. Every one of the predominantly female ensemble comedies that became pop cultural fixtures in later decades — The First Wives Club , Sister Act , The Devil Wears Prada , Bridesmaids — owes 9 to 5 a debt. The eternally catchy country pop theme song Parton wrote and recorded for the film left its own mark, reaching number one on Billboard ’s Country, Hot 100 and Adult Contemporary charts. Parton often said in interviews that she came up with the song’s tapping typewriter-key rhythm by clicking her long acrylic fingernails together. The death of a global superstar is invariably a sad event, but the loss of Parton today at age 80 is an uncommonly crushing blow to many of us. For gay men, she was our North Star, a beacon of inclusivity in a world of persistent intolerance. Her theme park near the Great Smoky Mountains, Dollywood, was a pilgrimage destination on the queer-tourism map. If gays ran the Oval Office, her birthday would be a national holiday. Parton frequently mined self-deprecating humor from her almost cartoonish appearance — the boobs, the big blonde wigs, the bejeweled outfits, the cosmetic surgeries — and yet she remained unequivocally real. I saw her perform just once at a Radio City Music Hall concert in 2005 as part of her Vintage Tour, along with a sea of gay men who had resurrected their Westernwear from Madonna’s “Don’t Tell Me” period for the occasion. When an elaborate piece of stage scenery malfunctioned and failed to descend from the flies during her opening number, Parton quipped that a little old country girl from East Tennessee should never have even attempted something so fancy. The iconic look and larger-than-life persona were an inextricable part of her sui generis screen presence in a handful of beloved movies. She was never an actress with significant range, but the thing is, she never had to be. The sweetness, the sense of humor and the old-fashioned goodness that epitomized who she was in her many walks of life made her incandescent. From her very first entrance, we knew exactly who her character was, almost all of them a mirror to who Parton was in real life. In The Best Little Whorehouse in Texas , starring as Miss Mona Stangley alongside Burt Reynolds, she made being the madam of a brothel — or as she puts it in one of her songs, “A Lil’ Ole Bitty Pissant Country Place” — seem wholesome, caring for her “girls” like they were her own children. Rewatching that cornbread musical in a Houston gay bar in the early ‘80s was a hootenanny I’ll never forget, Stetsons constantly flying up in the air in jubilant appreciation. In Steel Magnolias , an all-star tear-jerker about the fortitude to be drawn from female friendship in times of sadness, Parton played the big-haired, open-hearted small-town Louisiana beauty parlor owner, Truvy Jones. (Her character names alone are divine.) Her salon was a social hub, a place for harmless gossip and friendly banter, and a respite for its regulars from their frequently exasperating husbands and sons. Watching Parton hold her own alongside pros like Sally Field, Olympia Dukakis and Shirley MacLaine was bliss, not to mention seeing her character in a loving marriage with the coolest — OK, and sexiest — of modern-day cowboys, Sam Shepard. It’s doubtful that anyone would try to make a case for the 1984 Sylvester Stallone vehicle, Rhinestone ; I wonder if there’s even a living soul who managed to get through it. But Parton could sew a silk purse out of a sow’s ear, introducing two top 10 country hits in the movie. Her gifts were put to more memorable use in the cheesy but disarming comedy Straight Talk , as Shirlee Kenyon, a Southern transplant looking to rebuild her life in Chicago, where she becomes an accidental talk radio call-in advice show host. And Parton brought her signature warmth and wit to the guilty pleasure Joyful Noise , playing G.G. Sparrow, a feisty widow wrestling for control of her small Georgia town’s choir with Queen Latifah’s Vi Rose Hill. When Vi Rose gets her in a headlock, G.G. squawks, “Oow, you’re breakin’ my hair!” Putting aside her many cameos and popular TV movies, Parton’s filmography was by most standards meager. But she inhabited every role with spirit, vigor, compassion and charm for days, qualities entirely true to herself. Her death leaves the world a much poorer place. THR",0,2026-08-26 09:49:53
31,https://www.hollywoodreporter.com/music/music-news/taylor-swift-dolly-parton-dead-tribute-1236681122/,Taylor Swift Remembers Dolly Parton’s “True Grace and Grit”: “Her Legacy Will Be Everlasting”,Hollywood Reporter,2026-08-26T02:56:56,3432,"× Skip to main content By McKinley Franklin Plus Icon McKinley Franklin View All August 25, 2026 7:56pm Getty Taylor Swift is honoring the late country music icon Dolly Parton . Parton died Tuesday in Nashville at 80, her family announced. She died after a “brief battle with cancer,” her reps told People . “A world without Dolly doesn’t feel possible, real, or right,” Swift began in a statement shared with The Hollywood Reporter . “But because of the eternally generous way she spent her time on this earth and the countless lives she changed for the better, her legacy will be an everlasting one.” Related Stories Music Beyoncé Remembers Dolly Parton as ""Bold and Brilliant"" in Touching Tribute TV '20/20' Sets Dolly Parton Special Tribute: Where to Watch Online “She was truly the gift that kept on giving. Dolly gave us someone to look up to while encouraging us to be who we are as individuals. Somehow she was able to give us her lessons about the world gently and honestly, simultaneously, and oftentimes hilariously,” Swift continued. “She managed to give the world the ultimate mystery and fantasy in some corners of her life, but to give full transparency in the ways that counted. Somehow she was true grace and true grit, all in one dazzling person. She possessed the softest heart when it came to the struggles of others, and a backbone of steel to defend her own self worth as an artist.” She concluded, “Along with her other fans, I am so grateful for all of it. For the melodies and lyrics she wrote that thawed even the coldest hearts. For the millions of books she provided children all over the world so that they might fall in love with stories the way she did. For the tightropes she walked so that young girls like me could grow up dreaming of joining the circus too. Dolly, I’ll think of you each step of the way.” Last September, the “Jolene” singer announced she was postponing a set of Las Vegas concerts to deal with “some health challenges.” In May, she canceled her Las Vegas residency, but continued to put on a brave front, telling her fans that she was OK. In July, just ahead of her Madison Square Garden wedding, Swift and Travis Kelce donated $26 million to varying organizations, including to Dolly Parton”s Imagination Library. Parton shared an Instagram video thanking the married couple for their donation, where she said she was “blown away and overjoyed with that gratitude.” “Now, it’s evident, that you have made giving back a key part of your lives, so hey, when you have you firstborn, can I have it?” she joked. “Because that is gonna be one special baby!” The 14-time Grammy Award winner also reflected on the two-time Oscar nominee’s legacy in Parton’s 2023 profile with The Hollywood Reporter . “Dolly is a force of evolution and transformation in our industry, but she does it with such playful levity it almost looks effortless. Her sense of humor and mischief are easily my favorite things about her, because I think it forces the world to reconcile that a woman can be a serious artist and writer who also has raucous fun with it, can make people laugh and be in on every joke,” Swift told THR . “She’s never stopped challenging herself to clear new hurdles and explore new territory artistically, and I think that speaks to her great curiosity about the human condition. She’s a legendary empath and the storyteller for the ages. She’s also having the most fun doing it.” THR",0,2026-08-26 09:49:54
32,https://www.hollywoodreporter.com/lifestyle/shopping/best-tinted-sunscreens-for-face-tinted-moisturizer-with-spf-1236680284/,The Best Tinted Sunscreens to Achieve Off-Duty (UV-Protected) Beauty,Hollywood Reporter,2026-08-26T02:45:26,3525,"× Skip to main content By Erin Lassner Plus Icon Erin Lassner E-Commerce Writer View All August 25, 2026 7:45pm Courtesy of Brand (3) If you purchase an independently reviewed product or service through a link on our website, The Hollywood Reporter may receive an affiliate commission. Tinted sunscreen is the not-so-secret ingredient to maintaining youthful skin while attaining a no-makeup makeup look — but the secret lies in which brands do it best. While lightweight formulas with some degree of pigment are the throughline, products range in degree of coverage, type of application, suite of skin benefits and finish. As a general rule of thumb, tinted sunscreens tend to fall in the sheer to light coverage category with a dewy, glowing finish; however, that’s not always the case. For more color payoff and matte finish options, look for products marketed as “skin tints” or “tinted moisturizers” — just be sure they have SPF in the mix. Alternatively, skip the search and see our five tried-and-tested favorites below. Related Stories Lifestyle Parke's Viral Sweatshirt Gets a Dose of School Spirit in Brand's Debut Collegiate Collection Lifestyle Disney and NFL Fandoms Collide in Character-Inspired Collection of Team Gear best overall EltaMD UV Clear Tinted Broad Spectrum SPF 46 $47 at eltamd $47 at amazon Thanks to EltaMD’s extensive SPF selection targeting a spectrum of skin types and concerns , the dermatologist-coveted, expert-approved brand is an easy choice for any and all sun care needs. And when it comes to tinted products, it certainly takes the cake. For a subtle tint and healthy glow, EltaMD’s UV Clear SPF is our pick. It’s lightweight, absorbs easily and works double duty as a moisturizer — and at the end of a long day, there won’t be a clogged pore in sight. best under-$20 Bubble Plus One Tinted Daily Mineral Sunscreen Broad Spectrum SPF 40 $19 at bubble For a budget-friendly buy that stands up to the competition, Bubble’s Plus One is a no-brainer. It features a non-greasy formula that’s well-suited for oily-leaning skin, and the lilac extract further mattifies and balances acne-prone skin. And akin to EltaMD, Bubble’s pump makes for easy application. At the end of your morning skin-care routine and ahead of any makeup, apply two to four pumps evenly, 30 minutes before sun exposure. Pair with a water-resistant sunscreen when swimming or sweating. best matte Tarte BB Blur Tinted Moisturizer SPF 30 $42 at revolve $42 at macy’s Maybe oily skin is your main concern and glow isn’t your no. 1 priority. In that case, enter Tarte’s BB Tinted Moisturizer , offering a blurred soft-matte finish for an easy no-makeup-makeup look. While many tinted sunscreens offer light coverage, BB Blur provides medium coverage for days we need that little extra something-something. And because Tarte’s formula has more color payoff, it’s available in a wider range of shades than the category’s sheerer alternatives. best serum Ilia Super Serum Skin Tint SPF 40 $48 at ilia Ilia’s fan-favorite skin tint is another multi-hyphenate miracle worker that prioritizes a wide shade range, deep moisture and sun care as skin care (and vise versa). Available in 30 dewy shades that offer light to medium coverage, the powerful yet sensitive formula combines a mineral SPF with Hyaluronic Acid and Plant-Based Squalane to lock in hydration and strengthen the skin barrier, along with Allantoin to soothe dryness and reduce the appearance of redness. And the serum consistency keeps skin feeling like skin.",0,2026-08-26 09:49:55
33,https://www.hollywoodreporter.com/tv/tv-news/jelly-roll-jokes-donald-trump-guest-host-jimmy-kimmel-live-1236681630/,Jelly Roll Takes Jabs at Donald Trump While Guest Hosting ‘Jimmy Kimmel Live!’,Hollywood Reporter,2026-08-26T02:42:44,3218,"Skip to main content By Carly Thomas Plus Icon Carly Thomas Senior Editor, Digital carly_thomas_ Follow Sign Up View All August 25, 2026 7:42pm Jelly Roll on 'Jimmy Kimmel Live!' Disney Logo text During Jelly Roll ‘s return as guest host of Jimmy Kimmel Live! on Monday night , the country singer took several opportunities to throw jabs at President Donald Trump . During his opening monologue, the country singer-rapper started with the “main event of America this weekend” — the IndyCar race in Washington, D.C., dubbed the Freedom 250 Grand Prix. “The cars drove through the streets of D.C., and there’s Donald Trump, who apparently has never held a flag before,” he said, as a video played of the president waving a green flag. “What a shit job. How do you fuck up waving a flag?” Related Stories Music Trump Orders Flags to Fly at Half-Staff in Wake of Dolly Parton's Death: ""The World Loves You"" TV Rosie O'Donnell Joke About Trump and Natalie Harp Draws Gasps From 'Kimmel' Crowd As the audience broke out in laughter, Jelly Roll continued, “But the president seemed to enjoy the IndyCar race, which was a real switch up for him, because normally he only likes his own race.” “Trump also drove around the track in his motorcade doing what they call the lap of honor, which sounds like a loyalty program at a strip club,” the singer quipped. “Five percent cash back in the champagne room for all Lap of Honor members. Sadly, those are the only laps Trump’s been doing lately.” Jelly Roll’s “laps” joke was only the beginning of several more digs directed at Trump’s physical fitness during the monologue. “According to the Washington Post , a lot of doctors are worried about the president’s weight. After his last physical, we found out Trump gained 14 pounds, which means he’s now tipping the scales at almost 240. It’s crazy. Think about this, y’all. In the last few years, I’ve lost 300 pounds. That means I’ve lost an entire Donald Trump,” the “Save Me” artist said, prompting laughter from the studio crowd. He added, “And let’s be honest, based on his approval ratings, it seems like most of the country wants to do the same thing.” Jelly Roll told the audience they should “take it easy” on Trump because “we shouldn’t be making fun of the president for his weight because we know that he would never do that to other people.” That’s when a video montage started to play of the president talking about people’s weight and appearance on many different occasions, calling others a “big fat slob,” “fat pig” and “fatter than ever,” among other terms. “Well, if that ain’t the pot calling the kettle fat,” the singer said. “Well, Mr. President, from one fat pig to another, take it from me that physical fitness is very important. And trust me, you’ll be happy to see your penis again.” Jelly Roll first guest hosted Jimmy Kimmel Live! in July 2025 before returning this week while regular host Jimmy Kimmel is on his summer hiatus. The country star has been open about maintaining an apolitical public stance . Despite being criticized for avoiding politics, Jelly Roll told reporters backstage at the 2026 Grammys that “people shouldn’t care” about his political opinions because “I’m a dumb redneck.” THR",0,2026-08-26 09:49:57
13,https://deadline.com/2026/08/page/2/,More Stories,Deadline,2026-08-01T00:00:00,6811,"Skip to main content Latest in ‘Heroes’ Cast Reunites To “Celebrate The Life” Of Hayden Panettiere: “Was Deeply Emotional” Hayden Panettiere died on August 16, and her former Heroes co-stars reunited to celebrate her life. Jimmy Jean-Louis, who played The Haitian in the superhero series, shared photos of the reunion to remember the late actress. “A Heroes reunion to celebrate the life of HAYDEN was deeply… By Armando Tinoco 6 hours ago Print Print ‘Heroes’ Cast Reunites To “Celebrate The Life” Of Hayden Panettiere: “Was Deeply Emotional” Read the full story TV Taylor Swift Praises The Late Great Dolly Parton’s Life & Legacy: “She Was Truly The Gift That Kept On Giving” “A world without Dolly doesn't feel possible, real, or right,” Taylor Swift said tonight of her friend Dolly Parton. The beloved country music legend died Tuesday at the age of 80 , following a “brief battle with cancer,” according to her reps . “But because of the eternally generous way she spent… By Dominic Patten 7 hours ago Print Print Taylor Swift Praises The Late Great Dolly Parton’s Life & Legacy: “She Was Truly The Gift That Kept On Giving” Read the full story Music ‘America’s Got Talent’ Pays Tribute To Dolly Parton Airing just hours after the death of Dolly Parton at the age of 80, the Tuesday live quarterfinal episode of NBC’s America’s Got Talent honored the music icon. “Before we move on, we want to take a moment to remember the Queen of Country, Dolly Parton, who passed away today,” host Terry Crews… By Nellie Andreeva 7 hours ago Print Print ‘America’s Got Talent’ Pays Tribute To Dolly Parton Read the full story TV ‘9 To 5: The Musical’ Cast Pays Tribute To Dolly Parton: “Our Deepest Thanks For The Music, Laughter & Joy She Gave Us” The cast of the UK production of 9 to 5: The Musical paid tribute to Dolly Parton during their show on Tuesday, August 25. Before the musical began, star Karla Tracey took a moment to honor Parton and announce to the audience that the country icon had died. “Before we begin tonight’s… By Armando Tinoco 8 hours ago Print Print ‘9 To 5: The Musical’ Cast Pays Tribute To Dolly Parton: “Our Deepest Thanks For The Music, Laughter & Joy She Gave Us” Read the full story Theater Tuc Watkins Joins Prime Video Rom-Com Series ‘Escorted’ EXCLUSIVE: Tuc Watkins ( Paradise , SWAT: Exiles ) has joined the cast of Brett Goldstein’s new Prime Video series Escorted in a heavily recurring role, sources close to production tell Deadline. He will play Neil, who looks like a cowboy. He is a trainer at a high-end gym and a male escort to wealthy… By Rosy Cordero Aug 25, 2026 5:25 pm Print Print Tuc Watkins Joins Prime Video Rom-Com Series ‘Escorted’ Read the full story Exclusive TV Dolly Parton Died After A “Brief Battle With Cancer”, Her Reps Confirm We have more details on the cause of death for Dolly Parton. The beloved country music legend died following a ""brief battle with cancer,” her reps confirmed to People . The type of cancer was not disclosed. The country music icon, songwriter, philanthropist and star of 9 to 5 and Steel… By Denise Petski Aug 25, 2026 5:12 pm Print Print Dolly Parton Died After A “Brief Battle With Cancer”, Her Reps Confirm Read the full story Music Disney+ Sets Premiere For Korean Drama Series ‘The Remarried Empress’ Disney+ has set a November 4 launch date for its lavish historical K-drama The Remarried Empress , starring Shin Mina and Ju Jihoon, which will receive a world premiere in the On Screen section of the upcoming Busan Film Festival. Based on a Naver Webtoon of the same name that has amassed almost… By Liz Shackleton Aug 25, 2026 5:00 pm Print Print Disney+ Sets Premiere For Korean Drama Series ‘The Remarried Empress’ Read the full story TV ‘The Dog Stars’ Review: Jacob Elordi Searches For Last Gasp Of Humanity In Ridley Scott’s Sharp Postapocalyptic Thriller The lovable dog in Ridley Scott’s The Dog Stars isn’t actually the star of film, despite the title. Sadly, Jasper is only a supporting player in the first half hour of the movie. The real star here is Jacob Elordi, who is continuing to show genuine chops as a leading man. He does it again here as a… By Pete Hammond Aug 25, 2026 5:00 pm Print Print ‘The Dog Stars’ Review: Jacob Elordi Searches For Last Gasp Of Humanity In Ridley Scott’s Sharp Postapocalyptic Thriller Read the full story Film Doc Talk Podcast: TIFF Docs Programmer Thom Powers Previews Hottest Documentary Features At Fast-Approaching Toronto Film Festival Some of the top documentary filmmakers in the world soon will be packing their bags for Toronto, preparing for a curtain call at one of the world's most important cinematic events. The 51st edition of the Toronto Film Festival again features a dynamic roster of documentaries, ranging from… By Matthew Carey Aug 25, 2026 4:18 pm Print Print Doc Talk Podcast: TIFF Docs Programmer Thom Powers Previews Hottest Documentary Features At Fast-Approaching Toronto Film Festival Read the full story Film ABC, CBS And NBC To Air Specials Commemorating The Life Of Dolly Parton UPDATED: CBS News and ABC News will air specials on Tuesday paying tribute to Dolly Parton, who died today at the age of 80. NBC plans a news special on Wednesday. A CBS News Special: Dolly Parton — An American Icon will air at 10 p.m. ET, with Gayle King and Tony Dokoupil along with a… By Ted Johnson Aug 25, 2026 4:15 pm Print Print ABC, CBS And NBC To Air Specials Commemorating The Life Of Dolly Parton Read the full story TV Sam Register Leaving As Warner Bros. Animation President Sam Register, President of Warner Bros. Animation, Cartoon Network Studios and Hanna-Barbera Studios Europe, is departing after three decades at the company. The news was announced internally Tuesday by Channing Dungey, Chairman and CEO of Warner Bros. Television Group and U.S. Networks, to whom he… By Nellie Andreeva Aug 25, 2026 4:03 pm Print Print Sam Register Leaving As Warner Bros. Animation President Read the full story TV Dolly Parton: Beyoncé, Pedro Pascal, Sabrina Carpenter & More Pay Tribute To “One Of One” Country Music Legend Hollywood is mourning Dolly Parton, country musician, actress and philanthropist, who has died . The “9 to 5” and “Jolene” singer had been contending with ongoing health issues, leading her to cancel appearances and shows in May and postpone a Las Vegas residency in September. Beloved in the… By Dessi Gomez Aug 25, 2026 4:00 pm Print Print Dolly Parton: Beyoncé, Pedro Pascal, Sabrina Carpenter & More Pay Tribute To “One Of One” Country Music Legend Read the full story Music Previous page of stories Previous Next page of stories Next Sidebar Newswire PMC Deadline is a part of PMX Global, LLC, a subsidiary of Penske Media Corporation. © 2026 Deadline Hollywood, LLC. All rights reserved. Powered by WordPress.com VIP Site",0,2026-08-26 09:49:33
