id,url,title,source,publication_date,text_length,full_text,is_duplicate,created_at
28,https://variety.com/2026/music/news/katseye-sophia-to-resume-group-activities-in-january-2027-1236905705/,Katseye’s Sophia to Resume Group Activities in January 2027: ‘I Can’t Wait to Share the Stage With My Sisters Again’,Variety,2026-10-08T16:16:12,2963,"Oct 8, 2026 9:16am PT Katseye’s Sophia to Resume Group Activities in January 2027: ‘I Can’t Wait to Share the Stage With My Sisters Again’ By Steven J. Horowitz Plus Icon Steven J. Horowitz Senior Music Writer speriod Latest Aerosmith Returns With Two Concerts at the Hollywood Bowl — Two Years After Announcing Retirement From Touring 21 hours ago Busta Rhymes Breaks Down ‘Dillagence II’ Album and Writing to J Dilla Beats in Grammy Museum Q&A With Anderson .Paak 2 days ago Victoria Monét Returns: The R&B Star on How She Overcame Vocal Issues and Embraced Motherhood for Her New Album ‘Frequency of Love’ 6 days ago See All Julian Song Katseye member Sophia Laforteza will resume activities with the group starting the first week of January 2027, according to a notice posted to their social media accounts. “Sophia has been prioritizing her health and well-being with our full support and resources,” reads the note from Hybe and Geffen. “While Sophia will not be participating in THE WILDWORLD TOUR in North America, or promotional activities for the remainder of this year, we look forward to welcoming her back as KATSEYE continues this next chapter together in 2027.” Laforteza also posted her own message signaling her return to Katseye, thanking fans for their “patience, grace and understanding.” “Your kindness during this time has given me more strength than you know,” she posted on her Instagram Stories. “It hasn’t been easy, but I have been putting in the work by receiving the care I need, learning the tools to better support myself, and doing everything I can to nurture my well-being. Popular on Variety “It pains me deeply that I won’t be able to participate in the remainder of the tour this year,” she continued. “I’m going to use this time to continue training and get myself to where I need to be again. As much as I wish I could simply push through, I’ve come to understand that sometimes having the courage to take a step back is what allows you to move forward. My hope is to return feeling happier, healthier, stronger, more grounded, and ready to give you everything I’ve been wanting to give you. I’m holding onto that so tightly. I can’t wait to share the stage with my sisters again and look out to all of you!” Laforteza announced in August that she would be taking a step back from the group to prioritize her mental health and wellness. It came in the wake of member Manon Bannerman announcing her own temporary hiatus in February. The global girl group, which also includes Daniela Avanzini, Lara Raj, Megan Skiendiel and Yoonchae Jeung, recently released its “Wild” EP and has been on its “Wildwood” tour, which will continue through North America through the end of November. [Notice] Sophia’s Upcoming Schedule Notice https://t.co/l96X21iBqN pic.twitter.com/q82IjPLQoH — KATSEYE (@katseyeworld) October 8, 2026 Jackie Chan, Anil Kapoor Films Among 335 National Winners at Asian Academy Creative Awards Loading comments...",0,2026-10-08 16:18:28
1,https://deadline.com/2026/10/scott-bakula-detective-drama-development-cbs-dean-devlin-1237149665/,Scott Bakula To Headline Detective Drama In Works At CBS From Dean Devlin’s Electric Entertainment,Deadline,2026-10-08T16:15:33,2592,"Skip to main content By Nellie Andreeva Nellie Andreeva Editor-In-Chief @DeadlineNellie More Stories By Nellie ’Bridgerton’ Spinoff About Young Lady Violet Greenlit At Netflix With Shonda Rhimes Writing ‘Ted Lasso’: Brendan Hunt Breaks Down Season 4 Finale, “Passing The Torch” Moment, Coaching Team Shakeup & Who May Be Leaving Amid Renewal Buzz ‘Ted Lasso’ Team Hoped To Bring Anthony Head Back In Season 4 Finale View All October 8, 2026 9:15am Add us as a Google Preferred Source Scott Bakula Courtesy EXCLUSIVE : NCIS: New Orleans star Scott Bakula is eying a return to CBS with another procedural drama, which is in development at the network. Bakula is set to star in and executive produce the untitled project,.which comes from Dean Devlin ’s Electric Entertainment . The drama, a high-concept detective procedural set in Los Angeles, is written and executive produced by Perception co-creator Michael Sussman, who was a writer-producer of one of Bakula’s signature series, Star Trek: Enterprise. And in a nod to another classic Bakula show, his character is described as quite a “leap” from the one he played on NCIS: New Orleans . Related Stories Cancellations and Renewals 'Big Brother' Renewed For Seasons 29 & 30 On CBS Casting Jeff Hiller Joins CBS' 'Eternally Yours' In Guest Role In addition to Bakula’s seven-season run as the lead of NCIS: New Orleans and his starring roles on NBC’s Quantum Leap and UPN’s Star Trek: Enterprise , he played one of the leads of TNT comedy-drama Men of a Certain Age . He has earned five Emmy nominations to date, four for Quantum Leap and one for the HBO movie Behind the Candelabra . Bakula, who will next be seen in Netflix’s hockey drama The Sticks, is repped by CAA, Anonymous Content and Hansen, Jacobson, Teller. Devlin’s Electric Entertainment made its mark as an independent studio with its own financing and distribution that carved out a niche for itself as a supplier of efficiently produced high-end scripted programming to basic cable networks with such franchises as The Librarian and Leverage . This would mark the company’s first broadcast show. Watch on Deadline Sussman, whose series credits also include The Last Ship and 12 Monkeys , is repped by Echo Lake Entertainment and Myman Greenspan Fox. Netflix Orders Shonda Rhimes-Penned ’Bridgerton’ Spinoff About Young Lady Violet Skydance Film Bosses & WB To-Do List: Pics That Are Ready, In Works Or On Fire ‘Baywatch’, ‘Shaka iLembe’ & ‘Maya’ In Deadline Dozen; ‘Heated Rivalry’s Crave Brad Bird On The Long Journey To Bring ‘Ray Gunn’ To Cinemas Read More About: Comments",0,2026-10-08 16:17:57
2,https://deadline.com/2026/10/love-language-trailer-chloe-grace-moretz-rom-com-1237149639/,"‘Love Language’ Trailer: Chloë Grace Moretz Finds Work Writing Vows & Love Triangle With Manny Jacinto, Anthony Ramos In Rom-Com",Deadline,2026-10-08T16:15:11,1818,"Skip to main content By Glenn Garner Glenn Garner Associate Editor @xoxo_glenn More Stories By Glenn ‘Obsession’s Michael Johnston Teases “Incredible Queer” Project With “Steamy Moment” Bryan Fuller & Don Mancini Make Surprise Cameo In ‘Carrie’ Prom Scene ‘Carrie’s Matthew Lillard & Amber Midthunder On How The “Catastrophic” Finale Deviates From The Book: “It’s Part Of The Tragedy” View All October 8, 2026 9:15am Add us as a Google Preferred Source The romantic-comedy genre is in for a return to form with Love Language , premiering this month. On Thursday, Vertical released the first trailer for the romantic-comedy starring Chloë Grace Moretz , debuting Oct. 23 in select theaters and on digital/VOD, following its SXSW world premiere in March. In Love Language , aspiring author Louisa “Lou” Klaussner (Moretz) discovers a lucrative side hustle writing wedding vows for other people, following her own failed engagement. Meanwhile, Lou finds herself in a love triangle with charming serial dater Dash (Anthony Ramos) and her college best friend/crush Warren (Manny Jacinto), who happens to be the fiancé of her client Olivia (Isabel May), making for a tricky dynamic. Written and directed by Joey Power , Love Language also stars Billie Lourd, Lukas Gage, Chloe Fineman and more. Producers include Bert Hamelinck, Allison Hironaka, Ari Lubet, Colin Jost and Jeff Grosvenor, with executive producers Michael Sagol, Joey Power, Tyson Bidner and Corentin De Saedeleer. Watch on Deadline Skydance Film Bosses & WB To-Do List: Pics That Are Ready, In Works Or On Fire Netflix Orders Shonda Rhimes-Penned ’Bridgerton’ Spinoff About Young Lady Violet ‘Baywatch’, ‘Shaka iLembe’ & ‘Maya’ In Deadline Dozen; ‘Heated Rivalry’s Crave Brad Bird On The Long Journey To Bring ‘Ray Gunn’ To Cinemas Read More About: Comments",0,2026-10-08 16:17:58
38,https://www.hollywoodreporter.com/movies/movie-news/inside-out-2-director-kelsey-mann-signs-with-uta-1236724689/,‘Inside Out 2’ Director Kelsey Mann Signs with UTA (Exclusive),Hollywood Reporter,2026-10-08T16:12:01,1595,"× Skip to main content By Borys Kit Plus Icon Borys Kit Senior Film Writer View All October 8, 2026 9:12am Kelsey Mann Jesse Grant/Getty Images Logo text Pixar veteran Kelsey Mann, who most recently directed Pixar’s Inside Out 2 , has signed with UTA for representation in all areas. It is the latest animation get for the agency, which in the summer signed longtime Dreamworks and Forgotten Island co-director Januel Mercado. And it continues a trend of animators stepping out of their animation companies to test of the waters of a wider entertainment industry, sometimes beyond straight animation. In September, for example, Minions creator and Despicable Me filmmaker Pierre Coffin signed with WME . Mann’s last movie was Inside Out 2 , one of the biggest critical and commercial successes of 2024. It earned a 98 percent score on Rotten Tomatoes and grossed $1.7 billion worldwide, earning him an Academy Award nomination for best animated feature while setting the record for the highest-grossing directorial debut in film history. A storyboard artist who earned his stripes on Cartoon Network, Warner Bros., and Lucasfilm Animation shows, Mann joined in Pixar in 2009, serving as story supervisor on Monsters University, The Good Dinosaur , which he also co-wrote, and Onward . He also contributed to Pixar’s senior creative team across recent hits including Toy Story 5 , Hoppers , Elemental , and Turning Red . He made his directorial debut with the Monsters University theatrical short Party Central. Mann is now focusing on his next chapter as an independent director and creator. THR",0,2026-10-08 16:18:39
42,https://www.hollywoodreporter.com/movies/movie-news/anime-director-masaaki-yuasa-toronto-fest-film-showcase-1236725444/,Anime Director Masaaki Yuasa Set to Curate Toronto Fest Classic Film Showcase,Hollywood Reporter,2026-10-08T16:00:00,2364,"× Skip to main content By Etan Vlessing Plus Icon Etan Vlessing Canada Bureau Chief View All October 8, 2026 9:00am Lupin III: Castle of Cagliostro Toronto Film Festival The Toronto Film Festival is set to showcase classic films selected by Japanese anime director Masaaki Yuasa that influenced his celebrated animation. Yuasa is known for surreal storytelling and a distinct anime visual style for films like Night is Short, Walk on Girl, Ride Your Wave, his directorial debut Mind Game and Lu Over the Wall, an Annecy award winner. He also directed an episode of Adventure Time and worked on Netflix ’s DEVILMAN Crybaby. In all, 17 features and four shorts selected by Yuasa, including movies by Katsuhiro Otomo, Hayao Miyazaki, Sylvain Chomet and Rene Laloux, will feature as part of the Drawn Universes: Visions in Animation program. The series, to run Nov. 19 to Dec. 29 at TIFF Lightbox, will include conversations with Yuasa and the Japanese director introducing screenings of Richard Williams’ The Thief and the Cobbler: A Moment in Time and Isao Takahata’s Anne of Green Gables: Road to Green Gables. Related Stories Movies Andrew Scott Welcomes 'Heated Rivalry,' But Feels ""Troubled"" by Those Who ""Don't Want to See"" Painful Queer History Movies Netflix Plans Oscar Push for Lee Chang-dong's 'Possible Love,' Promoting Jeon Do-yeon for Best Actress (Exclusive) Drawn Universes: Visions in Animation will launch with Paul Grimault’s The King and the Mockingbird on Nov. 19. Akira Toronto Film Festival Yuasa said in a director’s statement released by TIFF: “In curating this series, I wanted to look back at films that sparked my own imagination and influenced both my predecessors and the generations that followed. The diverse lineup includes foundational achievements like Pinocchio and Lupin III: Castle of Cagliostro; visionary masterpieces such as AKIRA, Fantastic Planet and Toy Story 3 ; and contemporary classics including The Girl Who Leapt Through Time and Liz and the Blue Bird. Taken together, these films demonstrate boundless imagination, extraordinary technical skill, and world-building at the highest level, revealing the limitless potential of animated storytelling.” Yuasa in 2013 co-founded Science SARU with Eunyoung Choi, left in 2020 and in 2025 he established ame pippin Inc. The King and the Mockingbird Toronto Film Festival THR",0,2026-10-08 16:18:43
41,https://www.hollywoodreporter.com/lifestyle/lifestyle-news/cynthia-erivo-lincoln-center-for-the-performing-arts-nyc-1236724990/,Cynthia Erivo to Headline Benefit at Lincoln Center for the Performing Arts in New York City,Hollywood Reporter,2026-10-08T16:00:00,2665,"× Skip to main content By Chris Gardner Plus Icon Chris Gardner chrissgardner Follow Sign Up View All October 8, 2026 9:00am Cynthia Erivo attends the Valentino Antibiblioteca spring/summer 2027 show during Paris Fashion Week on Oct. 4, 2026. (Photo by Arnold Jerocki/Getty Images for Valentino) Cynthia Erivo has a date with Lincoln Center . The Emmy, Tony and Grammy winner has been tapped to headline a benefit concert at the venue’s David Geffen Hall on Nov. 16. The fundraiser supports Lincoln Center’s commitment to arts accessibility through a free and “choose what you pay” programming model. Concert-only tickets go on sale to the general public on Oct. 13. “The arts belong to everyone and everyone should feel that they belong at Lincoln Center,” noted Mariko Silver, who serves as Lincoln Center for the Performing Arts president and CEO. “That belief is at the heart of everything we do. We are profoundly grateful to the supporters who help us open our doors wider, bring extraordinary artists to New York, and ensure that more people can experience the joy, connection and possibility the arts create.” Related Stories Movies 'Prima Facie' Review: Cynthia Erivo Stars as a Lawyer Who Becomes a Rape Victim in This Misfire of an Adaptation TIFF EXCLUSIVE Cynthia Erivo's First Film Since 'Wicked' Required Her to Go Dark, Deep and Fearless: ""I'd Feel Sick and Angry"" According the institution, the “choose what you pay” model has helped bring in nearly three million people to the Lincoln Center campus through performances, educational events, festivals and open-air experiences since 2022. The model has been adopted by other arts organizations in New York, and it’s even spread to film festivals and other institutions across the country. The gig marks a reunion for Erivo, who last performed at Lincoln Center in the Appel Room, an outing that was recorded for PBS in 2019. She most recently starred in the Wicked films, Poker Face and Drift , among many other projects. She had a fall film festival debut with Prima Facie. Lincoln Center is a performing arts center and civic cultural campus home to 11 resident arts orgs including the Chamber Music Society of Lincoln Center, Film at Lincoln Center, Jazz at Lincoln Center, Juilliard School, Lincoln Center Theater, Lincoln Center for the Performing Arts, Metropolitan Opera, New York City Ballet, New York Philharmonic, New York Public Library for the Performing Arts and School of American Ballet. Programs are made possible in part through public funds provided by the New York City Department of Cultural Affairs and the New York State Council on the Arts. More intel can be found here . THR",0,2026-10-08 16:18:42
40,https://www.hollywoodreporter.com/tv/tv-news/karen-read-series-with-elizabeth-banks-ordered-amazon-1236724986/,Karen Read Series Starring and Executive Produced by Elizabeth Banks Ordered at Amazon,Hollywood Reporter,2026-10-08T16:00:00,4314,"× Skip to main content By Tony Maglio Plus Icon Tony Maglio View All October 8, 2026 9:00am Elizabeth Banks and Karen Read John Nacion/Variety/Getty Images; John Tlumacki/The Boston Globe/Getty Images True crime fans, this is the best news you’ll (Karen) Read all day. Amazon Prime Video has officially ordered the scripted Karen Read series starring and executive produced by Elizabeth Banks ( Cocaine Bear, Pitch Perfect ). The currently untitled eight-episode (each episode is one hour) drama series inspired by the Law&Crime and Audible Original podcast Karen will be written, showrun and executive produced by Justin Noble ( The Sex Lives Of College Girls , Brooklyn Nine-Nine ). Banks will play Read. The series hails from Warner Bros. Television; Brownstone Productions, David E. Kelley Productions, Audible and Law&Crime will serve as executive producers. In 2025, when Amazon announced it was developing the series, Read had a strong reaction . Related Stories Lifestyle What to Snag (and Skip) During October Prime Day's Final Hours TV Sam Bankman-Fried Docuseries Set at Amazon (Exclusive) “I have nothing to do with that; it’s not authorized by me in any way,” Read said during an interview with WRKO host Howie Carr . Her attorney Alan Jackson said that Read’s story is “Karen Read’s story to tell.” Karen Read wants to tell her story through LBI Entertainment ( Hell or High Water ) — and a book deal. Here’s the short version of Read’s story: “When a Boston police officer is found dead in the snow during a blizzard, all eyes are on his girlfriend, Karen Read. But when she and her legal team claim she’s not only innocent, but that she’s the victim of a conspiracy protecting the real assailants, the story spreads like wildfire, dividing a community in ways they’ve never seen,” the Amazon series’ synopsis reads. “As endless suspicion mounts, in multiple directions, this genre-bending true crime series explores society’s explosive obsession with true crime.” “I grew up in Massachusetts, and like so many people there, we watched this case divide families, friends, and entire towns,” Banks said in a statement. “We have spent years with this material because the questions it raises go far beyond one courtroom: why we choose the stories we believe, and what happens when trust in our institutions breaks down. Justin has written a series that respects and treats with care the complexity of what happened and the public reaction to it. We are grateful to Prime Video, Warner Bros. Television and our partners at David E. Kelley Productions, Wondery and Law&Crime for believing in it from the start.” “This case has more twists and turns than any story I’ve ever consumed, real or fictional,” said Noble. “It makes M. Night Shyamalan look like Nora Ephron. But the reason this story resonates and must be told is because of the profound takeaways it leaves us with: about a deeply imperfect justice system that urgently needs change, about the mistreatment of women by those who weaponize and abuse their power, and about a victim who deserves to be remembered.” In addition to Banks and Noble, the series is executive produced by Max Handelman, Krissy Wall, David E. Kelley, Matthew Tinker, Aaron Hart, Marshall Lewy, Jeni Mulein, Jen Sargent, Rachel Stockman and Dan Abrams. The project came to Audible via its integration with Wondery; Hart shepherded the project. “At its core, this series is about more than a single case — it’s about what happens when truth becomes a matter of perspective and an entire community is forced to confront its own deepest divisions,” said Peter Friedlander, head of global television, Amazon MGM Studios. “With Justin Noble’s sharp, nuanced storytelling, Elizabeth Banks’ captivating presence, and the powerhouse creative team behind this project, we believe this will be a defining series that sparks conversation around the world.” Marshall Lewy, head of Audible content, North America, commented: “The Karen Read case gripped the country because it tapped into questions about truth, loyalty, and who we choose to believe. Karen , the Law&Crime podcast and an Audible Original, set the standard for telling this story and is exactly the kind of IP that translates powerfully to television. We’re thrilled to work with this incredibly talented team.” THR",0,2026-10-08 16:18:41
39,https://www.hollywoodreporter.com/business/business-news/ai-podcasting-company-rebel-audio-funding-1236724673/,AI-Podcasting Company Rebel Audio Raises Series A Funding at $50 Million Valuation (Exclusive),Hollywood Reporter,2026-10-08T16:00:00,2550,"× Skip to main content By Caitlin Huston Plus Icon Caitlin Huston Business Writer hustonca Follow Sign Up View All October 8, 2026 9:00am Rebel Audio's Jared Gutstadt; Draft Kings co-founder Matt Kalish Jeremy Cowart/The Portrait Lab; Courtesy of HardScope AI -podcasting platform Rebel Audio is announcing the close of its series A funding round backed by Draft Kings co-founder Matt Kalish, who is now leading a new creator media company. Rebel Audio is targeting a $10 million close, which would value the podcasting company at about $50 million post-money. Kalish’s HardScope, which launched in September with the goal of building out creator-led IP into franchises, led the funding round. Kalish also has a seat on the board of directors. Rebel Audio, which came out of stealth mode in March 2026, employs AI tools to help creators record, edit, publish, translate, distribute and monetize their content. Jared Gutstadt, who previously founded podcasting production company Audio Up, founded the company. Mark Burnett, the TV producer behind The Apprentice, Survivor, The Voice and Shark Tank , is an advisor for the startup, alongside Mike Majlak, the co-host of podcast Impaulsive with Logan Paul, who is also the chief creator in residence. Ben Lurie, Jacob Dezarn, and Jonathan Schulman are also on the board. While the funding round is largely completed, the company still has a 90-day window for additional investment. This follows the company’s oversubscribed seed round of $4.15 million. The latest funding round will be used to expand the company’s AI infrastructure and increase creator acquisition and marketing, as the company grows. “I started my career in dark editing rooms, fighting the tools just to get the work done, and have been building creator tools ever since,” Gutstadt said. “Rebel is the simplest version of that mission: remove the friction, give creators their time back. Matt co-founded DraftKings and scaled it into one of the biggest names in sports entertainment. He knows technology, and he knows performance marketing. That’s the fuel for our network effect.” “Rebel Audio empowers millions of aspiring creators to make great content independently and with almost no friction,” Kalish said. “The next generation of creators will use one-stop-shop AI powered platforms to show you don’t need a big team to create and launch great content. You can get started today, all by yourself on Rebel’s technology. Empowering creators to build ambitious projects and build an audience is core to HardScope’s mission.” THR",0,2026-10-08 16:18:40
32,https://variety.com/2026/tv/news/elizabeth-banks-karen-series-amazon-1236905579/,Elizabeth Banks Officially Set to Play Karen Read in Amazon Series,Variety,2026-10-08T16:00:00,5310,"Oct 8, 2026 9:00am PT Elizabeth Banks Officially Set to Play Karen Read in Amazon Series Justin Noble will serve as the showrunner, with David E. Kelley producing By Joe Otterson Plus Icon Joe Otterson TV Reporter joeotterson Latest Ben Stiller to Moderate Conversation With William Shatner at New York Comic-Con ‘Star Trek’ Panel (EXCLUSIVE) 21 hours ago ‘Anna Pigeon’ Renewed for Season 2 at USA Network 1 day ago ‘All’s Fair’ Sets Season 2 Release Date, Drops Decadent First Trailer 1 day ago See All Getty Amazon has officially greenlit a drama series about Karen Read with Elizabeth Banks set to star, Variety has learned. The untitled, one-hour series was first reported to be in the works in 2025. It is inspired by the Law&Crime and Audible Original podcast “Karen.” Justin Noble will serve as writer, showrunner, and executive producer. Amazon has commissioned eight episodes. The logline for the show states: Popular on Variety Related Stories ‘Marshals’ Star Luke Grimes Says He Hasn’t Spoken to 'Yellowstone' Co-Star Kevin Costner ‘Since We Stopped Working Together’ “When a Boston police officer is found dead in the snow during a blizzard, all eyes are on his girlfriend, Karen Read (Banks). But when she and her legal team claim she’s not only innocent, but that she’s the victim of a conspiracy protecting the real assailants, the story spreads like wildfire, dividing a community in ways they’ve never seen. As endless suspicion mounts, in multiple directions, this genre-bending true crime series explores society’s explosive obsession with true crime.” Along with Noble, Banks will executive produce in addition to starring under Brownstone Productions banner. Max Handelman and Krissy Wall of Brownstone also executive producer. David E. Kelley and Matthew Tinker will executive produce via David E. Kelley Productions along with Aaron Hart, Marshall Lewy, Jeni Mulein and Jen Sargent of Audible and Rachel Stockman and Dan Abrams via Law&Crime. Warner Bros. Television is the studio. “I grew up in Massachusetts, and like so many people there, we watched this case divide families, friends, and entire towns,” said Banks. “We have spent years with this material because the questions it raises go far beyond one courtroom: why we choose the stories we believe, and what happens when trust in our institutions breaks down. Justin has written a series that respects and treats with care the complexity of what happened and the public reaction to it. We are grateful to Prime Video, Warner Bros. Television, and our partners at David E. Kelley Productions, Wondery and Law&Crime for believing in it from the start.” This is the second TV starring role announced for Banks in recent months. It was previously reported that she is set to lead a comedy series from Liz Heldens at Apple TV. She also recently starred in the Prime Video series “The Better Sister,” which aired on the streamer in 2025. Her other TV credits include “The Miniature Wife” at Peacock, “Mrs. America” for FX/Hulu, and both “30 Rock” and “Scrubs.” In film, Banks is best known for her roles in “The Hunger Games” franchise and “Pitch Perfect.” She also directed and produced the 2023 hit horror comedy “Cocaine Bear.” Banks and Brownstone are repped by UTA, Untitled Entertainment and Johnson Shapiro Slewett & Kole. “This case has more twists and turns than any story I’ve ever consumed, real or fictional,” said Noble. “It makes M. Night Shyamalan look like Nora Ephron. But the reason this story resonates and must be told is because of the profound takeaways it leaves us with: about a deeply imperfect justice system that urgently needs change, about the mistreatment of women by those who weaponize and abuse their power, and about a victim who deserves to be remembered.” Noble most recently co-created the HBO Max series “The Sex Lives of College Girls” with Mindy Kaling. He has also written for shows like “Brooklyn Nine-Nine,” “Never Have I Ever,” and “Idiotsitter.” He is repped by WME. “At its core, this series is about more than a single case — it’s about what happens when truth becomes a matter of perspective and an entire community is forced to confront its own deepest divisions,” said Peter Friedlander, head of global television for Amazon MGM Studios. “With Justin Noble’s sharp, nuanced storytelling, Elizabeth Banks’ captivating presence, and the powerhouse creative team behind this project, we believe this will be a defining series that sparks conversation around the world.” Hart, who co-leads the film and TV division of Audible after holding the same position at Wondery, shepherded the project to the screen. Other Audible podcasts that have been adapted for television in recent years include “Dr. Death” at Peacock,” “WeCrashed” at Apple TV, and “Dying for Sex” at FX. “The Karen Read case gripped the country because it tapped into questions about truth, loyalty, and who we choose to believe,” said Lewy, head of Audible Content, North America. “Karen, the Law & Crime podcast and an Audible Original, set the standard for telling this story and is exactly the kind of IP that translates powerfully to television. We’re thrilled to work with this incredibly talented team.” Jackie Chan, Anil Kapoor Films Among 335 National Winners at Asian Academy Creative Awards Loading comments...",0,2026-10-08 16:18:32
31,https://variety.com/2026/tv/news/tiktok-becca-bloom-podcast-blooms-room-pave-studios-1236905575/,TikTok Star Becca Bloom to Launch Weekly Video Podcast Series ‘Bloom’s Room’ With PAVE Studios (EXCLUSIVE),Variety,2026-10-08T16:00:00,3101,"Oct 8, 2026 9:00am PT TikTok Star Becca Bloom to Launch Weekly Video Podcast Series ‘Bloom’s Room’ With PAVE Studios (EXCLUSIVE) By Jennifer Maas Plus Icon Jennifer Maas TV Business Writer @jmaasaronson Latest Why Gary Vaynerchuk Is Putting Everything Into Collectibles Brand ‘VeeFriends’: ‘It Could Be the Biggest Business I Ever Build in My Life’ 2 hours ago Xbox Sets New Division for Film and TV, Consumer Products and Experiences Led by ‘Minecraft’ Studio Chief Kayleen Walters 4 hours ago PlayStation to Launch New Crunchyroll Anime Hub for PS5 19 hours ago See All Courtesy of Becca Bloom TikTok star Becca Bloom will launch a weekly video podcast series in January titled “Bloom’s Room,” produced by content-creator-focused media company PAVE Studios. Bloom, who has built an audience of more than 10 million followers across TikTok, Instagram and other social platforms while often disclaiming she doesn’t “know anything about anything,” is known for offering advice about finance, fashion, luxury lifestyle, relationships, career and everyday life. Related Stories ‘Marshals’ Star Luke Grimes Says He Hasn’t Spoken to 'Yellowstone' Co-Star Kevin Costner ‘Since We Stopped Working Together’ Debuting in partnership with PAVE Studios’ lifestyle brand OpenMind, “Bloom’s Room” will premiere in January 2027 on YouTube and wherever podcasts are available. The show is meant to give audiences a “deeper look at the person behind the content,” who was named to the inaugural TIME100 Creators list in 2025 and had her Lake Como wedding featured in Vogue last year. Popular on Variety Per the show’s description, “Each week, Bloom will unpack a subject she is genuinely curious about, from money and ownership to relationships, ambition, identity and the psychology behind the decisions we make.” “Bloom’s Room” joins OpenMind’s growing slate of creator-led programming which also includes Khloé Kardashian’s “Khloé in Wonder Land,” which recently premiered its fourth season. “I’m a relatively private person, and what I’ve shared online has mostly been 30-second glimpses into my life. If those are the trailers, then ‘Bloom’s Room’ is the movie,” Bloom said. “The things I have the most to say about, and the conversations I think are actually worth having, rarely fit into 30 seconds. We’ll get into money, relationships, fashion and why we make the choices we do, but also parts of my life and conversations I’ve never shared publicly. I want the show to be smart and useful, but also more personal and honest than anything I’ve shared before.” “Becca is one of the most compelling voices of her generation, and we’re thrilled to partner with her on ‘Bloom’s Room,’” PAVE Studios founder and CEO Max Cutler said. “Her audience has always wanted to know more about the person behind the content, and this show creates the space for that. It’s exactly the kind of creator-led original OpenMind was built for, and we can’t wait for people to hear the conversations she’s going to have.” Jackie Chan, Anil Kapoor Films Among 335 National Winners at Asian Academy Creative Awards Loading comments...",0,2026-10-08 16:18:31
30,https://variety.com/2026/film/columns/matchbox-jessica-biel-john-cena-american-red-cross-people-affected-by-disasters-1236904339/,‘Matchbox’ Stars Jessica Biel and John Cena Lead New American Red Cross Pledge Drive (EXCLUSIVE),Variety,2026-10-08T16:00:00,2645,"Oct 8, 2026 9:00am PT ‘Matchbox’ Stars Jessica Biel and John Cena Lead New American Red Cross Pledge Drive (EXCLUSIVE) By Marc Malkin Plus Icon Marc Malkin Senior Editor, Culture and Events marcmalkin Latest ‘La Bola Negra’ to Receive Gotham Vanguard Tribute at Gotham Film Awards (EXCLUSIVE) 34 minutes ago Miles Teller to Be Honored by Newport Beach Film Festival (EXCLUSIVE) 18 hours ago Inside Omega’s James Bond Exhibition, From 007’s Toothbrush to His Passport and Mini Car Bombs 2 days ago See All Apple TV “Matchbox The Movie” co-stars Jessica Biel , John Cena , Sam Richardson, Arturo Castro and Teyonah Parris have teamed up with Mattel for a new American Red Cross pledge drive. In a video message filmed for the campaign, the “Matchbox’ headliners encourage fans to channel their inner hero by showing up for others when it counts most and support the American Red Cross efforts to provide shelter, food, essential supplies and other critical support to people affected by disasters. Related Stories ‘Marshals’ Star Luke Grimes Says He Hasn’t Spoken to 'Yellowstone' Co-Star Kevin Costner ‘Since We Stopped Working Together’ The PSA, a collaboration between Mattel Philanthropy and the American Red Cross, coincides with the Oct. 9 release of “Matchbox.” Popular on Variety “Matchbox has always celebrated the people who step up for their communities, and through our Play It Forward giving platform we’re proud to bring that spirit into the real world alongside the American Red Cross,” Nancy Molenda, vice president of global corporate events and philanthropy at Mattel, said. “Together, we’re encouraging fans to become everyday heroes by helping communities recover when they need it most.” Anne McKeough, chief development officer at the American Red Cross, said, “We’re incredibly grateful to Mattel and the Matchbox team for helping the American Red Cross be there for people when disaster strikes. By celebrating the everyday heroes who step up when others need them most, this partnership reminds us that everyone has the power to make a difference. We’re proud to work alongside Mattel to inspire audiences to join us in supporting communities in times of crisis.” “Matchbox The Movie” is an action-comedy adventure inspired by the iconic Matchbox brand. The film follows a group of childhood friends whose reunion takes an unexpected turn when Sean (John Cena), now an undercover CIA agent, returns home and pulls them into a high-stakes international mission. Watch the “Matchbox” American Red Cross PSA below. Jackie Chan, Anil Kapoor Films Among 335 National Winners at Asian Academy Creative Awards Loading comments...",0,2026-10-08 16:18:30
29,https://variety.com/2026/film/reviews/matchbox-the-movie-review-john-cena-1236899979/,‘Matchbox: The Movie’ Review: John Cena Can’t Make This Toy-Car Spinoff Feel Grownup,Variety,2026-10-08T16:00:00,7526,"Oct 8, 2026 9:00am PT ‘Matchbox: The Movie’ Review: John Cena Can’t Make This Toy-Car Spinoff Feel Grownup Jessica Biel co-stars in director Sam Hargrave's action movie based on the Mattel toys, which throws up some good action setpieces but doesn't imbue the brand with much meaning. By Guy Lodge Plus Icon Guy Lodge Film Critic @guylodge Latest ‘Krux’ Review: A Potently Bleak Portrait of German Village Life at the Bitter End of WWII 21 hours ago ‘The Social Reckoning’ Review: Aaron Sorkin’s ‘Social Network’ Follow-Up Is Missing More Than Just David Fincher 1 day ago ‘April X’ Review: Connor Storrie Bides His Time in a Generic Sci-Fi Clone 5 days ago See All Apple TV As audiences have seen with films like “Barbie,” intellectual property yields the best results when it’s mined with some intellect. “ Matchbox: The Movie ” feels more like a stopgap between “Fast and the Furious” installments — and not necessarily the good ones — than a deeply authentic adaptation of Mattel’s 73-year-old toy brand. John Cena , an alumnus of both “Barbie” and the last two “Fast and Furious” entries, serves as the glue between brand identity and blockbuster potential as a spy who enlists his car-obsessed middle-school friends to help clear his name, while director Sam Hargrave (stunt coordinator and “Extraction” film series helmer) stages setpiece after setpiece around a script that unfolds with algorithmic precision. Related Stories ‘Marshals’ Star Luke Grimes Says He Hasn’t Spoken to 'Yellowstone' Co-Star Kevin Costner ‘Since We Stopped Working Together’ Cena plays Sean Walker, de facto leader of the Matchbox Gang, a group of kids who grew up in the late ‘90s playing with the expansive toy car collection curated by small-town mechanic Smalley (Bill Camp) for his niece Aimee ( Jessica Biel ). When Smalley dies almost three decades later, Sean returns home for the funeral, reconnecting him with Aimee and the others: Ted (Arturo Castro), now a high school science teacher; Charmaine (Teyonnah Paris), a helicopter pilot hoping to become a news reporter; and Crosby (Sam Richardson), a construction foreman and Charmaine’s husband. Their reunion is cut short when the group gets drugged and kidnapped by Agent Mosier (Corey Stoll), an aspiring CIA director who blames Sean for losing — or stealing — a nuclear warhead that was to be delivered to one of the agency’s allies. Popular on Variety Armed with a certain set of skills, Sean extricates his chums from Mosier’s intended rendition site and promises to repair their reputations from smear campaigns planted in the media by the CIA. For some insider support, he reaches out to Helen (Danai Gurira), his liaison during the initial operation to apprehend the warhead, but quickly realizes that his old friends may be the only allies he has, even if they’re pretty angry that his covert activities have landed them in trouble. Though they’re woefully underqualified as spies, the gang insists on joining Sean to do the only thing that will clear their names — namely, to locate and recover an active bomb before someone plunges the world into nuclear war. It feels like a bit of a tell about the cultural relevance of Matchbox that the film has kids, even in 1998, gathering not around their own collection of toy cars but one assembled by a Boomer relative. Yet the screenplay by David Coggeshall (“The Family Plan”) offers a dutiful reminder that the first die-cast collectibles were designed as a gift from parent to child, ensuring audiences learn the brand’s narrative as a source of generational bonding, along with the noisy story being told on screen. But like the lesser “Fast and Furious” films, “Matchbox: The Movie” can’t quite decide if it wants to be a car movie or fighting movie, and in aiming to split the difference, Coggeshall mostly tackles the film’s emotional themes with a heavy air of obligation rather than dedicated interest. Meanwhile, it’s hard to know what the statute of limitations is on certain familiar action-movie gags — in this case, a guy supposedly driving off a precipice, only to walk up behind his friends peering over the edge in horror — but several bits here feel cribbed from the genre’s greatest hits, going back as far as “Indiana Jones and the Last Crusade.” Cena is a likable presence on screen but he’s in danger of overexposure; though not all of them are full-fledged star vehicles like this one, “Matchbox” is his 19th film in the last five years. That said, he carries a lot of the lovestruck middle-school demeanor that Graham Harvey sets up as young Sean, even when he’s knocking skulls together and throwing bodies out of airplanes. It’s probably the film’s most successful characterization that this childhood bully fighter grows up to be a do-gooder as an adult. In her first film role in almost a decade, Biel is less convincing as a hot-rod nut than as a daredevil driver, but she makes the viewer understand why Sean spent 30 years pining for Aimee. Underappreciated Iranian actress Golshifteh Farahani (“Paterson”) is a welcome presence as sexually fluid arms dealer Robbie, briefly elevating the film to something more edgy. In the meantime, Richardson and Parris are more convincing as best friends than they are as a married couple, but they and Castro supply a steady stream of humorous, civilian incredulity as Sean demonstrates his violent proficiency as a spy. Hargrave has the pedigree and then some to mount the film’s muscular action sequences, many of which seem more practical than one might expect (including that aforementioned drive off of a precipice). But he seems to understand energy and momentum more than emotion: There is little acknowledgement of what’s happening in each sequence, or what’s more deeply at stake. Consequently, the action is more exhausting than invigorating, even when the physical challenge offers the possibility of something cool or inventive. Arriving just a few weeks after the release of Apple’s “Mayday” further diminishes the film’s impact; in that film, John Francis Daley and Jonathan Goldstein tackle a lot of similar setpieces with a better balance of images, action and emotion. But the bigger problem may be that Matchbox is simply not as meaningful a property as Barbie, Masters of the Universe, or any of the dozen or so productions Mattel currently has in various stages of development. Trying to rally a bunch of teenagers around their mentor’s antique car collection as some kind of safe haven from the realities of adulthood is an ambitious idea, but the five kids at the beginning of this film are already way too old to be playing with these toys. Though it’s not without occasional charm, “Matchbox: The Movie” just does not feel like a film for adults, no matter how big or flashy it gets. ‘Matchbox: The Movie’ Review: John Cena Can’t Make This Toy-Car Spinoff Feel Grownup Reviewed online, Oct. 5, 2026. MPA Rating: PG-13. Running time: 126 MIN. Production: (U.S.) An Apple TV release of an Apple Studios, Skydance Media, Mattel Studios production. Producers: David Ellison, Dana Goldberg, Don Granger, Robbie Brenner. Crew: Director: Sam Hargrave. Screenplay: David Coggeshall, based on the Matchbox toy brand by Mattel. Camera: Pedro Luque. Editor: Dirk Westervelt. Music: Alex Belcher. With: John Cena, Jessica Biel, Sam Richardson, Arturo Castro, Teyonah Parris, Corey Stoll, Bill Camp, Danai Gurira, Golshifteh Farahani. Jackie Chan, Anil Kapoor Films Among 335 National Winners at Asian Academy Creative Awards Loading comments...",0,2026-10-08 16:18:29
3,https://deadline.com/2026/10/elizabeth-banks-karen-read-series-ordered-prime-video-1237149876/,Elizabeth Banks-Led Karen Read Series Ordered At Prime Video,Deadline,2026-10-08T16:00:00,3735,"Skip to main content By Rosy Cordero Rosy Cordero Associate Editor, TV @SocialRosy More Stories By Rosy How ‘Chicago Fire’ Star Dermot Mulroney Exits Series Hulu Legal Drama ‘Conviction’ Casts Michael Gaston, F. Murray Abraham & Peter Friedman Apple TV’s ‘Beat The Reaper’ Casts Paul Schulze & Tony Macht View All October 8, 2026 9:00am Add us as a Google Preferred Source Karen Read / Elizabeth Banks Getty Images Prime Video has ordered a new series about Karen Read , starring and executive produced by Elizabeth Banks ( Cocaine Bear, Pitch Perfect ). The as-yet-untitled project is inspired by the Law&Crime and Audible Original podcast Karen, about the woman who was at the center of a high-profile murder case that accused Read of killing her boyfriend, Boston police officer John O’Keefe, on a snowy night in 2002. Following a highly watched and discussed trial, Read was acquitted of second-degree murder and manslaughter, but was found guilty of other charges. Deadline exclusively announced the project was in development back in August . Related Stories News Bryan Fuller & Don Mancini Make Surprise Cameo In 'Carrie' Prom Scene News 'Carrie's Matthew Lillard & Amber Midthunder On How The ""Catastrophic"" Finale Deviates From The Book: ""It's Part Of The Tragedy"" The drama series will be written, showrun, and executive produced by Justin Noble ( The Sex Lives of College Girls , Brooklyn Nine-Nine ) and hails from Warner Bros. Television, Brownstone Productions, David E. Kelley Productions, Audible, and Law&Crime. Watch on Deadline Based on a true story, the series tells the story of a Boston police officer who is found dead in the snow during a blizzard; all eyes are on his girlfriend, Karen Read. But when she and her legal team claim she’s not only innocent, but that she’s the victim of a conspiracy protecting the real assailants, the story spreads like wildfire, dividing a community in ways they’ve never seen. As endless suspicion mounts in multiple directions, this genre-bending true crime series explores society’s explosive obsession with true crime. “I grew up in Massachusetts, and like so many people there, we watched this case divide families, friends, and entire towns,” said Banks. “We have spent years with this material because the questions it raises go far beyond one courtroom: why we choose the stories we believe, and what happens when trust in our institutions breaks down. Justin has written a series that respects and treats with care the complexity of what happened and the public reaction to it,” she added. Adding, Noble said, “This case has more twists and turns than any story I’ve ever consumed, real or fictional. “It makes M. Night Shyamalan look like Nora Ephron. But the reason this story resonates and must be told is because of the profound takeaways it leaves us with: about a deeply imperfect justice system that urgently needs change, about the mistreatment of women by those who weaponize and abuse their power, and about a victim who deserves to be remembered.” In addition to Banks and Noble, the project is executive produced by Max Handelman, as well as Krissy Wall via Brownstone Productions; David E. Kelley and Matthew Tinker via David E. Kelley Productions ( Presumed Innocent, Big Little Lies ); Aaron Hart, Marshall Lewy, Jeni Mulein and Jen Sargent via Audible ( Dying For Sex, Dr. Death ); and Rachel Stockman and Dan Abrams via Law&Crime. ‘Baywatch’, ‘Shaka iLembe’ & ‘Maya’ In Deadline Dozen; ‘Heated Rivalry’s Crave Brad Bird On The Long Journey To Bring ‘Ray Gunn’ To Cinemas Maggie Gyllenhaal, Michelle Yeoh, Alfonso & Jonás Cuarón On Cinema’s Future Skydance Film Bosses & WB To-Do List: Pics That Are Ready, In Works Or On Fire Read More About: Comments",0,2026-10-08 16:17:59
33,https://variety.com/2026/music/news/clive-davis-grammy-gala-february-2027-1236905652/,"Clive Davis Pre-Grammy Gala Set for February 2027, a Tribute to the ‘Life and Legacy’ of Legendary Music Executive",Variety,2026-10-08T15:59:00,2791,"Oct 8, 2026 8:59am PT Clive Davis Pre-Grammy Gala Set for February 2027, a Tribute to the ‘Life and Legacy’ of Legendary Music Executive By Jem Aswad Plus Icon Jem Aswad Executive Editor, Music jemaswad Latest Will Geese Rock the Grammy Nominations? Here’s Why They Should … 1 hour ago Turnstile to Play Free Show at Washington Monument in Support of Humanitarian Efforts in Palestine, Sudan and Lebanon 2 hours ago Joan Jett and the Blackhearts Announce ‘I Love Rock ‘N Roll’ Anniversary Edition, Including Previously Unreleased ‘Shadow Album’ 1 day ago See All FADIL BERISHA The Clive Davis and Recording Academy’s Pre-Grammy Gala will take place on Saturday, Feb. 6, 2027, at its longtime home of the Beverly Hilton, as always, the evening before the Grammy Awards. However, for the first time, the man himself will not physically be there, as Davis passed away on June 22 at the age of 94. But he’ll definitely be there in every other way. According to the announcement, the show is “expected to feature spectacular performances from major artists while honoring the life and legacy of the late Clive Davis, the four-time Grammy winner created the Pre-Grammy Gala in 1976 and partnered with the Recording Academy in 2009 to present the star-studded event.” Related Stories ‘Marshals’ Star Luke Grimes Says He Hasn’t Spoken to 'Yellowstone' Co-Star Kevin Costner ‘Since We Stopped Working Together’ Variety wrote of “the Clive party” in 2024: “It is truly fete like no other, a place where you can see Bey and Jay at one table and Barbra Streisand and Nancy Pelosi at the next, where you’re seeing completely unique performances by some of the biggest stars in the world: Highlights we’ve witnessed over the years include seeing Brandi Carlile sing ‘A Case of You’ to Joni Mitchell, Beck performing ‘The Man Who Sold the World’ with the surviving members of Nirvana, and Lionel Richie blowing the roof off the Beverly Hilton with a double shot of ‘All Night Long’ and ‘Dancing on the Ceiling.’” Popular on Variety Additional details will be released in the coming months. “Clive built this gala into something the entire music community looked forward to for five decades. He never did it for applause or recognition. He did it because he loved this community, believed in the power of music, and understood what it meant to bring us all together to celebrate it,” said Harvey Mason jr., Grammys ® CEO. “I was lucky to call Clive a friend and mentor, and working with him taught me so much. That’s exactly the spirit he brought to the PreGrammy Gala and I know he’d want nothing more than for the show to go on this year. It’s our honor to celebrate the legacy he left behind.” Jackie Chan, Anil Kapoor Films Among 335 National Winners at Asian Academy Creative Awards Loading comments...",0,2026-10-08 16:18:33
43,https://www.hollywoodreporter.com/lifestyle/shopping/serena-williams-mattel-barbie-doll-photos-price-buy-online-1236724544/,Serena Williams Says Her New Barbie Doll Proves a Girl Can ‘Become Anything She Chooses’,Hollywood Reporter,2026-10-08T15:56:45,3788,"× Skip to main content By Tim Chan Plus Icon Tim Chan @mrtimchan Follow Sign Up View All October 8, 2026 8:56am Mattel If you purchase an independently reviewed product or service through a link on our website, The Hollywood Reporter may receive an affiliate commission. A GOAT just got a Barbie doll. Twenty-three-time Grand Slam singles champion Serena Williams is the latest athlete to be honored with a doll from Mattel, with the “Barbie Signature Serena Williams Doll” arriving at retailers today. The official Barbie doll is inspired by Williams’ championship victory at the 2005 Australian Open, where she claimed her seventh Grand Slam singles title after returning from knee surgery. Mattel NEW RELEASE Barbie Signature Serena Williams Doll Buy Now AT TARGET $45 Buy Now On Amazon $45 Buy Now AT WALMART $45 The doll pays homage to Williams’ look on the court, with a green and white cutout top with mesh detailing, white skirt and white headband. The doll also sports high socks and white tennis sneakers, along with dangling silver earrings. Her outfit is complete with a tennis ball and a tennis racket from Wilson, Williams’ long time equipment partner. Williams says seeing her Barbie doll for the first time was “so meaningful,” adding that she hopes young girls will see it as an example to go after what they want — and who they want to be. Related Stories General News Sam McDowell, Former All-Star Pitcher Who Inspired 'Cheers' Character, Dies at 84 'Dancing' Diaries Olympian Amber Glenn on Balancing 'Dancing With the Stars' and Ice Skating “Growing up, I didn’t see many girls who looked like me being told there was no limit to who they could become,” Williams says in a release. “I want every girl who plays with this doll to see possibility, not just in me, but in herself. She can dream big, work hard, change direction, break barriers and become anything she chooses.” Timed to International Day of the Girl , Mattel says Williams’ Barbie doll celebrates the athlete’s “influence across sports , business, fashion and culture as she continues to break barriers and inspire the next generation.” “Barbie has always inspired girls to believe they can be anything, from the sports stadium to the fashion runway to the boardroom,” says Nathan Baynard, Vice President and Head of Barbie, Mattel. “Serena Williams embodies that message through her extraordinary achievements as an athlete, entrepreneur and advocate for equality. By honoring her with a Barbie Signature doll, we’re celebrating a barrier-breaking icon whose legacy empowers fans everywhere to dream big and embrace their own potential.” As part of the release, Mattel says its Barbie Dream Gap Project will make a donation to Mrs. Rina’s House of Blessings, on Williams’ suggestion. The organization funds programming focused on education for struggling kids and families in Martin County, Florida, not far from the athlete’s home in Jupiter. After announcing her retirement from tennis in 2022, Williams returned to the courts in June for a much-publicized comeback. The tennis legend received wild card entries to play at Wimbledon in July and at the U.S. Open in September, but has not announced further plans to continue, as of this writing. Walmart ALSO AVAILABLE Venus Williams Fashion Barbie Doll $23.62 Buy Now AT WALMART The Serena Williams Barbie doll comes on the heels of a Venus Williams Barbie that was released last August. Part of the “Barbie Inspiring Women Series,” this doll is inspired by the tennis star’s outfit for the 2007 Wimbledon final, where Williams defeated Marion Bartoli in straight sets to claim her fourth title at the All England Club. Mattel also honored another fierce female this year, with the release of the first-ever Whitney Houston Barbie doll in August. THR",0,2026-10-08 16:18:44
34,https://variety.com/feature/2027-oscars-best-cinematography-predictions-1236878515/,"Oscar Predictions: Best Cinematography — Where Fantasy, Mythology, Epics and Horror Collide",Variety,2026-10-08T15:45:00,2805,"Universal Variety Awards Circuit section is the home for all awards news and related content throughout the year, featuring the following: the official predictions for the upcoming Oscars , Emmys , Grammys and Tony Awards ceremonies, curated by Variety chief awards editor Clayton Davis. The prediction pages reflect the current standings in the race and do not reflect personal preferences for any individual contender. As other formal (and informal) polls suggest, competitions are fluid and subject to change in response to buzz and events. Predictions are updated every Thursday. Explore Awards Circuit Predictions Pages Oscars | Emmys | Grammys | Tonys DUNE, Rebecca Ferguson, 2021. © Warner Bros. / courtesy Everett Collection ©Warner Bros/Courtesy Everett C Best Cinematography Predictions Commentary (Updated: Oct. 8, 2026): After a historic win for Autumn Durald Arkapaw, who became the first woman to win best cinematography for her work on “Sinners,” the category appears to have no female contender this time around — at least among the leading candidates from the major studios. Popular on Variety The early frontrunner is Hoyte van Hoytema, who won for his work with Christopher Nolan on “Oppenheimer” (2024) and has reunited with the director for the billion-dollar sensation “ The Odyssey .” His biggest challenger could be Linus Sandgren, who takes over cinematography duties from Greig Fraser on Denis Villeneuve’s final installment of “Dune.” Fraser, however, remains in the race with another major contender: the space opera “Project Hail Mary.” The field also includes plenty of familiar names, including three-time winner Emmanuel Lubezki, who could overcome the poor reviews for “Digger” to land another nomination. Other contenders include Łukasz Żal for the monochromatic international drama “Fatherland” and Dion Beebe, whose work helped bring the elaborate musical sequences in “Michael” to life. The list of predictions in all categories can be found here . The Governors Awards, which will hand out honorary Oscars to Glenn Close and Ridley Scott, will take place Sunday, Nov. 15. Preliminary voting for the Oscars shortlist in 12 categories runs Dec. 7-11, with the shortlist announcement to follow Tuesday, Dec. 15. Following the close of the eligibility period on Dec. 31, 2026, nominations voting will run Jan. 11-15, 2027. The official Oscar nominations will be announced on Thursday, Jan. 21, 2027. The 99th Oscars will take place on Sunday, March 14, 2027, and will be hosted by Conan O’Brien. The ceremony airs live at 7 p.m. ET on ABC and in more than 200 territories worldwide from the Dolby Theatre at Ovation Hollywood. See all Academy Awards predictions Variety Awards Circuit: Oscars Sandra Huller in “Fatherland” Courtesy of Agata Grzybowska Loading comments...",0,2026-10-08 16:18:34
44,https://www.hollywoodreporter.com/movies/movie-news/andrew-scott-heated-rivalry-queer-joy-aids-stigma-1236725304/,"Andrew Scott Welcomes ‘Heated Rivalry,’ But Feels “Troubled” by Those Who “Don’t Want to See” Painful Queer History",Hollywood Reporter,2026-10-08T15:42:13,7120,"× Skip to main content By Lily Ford Plus Icon Lily Ford @lilyfordtweets Follow Sign Up View All October 8, 2026 8:42am Andrew Scott at BFI London Film Festival Courtesy of Getty Hot on the heels of the European premiere of Elsinore , lead actor — and definitive awards frontrunner — Andrew Scott sat down for a career-spanning conversation at London’s BFI Southbank Thursday afternoon. Scott’s tearjerker opened the 70th BFI London Film Festival Wednesday night , as the Irishman was joined by co-stars Olivia Colman, Billie Piper, Johnny Flynn, Luke Thompson and Joe Locke on the red carpet. He was emotional on stage following the feature’s screening and brought out the real-life people who inspired particular Elsinore characters, including Colman’s Professor Margaret Johnson, a pioneer of HIV/AIDS treatment in the late ’80s, as well as the National Theatre’s stage door keeper of 46 years Linda Tolhurst, and Ian Charleson’s sister, Lizzie. Related Stories Movies Oscars: Rwanda Picks 'Ben'Imana' as Its First-Ever Best Int'l Feature Submission Movies Nathan Fielder's Elizabeth Holmes Doc Sets U.K. Release Date Simon Stone’s Elsinore , from Pride ‘s Stephen Beresford, follows the late Ian Charleson’s final weeks before his death from AIDS playing Hamlet at London’s National Theatre in 1989. The gala at this year’s London Film Fest was especially poignant for audiences, with the Royal Festival Hall just a stone’s throw from the NT. Scott covered all bases in Thursday’s Screen Talk session, from playing James Moriarty in the BBC’s contemporary Sherlock revival to solidifying himself as an undeniably magnetic lead presence with his role as the Hot Priest in Phoebe Waller-Bridge’s Fleabag . His recent credits include All of Us Strangers (2023), Blue Moon (2025), Wake Up Dead Man (2025) and Pressure (2026), some of which he also spoke about in depth. One of the session’s most memorable moments was when Scott, who is openly gay, was probed on the discourse that queer joy is dominating cinematic storytelling. He said: “I welcome things like Heartstopper and Heated Rivalry and Red, White, and Royal Blue and all those things that are joyful. I really, really, really do. And I think the fact that there’s lots of different types of gay drama, so to speak, on film [and] television is extraordinary.” He continued about those who lament the return to “sad gays” with a project like Elsinore : “It troubles me a little bit because I think people perhaps don’t want to go back to a time when you’re talking about the AIDS crisis, or you’re talking about [a time] when it was incredibly difficult for gay people. I think that sometimes comes from a place of shame. You go, ‘I don’t want to go back there. I don’t want to see that anymore.’ There’s something a little troubling about that for me, to say: ‘I don’t want to go and see something that was a difficult time.’ Because the shame does not lie with the gay people. The shame lies with the governments who ignored the AIDS crisis and the stigma that was around people and the innate prejudice that was in society. That’s someone else’s shame,” said the actor defiantly as the room applauded. Scott was beaming about Wednesday night’s premiere and described it as a “very, very, very special evening.” It is a surprisingly personal project for Scott, who is also a producer on Elsinore . He famously played Hamlet for 150 shows at London’s Almeida Theatre in 2017, and found the process grueling. “Everybody knows this, but [ Hamlet ] is three hours and 45 minutes long. We do it twice on a Wednesday and twice on a Saturday. I’ve played the part myself,” he said. “It absolutely knocks the stuffing out of you.” He continued about the “Olympian” achievement of Charleson’s: “The idea that he did that when he had no immune system is so genuinely… the physical and psychological toll that must have taken on him. But in another way, it enlivened him, and I could sort of understand that.” Scott said one particular element he found so awful was Charleson’s swollen face from septicaemia, a common problem with AIDS patients. “I think he was concerned that people would be like, ‘Oh my god!’ because he was not recognizable necessarily at some stages, and that’s really heartbreaking and almost humiliating. I can imagine that he thinks this is going to be a humiliating experience to come out and have everybody facing the same direction — at you. The bravery of that, at a time when having that particular disease felt like there was some sort of blame attached to it,” said Scott. Naturally, when discussing the likes of Sherlock , Fleabag and All of Us Strangers , he gushed over his co-creatives Benedict Cumberbatch, Phoebe Waller-Bridge and Paul Mescal. He felt the same working with Colman: “Not just Olivia, but seeing all those people, Phoebe and Paul and Benedict… Actors are the loves of my life in some way,” said Scott. “I love actors… They’re fun and brilliant people. If you are feeling awful when you go on stage, the actors are always there. But Ian Charleson, I know without a doubt that when he told them about [his AIDS diagnosis], the outpouring of support from the theater community, when there wasn’t a lot of support for anybody, was extraordinary. And I’m proud of that. The film sort of addresses that.” He’s still admittedly in disbelief over how huge Sherlock was, and how it changed his career. “I’d been in lots of things before — film, theater, everything, but that was just seen across the world. It was in 230 countries across the world. It was an instantaneous hit with the public, and also the critics seemed to like it. So it certainly change things for sure.” Scott reflected on being torn between pursuing painting or acting as a 17-year-old, and confessed to feeling like his late mother was the most influential creative presence he’s ever had. “Audiences are very discerning, and she was just an example of somebody who loved the theater, loved films, and loved everything about it, but lived a sort of so-called small life. But [she] had a giant effect on somebody who did go into the arts — her son, and my sister is in the arts too — so I guess that local theater groups and art galleries and book clubs and all that stuff matters so much because it’s inspiring and the world might get bigger, but the passion is exactly the same.” Again, the room rewarded the actor’s rallying cry with ardent applause. Understandably, Scott was also asked about his producing aspirations — he loved the experience and plans to do it again — and his “processes” as an actor. He doesn’t consider himself a method actor, but is able to draw on his “sensitivities” and enjoys diving into a character without knowing too much. “What’s so extraordinary about Fleabag and the Priest and the Godmother and all those characters,” he explained, “[is] they don’t even have a name. We don’t know anything about them. We don’t know their backstory. I think sometimes backstory is overpraised, and sometimes I like, depending on the project, to know as much as the audience does.” The B70th FI London Film Festival runs Oct. 7-18. THR",0,2026-10-08 16:18:45
35,https://variety.com/2026/film/global/naza-producer-james-wilson-on-israeli-backlash-to-gaza-doc-1236905595/,"‘NAZA’ Producer James Wilson Says Israeli Government Response to Gaza Doc Has Been ‘Horrible and Scary,’ but Directors are ‘Safe and OK’",Variety,2026-10-08T15:39:08,2792,"Oct 8, 2026 8:39am PT ‘NAZA’ Producer James Wilson Says Israeli Government Response to Gaza Doc Has Been ‘Horrible and Scary,’ but Directors are ‘Safe and OK’ By Alex Ritman Plus Icon Alex Ritman @alexritman Latest ‘Miraculous: Tales of Ladybug & Cat Noir’ Getting Live-Action Series Adaptation From ‘Slow Horses’ Banner See-Saw Films and Miraculous Corp (EXCLUSIVE) 41 minutes ago ‘Elsinore’ Star Andrew Scott on Why Movies Should Still Tackle the AIDS Crisis: ‘The Shame Lies With the Governments Who Ignored’ It 1 hour ago London Film Festival Hails the ‘Great Andrew Scott’ as ‘Elsinore’ Opens 70th Edition With Tears, Cheers and ‘The Ethel Merman Disco Album’ 19 hours ago See All Courtesy MK2 Since it premiered in Venice, where it earned a record-breaking near-25-minute stand ovation, “ NAZA ” has emerged one of the most talked-about documentaries of the year. The bombshell film, from Israeli “No Other Land” directors Yuval Abraham and Rachel Szor, exposes what it asserts is Israel’s deliberate targeting of civilian targets in Gaza, using numerous sources from the Israeli Defense Force. But alongside the overwhelming acclaim for “NAZA” from the festival, praise that has only grown as it now begins it theatrical rollout worldwide, the film also provoked a near instant backlash from within Israel, particularly from members of the Israeli government. Related Stories ‘Marshals’ Star Luke Grimes Says He Hasn’t Spoken to 'Yellowstone' Co-Star Kevin Costner ‘Since We Stopped Working Together’ James Wilson , who produced “Naza,” addressed the doc and the reaction to it at the BFI London Film Festival , describing it as the “hysterical, vituperative, aggressive backlash from members of the Israeli government and Israeli politicians.” Popular on Variety Much of the aggression has been levelled at the directors, including threats from Israel to revoke their citizenship. “To have made a film, a documentary film and be threatened by the political elites of your home country, with charges of treason and defamation… it been very difficult and stressful and horrible and scary for them.” said Wilson, who also references the “rabble rousing” that had incited others to make threats. But the directors, “are safe and they are ok.” Wilson also said that the backlash from within Israel was, in fact, “part of the film,” citing article in the Jewish American magazine Forward. “There’s a meta aspect to that reaction to the film that the film embodies.” But, he noted, the “majority reaction to the film has been, from my point of view, extremely positive, and I’m personally very pleased at that. The critical reaction to the film has been extraordinarily positive.” Jackie Chan, Anil Kapoor Films Among 335 National Winners at Asian Academy Creative Awards Loading comments...",0,2026-10-08 16:18:36
36,https://variety.com/2026/film/global/elsinore-producer-andrea-occhipinti-aids-friends-1236905428/,‘Elsinore’ Producer Andrea Occhipinti on Bringing Ian Charleson’s Story to the Screen and His Personal Connection to the AIDS Crisis: ‘I Lost a Lot of Friends’,Variety,2026-10-08T15:38:54,6220,"Oct 8, 2026 8:38am PT ‘Elsinore’ Producer Andrea Occhipinti on Bringing Ian Charleson’s Story to the Screen and His Personal Connection to the AIDS Crisis: ‘I Lost a Lot of Friends’ By Nick Vivarelli Plus Icon Nick Vivarelli International Correspondent @NickVivarelli Latest ‘Elsinore’ Producer Andrea Occhipinti on Bringing Ian Charleson’s Story to the Screen and His Personal Connection to the AIDS Crisis: ‘I Lost a Lot of Friends’ 32 minutes ago ‘The Monster of Florence’ Director Stefano Sollima on ‘Completely Different’ Second Chapter of Netflix’s Hit Serial Killer Series: ‘A Very Complex Story to Tell’ (EXCLUSIVE) 4 hours ago Louis Garrel to Play Fiat Heir John Elkann in Marco Bellocchio’s ‘Falcon’; RAI Cinema International Boards for Sales 7 hours ago See All 2026 Getty Images For Italian producer and distributor Andrea Occhipinti , shepherding “ Elsinore ” to the big screen carries a significance that transcends being lead producer of the buzzy movie that last night opened the London Film Festival to a standing ovation, with few dry eyes in the Royal Festival Hall, after making a major splash in Telluride and Toronto. This moving but also very funny film about Scottish “Chariots of Fire” actor Ian Charleson who gave a triumphant final performance as Hamlet at London’s National Theatre in late 1989, shortly before dying of AIDS at the age of 40, germinated from an encounter in Rome between Occhipinti and Charleson in 1987. Related Stories ‘Marshals’ Star Luke Grimes Says He Hasn’t Spoken to 'Yellowstone' Co-Star Kevin Costner ‘Since We Stopped Working Together’ That year Occhipinti, a former actor, co-founded his Lucky Red shingle with American business partner Kermit Smith, “who at the time was HIV positive,” he says. Smith passed away in 2001. “It was a time when AIDS was devastating. I lost a lot of friends,” he says. “That’s why this story is so important to me,” Occhipinti points out. Popular on Variety On the day after “Elsinore’s” triumph in the city where the film is set, Occhipinti spoke to Variety about its long journey. How did Elsinore originate from a production standpoint? I met Ian Charleson in Spain in 1984 on the set of the mini-series “The Sun Also Rises” in which I played a small part as a bullfighter. It was summer and we were a group of actors: Leonard Nimoy, Jane Seymour, Robert Carradine and Ian were the leads. Ian was the finest of the group, the most wicked. Then I saw him again, three years later, in Rome. He was shooting Dario Argento’s “Opera.” He was completely different. He was depressed. And probably at the time, though he didn’t tell me, he was already HIV positive. I remember Ian told me, “my life is a mess.” He was not happy, and he introduced me in Rome to his friend Ethan Silverman. So then Ian dies, and Silverman came to Rome because he was preparing a film with Barry Levinson, and he said to me: “It’s so sad about Ian. Do you know what happened the last months of his life?” And he told me the story. He told me that Ian wanted very badly to play Hamlet, and that when he was called to play Hamlet, he was sick. He had AIDS, but he really wanted to do it, and so on. So I said: “Ethan, there is a film here.” Then what? I had emailed Ethan saying: “I cannot forget that story about Ian wanting to play Hamlet. We should do a film.” That was 2005. Fifteen years later, Ethan came to me and said: “Listen, let’s do this film. I convinced him that we should find an English screenwriter. He accepted. So I went to Cameron McCracken at Pathé UK, with whom I had done many Stephen Frears movies [as a distributor]. He loved the story, and liked the fact that we had thought of Andrew Scott [to play the lead] because Scott looked like Ian, and he’s Irish while Ian was Scottish. They are both theatre actors and movie actors. Andrew had done Hamlet, so he was perfect. McCracken suggested we meet Stephen Beresford as a writer because he wrote “Pride,” in which Andrew had starred. So we did. This film has been a real adventure, because at first it was supposed to be shot in Italy and in London. Then Cameron McCracken decided to retire, so the project reverted to us [Lucky Red]. Two years later, I brought on board Gabrielle Tana with whom I was doing Anton Corbijn’s “A Talent for Murder.” How did you finance “Elsinore” When Gabrielle and Pete Shilaimon joined, with the screenplay and Andrew Scott’s attachment already in place, she suggested Simon Stone as director. I pitched the project to Studiocanal’s CEO Anna Marsh and to Ron Halpern, the company’s EVP of global production, and they were interested and decided to finance the film. At the same time I was already in talks with Studiocanal who, as you know, bought 51% of Lucky Red. What are the next steps? Elsinore will be playing at the Rome Film Festival next week and then lots of other festivals. Focus Features is opening the film in the U.S. on Nov. 20 and we will be doing a lot of screenings for Ampas and Golden Globes voters. Word of mouth is already very good. People are very aware of this film. Most of the releases in other countries will be in January. Besides the significance of the AIDS theme, what are other aspects that make this movie so important for you? As an Italian producer to make such a quintessentially British film, is unbelievable. And to be able to finance it through Studiocanal is really crucial and stands as testimony to the fact that joining forces with them has been a good move in terms of obtaining the financial muscle to make quality indie films, which are a dying breed. Getting this movie made is really about teamwork. The film is also thematically very much about this. It’s about community. It’s about this theatre community protecting Ian’s character, you know, with his difficulty of being sick with AIDS. There is this great line in the film that says, “I’d rather die of Hamlet than AIDS.” That was the spirit. This interview has been edited and condensed for clarity. Andrew Scott attends the “Elsinore” 2026 Opening Gala during the London Film Festival at The Royal Festival Hall. Getty Images for BFI Jackie Chan, Anil Kapoor Films Among 335 National Winners at Asian Academy Creative Awards Loading comments...",0,2026-10-08 16:18:37
37,https://variety.com/2026/film/festivals/sofia-coppola-making-marie-antoinette-tribute-late-mother-1236905373/,"Sofia Coppola on Releasing ‘Making Marie Antoinette’ as a Tribute to Late Mother Eleanor, Even Though She Finds Younger Self ‘Embarrassing’: ‘It’s a Gift’ to See ‘Through My Mom’s Eyes’",Variety,2026-10-08T15:38:27,4575,"Oct 8, 2026 8:38am PT Sofia Coppola on Releasing ‘Making Marie Antoinette’ as a Tribute to Late Mother Eleanor, Even Though She Finds Younger Self ‘Embarrassing’: ‘It’s a Gift’ to See ‘Through My Mom’s Eyes’ By Ellise Shafer Plus Icon Ellise Shafer Latest Sofia Coppola on Releasing ‘Making Marie Antoinette’ as a Tribute to Late Mother Eleanor, Even Though She Finds Younger Self ‘Embarrassing’: ‘It’s a Gift’ to See ‘Through My Mom’s Eyes’ 32 minutes ago Oscars: Rwanda Selects ‘Ben’Imana’ as First-Ever Entry to International Feature Race 2 hours ago ‘Rent,’ Reborn: How Star Gaten Matarazzo, Director Luke Sheppard and a Perfectly Cast West End Ensemble Are Giving the Musical Its Biggest Revival Yet 3 hours ago See All Getty Images for BFI In “Making Marie Antoinette,” Sofia Coppola finds herself in front of the camera. Directed by her late mother, Eleanor Coppola, the documentary offers a behind-the-scenes look at the making of Sofia’s 2006 historical drama “Marie Antoinette.” Eleanor, who died in 2024, filmed over 80 hours of footage during the making of the movie, which starred Kirsten Dunst as the infamous Queen of France. Related Stories ‘Marshals’ Star Luke Grimes Says He Hasn’t Spoken to 'Yellowstone' Co-Star Kevin Costner ‘Since We Stopped Working Together’ During a screen talk at London Film Festival on Thursday, the “Lost in Translation” and “Priscilla” director opened up about the personal project, which she produced. She and her mother first started talking about turning the footage into a film during the COVID-19 pandemic, but it never materialized. “We were all in a bubble together in our childhood home, and she said, ‘Oh, let’s get out that footage,’ and she wanted to revisit it and I’d never seen it before,” Coppola said. “She was excited about like, ‘Let’s make it into something! Do you think it could be a film? Let’s do something with it.'” Popular on Variety At the end of her life four years later, she said, “I want this film to be finished,” Coppola revealed. “And so I felt like, ‘OK, I have to do it.'” “Marie Antoinette” was only Coppola’s third feature, and her biggest production yet, with a large cast and crew. Plus, she was granted unprecedented access to film in the Palace of Versailles, meaning the pressure was on. She told the London crowd that she remembers dismissing her mom filming on set, and feels slightly embarrassed at all the footage of her being stressed out — but also views it as a gift now that her mother is gone. “I would never like to share such a personal thing because I’m in it and it’s embarrassing to see myself as a younger director — I’m not as comfortable being assertive with my words,” Coppola said. “But I just thought, maybe that’s helpful for young filmmakers to see that there is an evolution. And for people who liked the movie, maybe it’s fun to see what it was like on set.” She added, “It’s also a gift to spend this time seeing myself through my mom’s eyes and then seeing her as a mother, watching me, and now I have two almost grown daughters so I can see it as a mother. So it was a really meaningful project for me to work on.” Reflecting on her time filming “Marie Antoinette” now, Coppola told the audience with a laugh: “It still stresses me out.” “Every day we were just falling behind we just didn’t realize how long it took for costume changes,” she added. “But I’m so touched by how many people helped it all come together. The food was incredible to see every day, all the detail that went into it and the whole art department. So it was always exciting to come to set and see what was there, and to be in Versailles. I couldn’t believe it.” The documentary comes with great timing, as “Marie Antoinette” recently celebrated its 20th anniversary. Polarizing after its Cannes premiere due to its highly stylized, coming-of-age point of view on historical events, the movie has now become a beloved cult classic. With “Making Marie Antoinette” and “Marc by Sofia,” about her friend and fashion designer Marc Jacobs, Coppola has spent most of her time on documentaries recently. Though she didn’t reveal much, she told the London crowd that she’s looking forward to making another narrative feature soon. “I’m excited, after working on two documentary projects, to go back to writing and creating an imaginary world and the challenge of how you create that,” she said. “I’m excited about that, but I’m going to go back to writing and try to figure it out.” Jackie Chan, Anil Kapoor Films Among 335 National Winners at Asian Academy Creative Awards Loading comments...",0,2026-10-08 16:18:38
4,https://deadline.com/2026/10/marcus-d-wiley-signs-caa-1237149924/,CAA Signs Comedian Marcus D. Wiley,Deadline,2026-10-08T15:30:00,2119,"Skip to main content By Matt Grobar Matt Grobar Senior Film Reporter More Stories By Matt CAA Signs Comedian Marcus D. Wiley Skydance Film Bosses Dana Goldberg & Josh Greenstein & The Warner Bros To-Do List: Pics That Are Ready, In The Works Or On Fire SiriusXM Reaffirms Commitment To Comics “At Every Stage Of Their Careers,” Says Raw Comedy Decision Predated Maniscalco’s Arrival View All October 8, 2026 8:30am Add us as a Google Preferred Source Marcus D. Wiley Courtesy of CAA EXCLUSIVE: CAA has signed comedian Marcus D. Wiley for representation in all areas. A Houston, TX native and frequent collaborator of Ali Siddiq, Wiley is a preacher’s son known for his clean, observational comedy centered around marriage, relationships, family, faith and everyday life. The comic has seen significant growth in recent years, elevating from clubs to theaters after releasing a string of independently released stand-up specials with major viewership. In the last two years, Wiley has partnered with exec producer Siddiq on the specials Marriage Is Major Surgery and Rehab . The former has amassed more than six million views on YouTube, with the latter surpassing two million. Wiley’s newest special, Gimme 5 , received more than 500,000 views in its first week on YouTube, premiering on his own channel in September. Wiley continues to tour nationally with his Easy on the Eyes / Easy on the Ears Tour, with dates scheduled through 2027. His first headlining theater shows are set for this fall and early 2027, including a performance at The Town Hall in New York City. Watch on Deadline Prior to his comedy career, Wiley was a professor at Texas Southern University. He continues to be represented by Joe Eshenbaugh of Irreverent Character Management, who’s exec produced his last three specials. ‘Baywatch’, ‘Shaka iLembe’ & ‘Maya’ In Deadline Dozen; ‘Heated Rivalry’s Crave Brad Bird On The Long Journey To Bring ‘Ray Gunn’ To Cinemas Maggie Gyllenhaal, Michelle Yeoh, Alfonso & Jonás Cuarón On Cinema’s Future Skydance Film Bosses & WB To-Do List: Pics That Are Ready, In Works Or On Fire Read More About: Comments",0,2026-10-08 16:18:01
5,https://deadline.com/2026/10/congo-rumba-royale-oscars-fally-ipupa-1237150042/,Oscars: Democratic Republic Of Congo Selects ‘Rumba Royale’ For Best International Feature Film Race; The Fally Ipupa Starrer Is Country’s Second Ever Submission,Deadline,2026-10-08T15:25:29,3053,"Skip to main content By Diana Lodderhose Diana Lodderhose International Features Editor @dianalodderhose More Stories By Diana ‘Fjord’, ‘All Of A Sudden’, ‘Minotaur’ & ‘Coward’ Among Titles Set For 30th Edition Of The American French Film Festival In L.A. Juno Films Takes North American Rights To ‘The Extraordinary Miss Flower’ International Disruptors: Reta Guetg On Building Zurich Film Festival’s “Trendy” Identity & Why New Owners Want To Keep It Small, Nimble & Close To Hollywood View All October 8, 2026 8:25am Add us as a Google Preferred Source 'Rumba Royale' Hamed Mobasser EXCLUSIVE : The Democratic Republic of Congo has selected historical thriller Rumba Royale as its entry for the Best International Feature Film category of the 99th Academy Awards. It’s a historic milestone for Congolese cinema in that the film is the second ever film submitted by the country for the category following its first submission in 1997 with Macadam Tribu . Directed by Yohane Dean Lengol and Hamed Mobasser, Rumba Royale is set in 1959 Leopoldville, the former capital of Belgian Congo (which is now called Kinshasa), in the final months of Belgian colonial rule. It was a time when the pulsating rhythms of rumba set nightlife alight. The story takes place around the Club Rumba Royale, where white Europeans and Congolese citizens rub shoulders, and where the captivating melodies of rumba merge with aspirations and fiery debates of independence. Related Stories News Oscars: Rwanda Makes History As 'Ben'Imana' Becomes First Official Entry; Alexander Set U.S. & UK Release News Oscars: Saudi Arabia Submits 'A Matter Of Life & Death' For Best International Feature Film The story follows photographer Daniel, played by African rumba star Fally Ipupa , as political change, personal ambition and tragedy reshape the world around him. Watch on Deadline Produced and filmed in Kinshasa, the project brought together Congolese actors, technicians, craftspeople, musicians and emerging film professionals in an environment where the local industry continues to develop despite limited infrastructure, production resources and financing opportunities. The project is the brainchild of writers Kevin Dwyer and Mobasser, the latter of whom is a Belgian diplomat based in Washington D.C. who also co-directs the title. “ Rumba Royale demonstrates the extraordinary stories that can emerge when local talent is given the opportunity to create at scale,” said the filmmakers. “This selection is a celebration of Congolese creativity, resilience and ambition. We hope it helps shine a light not only on this film, but on the growing community of filmmakers across the region whose work deserves greater international attention and support.” ‘Baywatch’, ‘Shaka iLembe’ & ‘Maya’ In Deadline Dozen; ‘Heated Rivalry’s Crave Brad Bird On The Long Journey To Bring ‘Ray Gunn’ To Cinemas Maggie Gyllenhaal, Michelle Yeoh, Alfonso & Jonás Cuarón On Cinema’s Future Skydance Film Bosses & WB To-Do List: Pics That Are Ready, In Works Or On Fire Read More About: Comments",0,2026-10-08 16:18:02
45,https://www.hollywoodreporter.com/business/business-news/skydance-woos-wall-street-nyse-opening-bell-1236725367/,On the Floor as Skydance Tries to Win Over Wall Street,Hollywood Reporter,2026-10-08T15:05:03,3791,"× Skip to main content By Alex Weprin Plus Icon Alex Weprin Senior Editor alexweprin Follow Sign Up View All October 8, 2026 8:05am David Ellison, Ynon Kreiz and Skydance senior leaders ring the bell at the New York Stock Exchange. Alex Weprin On Thursday morning the ornate marble lobby of the New York Stock Exchange in lower Manhattan was turned into a museum of Hollywood history. Visitors checking in to the reception desk were greeted by an Oscar statuette, for best picture, presented to Paramount Pictures for Forrest Gump in 1995. Placed next to the Oscar on the reception area? Worn down Nike sneakers and a trucker hat worn by Tom Hanks in the film as he ran across America. It was a real-world collision of highbrow and lowbrow: Worn down grimy sneakers and a gold statue, welcoming invited guests to capitalism’s unofficial capital. Harry Potter , Forrest Gump and Top Gun: Maverick props at the New York Stock Exchange for Skydance . Alex Weprin/THR The mini-museum inside the NYSE (Harry Potter’s robe and glasses! Maverick’s helmet from Tom Gun ! Props from Game of Throne s, Joker , Barbie , The Amazing Race , Landman , Superman , Star Trek and more) were installed for one day only: Skydance was ringing the opening bell. One floor up from the lobby, on the floor of the exchange, Skydance CEO David Ellison, co-CEO Ynon Kreiz and the entire senior leadership team gathered to ring the opening bell. But first, there was the CNBC hit. CNBC’s David Faber hosted Ellison and Kreiz on the floor of the exchange shortly after 9 a.m. Ellison was taking it all in. “The last time we were here was when we launched the hostile on your show, so to come full-circle today, is really quite remarkable,” he told Faber. From the CNBC, it was up to the balcony, where they rang the opening bell at 9:30 a.m. on the dot, stopping afterward for celebratory photos. They then walked down to the floor, where Citadel trader Peter Giacchi walked them through the “first trade.” It’s all a bit of kabuki theater, of course. Skydance is already trading, and the market had opened a few minutes before, but he guided them through a block trade of Skydance stock, as a gold bell was placed in front of Citadel’s booth for Ellison, Kreiz and other executives to ring by hand, as photographers snapped away. Skydance needs Wall Street to buy in. The banks lined up the financing, but the company needs to grow its share price. The ceremony Thursday morning was mostly for the cameras, but as anyone who has rang an opening bell will tell you, it carries with it weight. Ellison and Kreiz need to find $6 billion in synergies, sooner rather than later (Kreiz reiterated Thursday morning that most of those synergies will not come from staff reductions), and they need to grow a business that still has most of its revenue from declining linear TV assets. The executives said that they believe they have multiple pathways to get there. Growing the content output, reducing costs, rebuilding its technology stack, moving faster. That’s all well and good, but the street remains skeptical. Skydance co-CEOs David Ellison and Ynon Kreiz talk to a Citadel trader on the floor of the NYSE. Alex Weprin That’s why Disney, Comcast and Netflix are flat or down. The execution will be the key, and the window to executive is narrowing. Hollywood is synonymous with show business. The studios and networks and streamers and channels are in the business of showing consumers engaging content. For Ellison, Kreiz and the senior team at Skydance the ceremonial part of the job is over. They’ve been talking about their plans, but the telling part is easy. They are in the show business, and now they need to show that it can work. Wall Street is watching. Skydance at the New York Stock Exchange Alex Weprin THR",0,2026-10-08 16:18:47
46,https://www.hollywoodreporter.com/movies/movie-features/horror-movies-politics-film-festivals-joseph-kahn-column-1236724794/,Horror Movies and Politics Are Killing Film Festivals,Hollywood Reporter,2026-10-08T15:00:00,7078,"× Skip to main content By Joseph Kahn Plus Icon Joseph Kahn View All October 8, 2026 8:00am Illustrated by Peter Arkle I don’t know why Zack Snyder went to TIFF to premiere his movie. Unless he filmed himself giving Prime Minister Mark Carney a life-saving blood transfusion while chanting “From the river to the sea,” the war thriller The Last Photograph was never going to win that audience over. That audience is the film festival audience, a volatile, reliably left-of-center social media jumble of disgruntled film students, part-time activists/baristas, laid-off drunk sports writers, couples therapy podcasters in denial about the furry husband, all of them believing they are the better Yorgos Lanthimos. Related Stories Guest Column Hollywood Isn't the Snake Pit You Think It Is TV Mr. Belding Was Everyone's Principal Before a filmmaker has a shot at playing the cutthroat politics of the studio system — where one joke in a Hollywood Reporter column can piss off the wrong person — they’ve first got to win that weird-ass room. For decades, film festivals cast themselves as cinema’s refuge from Hollywood’s worst commercial instincts. Now they’re Hollywood’s G League and, increasingly, its most unlikely horror marketplace — where aspiring auteurs compete with movie stars, gore gets dressed up as political commentary and the bloodiest movie on the screen can spark the biggest bidding war. Film school used to be where you learned the craft and got noticed, but nobody’s scouting student films at USC anymore. Today, the Gen Z George Lucas has to take his THX film onto the festival circuit to get discovered — where he’ll find himself competing for attention with the premiere of the latest Mad Max extravaganza. A kid with a camera, a credit card and something to say is suddenly on the same playing field as a $40 million prestige picture starring two Oscar winners pretending to be broke. As more actor-directors arrive at festivals with movies stuffed with famous friends, agents and studio executives sit in their parkas like NBA scouts, clocking which nepo baby can hit ideological free throws in front of a sold-out crowd of programmers and critics. Make every shot, and you get called up to direct Marvel. Miss one, and you’re back to wearing a rubber suit for them. What’s emerged is a schizophrenic marketplace where art and commerce have fused into The Substance . Hiding in the closet, like Demi Moore’s unconscious body, is the quiet Japanese drama about a grandmother dying of cancer. Dancing out front is the festival darling of the moment: whichever horror film has everybody screaming this year. Get Out , Obsession , Megalopolis . Inde Navarrette in the festival favorite Obsession . Focus Features/Courtesy Everett Collection There is nothing wrong with playing horror or lowbrow genre films at prestigious film festivals. I certainly love them. At the least, it adds a sorely missing sense of humor and whimsy. After all, movies are supposed to be fun. The problem is when the self-importance of festival political activism crosses wires with these horror nerds. As these dopamine chasers inflict their limbic systems on every film, cheering for lizard-brain human suffering, the Olds scramble to give all that bloodlust a higher purpose, laundering it into political statements right there in the Q&A. A horror filmmaker on a festival podium is suddenly facing a town square of Inquisitors, eager to intellectually vivisect the entertainment in search of some morally superior meaning. It’s how body-horror humiliation rituals like The Substance get hyped into Greatest Movie Ever territory on the festival circuit, attracting a combination of prosthetic fetishists, fifth-wave feminists and theater-laugh exhibitionists. Festivals aren’t rewarding leftist politics so much as wrapping gore in political language. By day, it’s a cathedral of art and politics, handing out jury prizes under the ethical guidepost of Javier Bardem. By night, it’s a meat market, serving face-peeling gore to the poors. Under the guise of Everything Is Political, we are indulging the most annoying audience in the world. It’s a crowd that whoops at a decapitation, then posts on Bluesky how the decapitation interrogates colonialism. Of course, there’s a less philosophical explanation for all this: Horror sells. It’s a brutal buyer’s market. There are so many indie films that distributors can buy product for pennies on the dollar. The collapse of international television markets has only given the streamers more power. They budget infinite dollars for their own questionable “original” product, then make ruthless lowball offers for acquisitions. For indie investors, the pathway to getting their money back gets murkier by the day. It’s shortsighted. Sure, the streamers are getting cheap content while filmmakers and investors absorb the risk, but it’s not a sustainable market. The theory seems to be that there will always be another crop of suckers willing to pump money into the ecosystem, so the market will provide. Zack Snyder at TIFF. Frazer Harrison/Getty Images In this environment, festival programmers hold immense power. They are effectively mini-studio heads now, and the agents treat them like it. Everyone pretends the films were chosen purely on merit, but the slate often reads Hollywood with a lanyard and a conscience. It is good business to publicly maintain the separation of church and studio, at least on paper. That prestige is what lets a distributor slap “Official Selection” on the poster and charge real money for a movie it acquired for roughly the equivalent of the price of a midrange Toyota Camry. And the branding works. Check the trades the morning after and see what actually made the headlines. It’s the bidding war for the midnight horror movie: Netflix paying $17 million for It’s What’s Inside at Sundance, Neon matching it a year later for Together , Focus spending a TIFF-record $15 million on Obsession , buyers throwing eight figures at whatever made the Letterboxd crowd scream loudest in the dark. Every one of these sales is a commendable victory for independent filmmaking. But at Sundance, at least, it’s a far cry from the institution Robert Redford set out to build. He dreamed of a temple for Cahiers du Cinéma and woke up to find Fangoria running the gift shop. Demi Moore under a ton of prosthetics in The Substance. Courtesy of MUBI The cinema gods love their irony. Of all the things festivals beg us to take seriously — the climate, toxic masculinity, the corporate fascism Mark Ruffalo wants to smash — the one thing they’ve actually succeeded in elevating is the beheading. The slashing. The eye-gouging. The possessed guy shooting his brains out. Base-level schlock that teenagers once rented on DVD is now the most bankable product in the building. The festivals set out to save cinema from Hollywood’s worst instincts, and they ended up stuffing their bleeding intestines into tuxedos and slapping laurels on them. This story appeared in the Oct. 7 issue of The Hollywood Reporter magazine.",0,2026-10-08 16:18:48
6,https://deadline.com/2026/10/michael-douglas-book-gordon-gekko-wall-street-oscar-1237149797/,Michael Douglas Was Third Choice For Gordon Gekko; How He Rode ‘Wall Street’s Slick Villain To Oscar Glory,Deadline,2026-10-08T15:00:00,3487,"Skip to main content By Michael Douglas Michael Douglas More Stories By Michael Michael Douglas Was Third Choice For Gordon Gekko; How He Rode ‘Wall Street’s Slick Villain To Oscar Glory View All October 8, 2026 8:00am Add us as a Google Preferred Source 'Wall Street' Courtesy 'One Helluva Ride' EXCLUSIVE: Editor’s note: Mike Fleming Jr . here. For the better part of last year, my day began with a 6 a.m. call and an hour with Michael Douglas for his memoir One Helluva Ride . It was early for me, but always worth catching MD someplace in Europe, where he enjoys the fruits of his long run as Hollywood superstar with his wife Catherine Zeta-Jones and their family. Written by Douglas, Shane Salerno and me, the memoir One Helluva Ride was released Tuesday by Grand Central Publishing. Details revealed by Douglas about his colorful personal life have dominated headlines this week; we thought Deadline readers would be most interested in the dissection of the seminal film that helped forge a great career. Related Stories News Oliver Stone: Director’s Career In Photos Casting Michael Douglas, Willem Dafoe, Ellen Barkin, Homer Gere And Yvonne Chapman Join Oliver Stone’s Next Pic ‘White Lies’ Douglas started with a difficult task, trying to forge an identity out of the long shadow cast by his father, Kirk Douglas. Douglas got his first movie boost as a producer, sharing the Best Picture Oscar for One Flew Over the Cuckoo’s Nest, and capturing the Zeitgeist with The China Syndrome. His onscreen rise took longer. The producer in Douglas helped the actor in him by prizing good scripts above all else. The best of those meant playing flawed characters, and Douglas came to relish seeing how far he could push that envelope and still have audiences on his side. The book tells Douglas’ story through a dozen of his most memorable films – Romancing the Stone, Fatal Attraction, Basic Instinct, Traffic, Falling Down and The War of the Roses among them — and The Streets of San Francisco, the TV series with Karl Malden that helped forge Douglas’ work ethic and prepared him to produce Cuckoo’s Nest with the late Saul Zaentz . The following excerpt focuses on Wall Street , the film that emboldened Douglas to take the kind of risks many of his actor peers didn’t dare. Pushed relentlessly by Oliver Stone, Douglas turned the corporate raider Gordon Gekko into a defining villain of ’80s films. That turn paved the way for everything that followed. As Michael writes in the book’s intro, “I can’t think about my life without thinking of my movies. Six of the eight decades I’ve lived on this planet have been spent making films—they have always been my landmarks, the way I mark time.” Here, he takes us back to Wall Street, the film that allowed him to play any role and have audiences show up on the weekend, just to see what he got himself into next, and how he was going to get out of it. ‘I had never played the bad guy’ I’d never played the bad guy. In Fatal Attraction I had played a guy who made a bad decision and spent the rest of the movie trying to make up for it. But he wasn’t a real villain. Dad always thought I should play a part as cunning and manipulative as his famous character in The Bad and the Beautiful , the ruthless Hollywood producer Jonathan Shields. He told me, “You’re so likable, Michael, but when you finally play a bad guy, you’re going to surprise a lot of people who think you can only do the nice-guy stuff. I know the darkness under there.”",0,2026-10-08 16:18:03
7,https://deadline.com/2026/10/chicago-broadway-anniversary-bebe-neuwirth-whitney-leavitt-1237149959/,"Bebe Neuwirth, Whitney Leavitt, Reece Weaver & More Among Line-Up For One-Night-Only ‘Chicago’ Anniversary Performance On Broadway",Deadline,2026-10-08T14:48:43,1928,"Skip to main content By Greg Evans Greg Evans NY & Broadway Editor @GregEvans5 More Stories By Greg Alex Warren To Host Kids’ Choice Awards On Nickelodeon & CBS Next Month Aerosmith Returns To Stage For Star-Packed Two-Night Hollywood Bowl Concert Frank G. Mancuso Sr. Dies: Former Head Of Paramount Pictures & MGM Was 93 View All October 8, 2026 7:48am Add us as a Google Preferred Source Reece Weaver, 'Chicago's current Roxie Hart Production Broadway ‘s recording-breaking revival of Chicago will welcome back some old friends to celebrate the show’s 30th anniversary on Broadway this November, with former cast members including Bebe Neuwirth , James Naughton, Robyn Hurder, Whitney Leavitt , Ariana Madix and Alex Newell joining the current “Roxie Hart,” Reece Weaver , in the one-night-only celebration. The 30th anniversary gala performance is set for November 16, 7 p.m./ET, at Broadway’s Ambassador Theatre. The event will benefit the Entertainment Community Fund’s programs serving dancers. Additional celebrity guests will be announced at a later date. Chicago , now in its 30th year, is the longest-running show on Broadway and the longest-running American musical in history. Both Neuwirth and Naughton were original cast members of the celebrated revival. Watch on Deadline Leavitt, best known for her participation in Hulu’s The Secret Lives of Mormon Wives , and Weaver, of Netflix’s America’s Sweethearts: Dallas Cowboys Cheerleaders , are two of the most recent cast members and have prompted a resurgence in ticket sales this year. Tickets for the gala go on sale on Thursday, October 15. ‘Baywatch’, ‘Shaka iLembe’ & ‘Maya’ In Deadline Dozen; ‘Heated Rivalry’s Crave Brad Bird On The Long Journey To Bring ‘Ray Gunn’ To Cinemas Maggie Gyllenhaal, Michelle Yeoh, Alfonso & Jonás Cuarón On Cinema’s Future Skydance Film Bosses & WB To-Do List: Pics That Are Ready, In Works Or On Fire Read More About: Comments",0,2026-10-08 16:18:04
47,https://www.hollywoodreporter.com/movies/movie-news/netflix-oscar-push-possible-love-jeon-do-yeon-1236725308/,"Netflix Plans Oscar Push for Lee Chang-dong’s ‘Possible Love,’ Promoting Jeon Do-yeon for Best Actress (Exclusive)",Hollywood Reporter,2026-10-08T14:47:42,3603,"× Skip to main content By Scott Feinberg Plus Icon Scott Feinberg Executive Editor of Awards ScottFeinberg Follow Sign Up View All October 8, 2026 7:47am 'Possible Love' Courtesy of Netflix Seven award seasons after the Korean film Parasite broke the glass ceiling for non-English-language films at the Oscars by winning best picture, Netflix is angling to get another hugely acclaimed film from Korea the same sort of recognition: Lee Chang-dong ’s Possible Love . The Hollywood Reporter can exclusively report that the company is planning a multi-category Oscar push for the film, which is the first in eight years from Korean master Lee, and already has been awarded the Venice Film Festival’s Grand Jury Prize, placed second for the Toronto International Film Festival’s international audience award and is among 2026’s best-reviewed releases, with scores of 100 percent on Rotten Tomatoes and 93 on MetaCritic. Related Stories TV 'The Altruists': Anthony Boyle's Sam Bankman-Fried Caught in Crypto Crisis in Netflix Series Trailer Movies Oscars: Rwanda Picks 'Ben'Imana' as Its First-Ever Best Int'l Feature Submission In addition to an Oscar nom for best international feature (Korea chose the film as its official entry way back in August ), Oscar noms for best picture, best director and best original screenplay (Lee and Oh Jung-mi) are high-priority targets and seem achievable based on the success of non-English-language films in those categories over the decade since the Academy began significantly increasing the number of its members who are based outside of the United States (and are therefore less deterred by subtitles). But Netflix feels that its strongest bet may be the performance of Jeon Do-yeon as Mi-ok, the outspoken half of a working-class couple that is opportunistically befriended by a very wealthy couple, and the company has decided to lobby hard for the 53-year-old to land a best actress Oscar nom. (She previously worked with Lee on 2007’s Secret Sunshine , for which she became the first Korean to win the Cannes Film Festival’s best actress prize, and is now one of Korea’s biggest stars.) Unlike Netflix’s other 2026 ensemble-centric non-English-lanauge film, La Bola Negra , the full cast of which is being promoted in the supporting acting categories, the company has decided to promote the four principal stars of Possible Love in different categories. In addition to Jeon in the best actress race, it will ask voters to consider Sul Kyung-Gu, who plays Mi-ok’s traumatized husband Ho-seok, for best actor; Cho Yeo-jeong, a Parasite alum who plays Ye-ji, a wealthy woman pursuing an interview with Ho-seok for a documentary, for best supporting actress; and Zo In-sung, who plays Ye-ji’s playboy husband Sang-woo, for best supporting actor. The streamer is hoping that the Actor Awards (formerly the SAG Awards), which embraced Parasite with an historic best ensemble nomination (and later an historic best ensemble win), will also recognize Possible Love with a nom in that category. Another key barometer of the film’s prospects may be the increasingly critics-aligned voting body of the Golden Globes, to which Possible Love is being submitted for consideration in the drama categories (as opposed to the musical or comedy categories). Given that two of the highest-profile best actress Oscar contenders — The Debut ’s Julianne Moore and, somewhat surprisingly, Obsession ’s Inde Navarrette — will be competing in the Globes’ musical/comedy actress race, the Globes’ drama actress race looks fairly open, which could bode well for the prospects of Jeon. THR",0,2026-10-08 16:18:49
8,https://deadline.com/2026/10/joe-rogan-extends-spotify-contract-1237149934/,Joe Rogan Sets Multi-Year Extension With Spotify,Deadline,2026-10-08T14:42:02,2803,"Skip to main content By Dade Hayes Dade Hayes Business Editor @dadehayes More Stories By Dade Joe Rogan Sets Multi-Year Extension With Spotify Eyeing More ‘Minecrafts’ And ‘Fallouts’, Microsoft Xbox Launches XP Unit To Take Properties Beyond Video Games ‘Beyond The Spider-Verse’ Director Bob Persichetti On “Limitless” Fan Expectations And “Never Saying No” View All October 8, 2026 7:42am Add us as a Google Preferred Source Joe Rogan Troy Conrad Spotify and top podcaster Joe Rogan have agreed to a multi-year contract extension. The parties declined to specify terms, including financials. The Wall Street Journal reported that Rogan could end up with an “estimated earnout” of $250 million. The new extension continues to broaden distribution of the show, which was exclusive to Spotify between 2020 and 2024. The Joe Rogan Experience launched in 2009. Its 2,500-plus episodes have featured two- to three-hour interviews with a range of actors, comedians, athletes, politicians, authors and more. Related Stories News ESPN & HBO Vet Bomani Jones Teams With Playmaker For Long-Running Podcast 'The Right Time' News Raj Shamani, Indian Content Creator & Host Of 'Figuring Out' Pod, Signs With WME The show was the top podcast on Spotify, YouTube, and Apple Podcasts in 2025. Since starting on Spotify in 2020, the show has gained 18 million followers, making it the streamer’s most followed podcast. Watch on Deadline As the show’s audience has grown, so has Rogan’s clout in the political arena. His interview with Donald Trump before the 2024 election was credited with delivering a boost down the stretch, while the decision by opponent Kamala Harris not to travel to Rogan’s Austin, TX studio became a key part of autopsies of her failed campaign. Recently, Rogan has become more vocal about his skepticism about Trump, but many of his views align with those of the MAGA base. In 2022, musician Neil Young pulled his music from Spotify over what he said was misinformation Rogan was spreading about vaccination. Spotify stood by Rogan. Young returned the music to the platform two years later. In a statement, Rogan called the Spotify relationship “an amazing fit,” adding that he was “extremely happy and excited to continue with them for years to come.” Jordan Newman, head of content partnerships at Spotify said Rogan “has built something incredibly enduring, and his show continues to resonate with a massive global audience because there’s simply nothing else like it.” ‘Baywatch’, ‘Shaka iLembe’ & ‘Maya’ In Deadline Dozen; ‘Heated Rivalry’s Crave Brad Bird On The Long Journey To Bring ‘Ray Gunn’ To Cinemas Maggie Gyllenhaal, Michelle Yeoh, Alfonso & Jonás Cuarón On Cinema’s Future Skydance Film Bosses & WB To-Do List: Pics That Are Ready, In Works Or On Fire Read More About: Comments",0,2026-10-08 16:18:05
9,https://deadline.com/2026/10/david-decker-skydance-jay-askinasi-ray-hopkins-1237149956/,"David Decker Lands Top Content Sales Role At Skydance With Jay Askinasi Overseeing Ads, Ray Hopkins Leading Distribution",Deadline,2026-10-08T14:39:11,3946,"Skip to main content By Peter White Peter White Executive Editor, Television @peterzwhite More Stories By Peter Warner Bros. TV Boss Channing Dungey Says It Is Time To “Begin A New Chapter” As She Adds Paramount Cable Networks To Portfolio Cable Might Be Declining, But Skydance Sees Value In The Content From Its Core Brands Such as MTV & Food Network George Cheeks Teases Skydance TV Strategy In Memo To Staff, Exalts CBS, Sports & News View All October 8, 2026 7:39am Add us as a Google Preferred Source Story Arc Jay Askinasi, David Decker & Ray Hopkins Skydance Skydance has named its top executives across content licensing, advertising and distribution. David Decker will become President, Content Sales, Jay Askinasi has been named Chief Revenue Officer, Advertising and Ray Hopkins has been appointed President, Distribution. The trio will report to JB Perrette, Co-Chair & Chief Business Officer, Skydance TV and Skydance DTC. Decker’s appointment is significant as the company heads into Mipcom. He was previously named President, Content Sales for Warner Bros. Discovery in 2023 and will oversee sales of the Paramount and WBD television library to international broadcasters, streamers and third-party platforms in the U.S. Related Stories News David Ellison Calls Skydance ""Solution"" To Mistakes Ten Years Ago When Big Tech Moved In On Media News Skydance Film Bosses Dana Goldberg & Josh Greenstein & The Warner Bros To-Do List: Pics That Are Ready, In The Works Or On Fire Hopkins will be working in a key business area, handling negotiations with pay-TV operators for the 50-plus cable networks at Skydance as well as CBS, with the resulting deals supplying much-needed revenue for the debt-laden company. The 13-year Paramount and CBS veteran, who had been President of U.S. Networks Distribution at Paramount since 2019, has nearly four decades of experience and is considered one of the deans of TV distribution. He will preside over separate distribution negotiations by Warner Bros. Discovery and Paramount, as required by a consent decree agreed to by Skydance last month in a settlement of antitrust lawsuits. Watch on Deadline It’s not clear what the executive appointments mean for Kevin MacLellan, who was President, Global Content Distribution & International at Paramount or Don McGregor, who was the company’s global licensing chief. Askinasi was previously Chief Revenue Officer at Paramount, having joined last year from Roku. “Bringing together the incomparable portfolios of Paramount Skydance and Warner Bros. Discovery creates an extraordinary combination of iconic brands, world-class storytelling, deep creative relationships and talented teams around the globe which offers tremendous opportunities for our commercial partners,” said Perrette. “By combining our strengths and uniting our teams, we will build on the incredible legacies of both companies to serve audiences and partners in new and more innovative ways and shape an even more ambitious future. Jay, David and Ray are hugely talented and respected leaders with deep experience, strong industry relationships and a shared commitment to our partners and our people. There is tremendous opportunity ahead of us, and I look forward to working closely with them as we build the next generation media and entertainment organization.” ‘Baywatch’, ‘Shaka iLembe’ & ‘Maya’ In Deadline Dozen; ‘Heated Rivalry’s Crave Brad Bird On The Long Journey To Bring ‘Ray Gunn’ To Cinemas Maggie Gyllenhaal, Michelle Yeoh, Alfonso & Jonás Cuarón On Cinema’s Future Skydance Film Bosses & WB To-Do List: Pics That Are Ready, In Works Or On Fire More from this Story Arc Skydance October 8, 2026 Skydance Co-CEO Ynon Kreiz Says Jobs Cuts Will Be Handled “Respectfully, Transparently” As Company Restructures October 8, 2026 David Ellison Calls Skydance “Solution” To Mistakes Ten Years Ago When Big Tech Moved In On Media View All Story Arc Read More About: Comments",0,2026-10-08 16:18:06
10,https://deadline.com/2026/10/prime-video-the-assassin-season-2-release-date-trailer-1237149912/,Prime Video Thriller ‘The Assassin’ Gets Season 2 Trailer And Launch Date In UK & Ireland,Deadline,2026-10-08T14:34:18,2986,"Skip to main content By Jesse Whittock Jesse Whittock International TV Co-Editor @WhittockTweets More Stories By Jesse Prime Video Thriller ‘The Assassin’ Gets Season 2 Trailer And Launch Date In UK & Ireland Lauren Ash, Mae Martin & Randall Park Join Crave Comedy ‘Meatballs’ The Deadline Dozen: The Hottest Scripted Shows Heading To MIPCOM Including ‘Baywatch’, ‘Einstein’ & ‘Maya’ Starring Bella Ramsey View All October 8, 2026 7:34am Add us as a Google Preferred Source “If anyone can get this done, it’s your mother,” Freddie Highmore ‘s Edward hears in the first trailer for Prime Video thriller The Assassin Season 2. Amazon’s streaming service has released a trailer and penciled in a November 6 launch date for the show in the UK and Ireland. Banijay Rights is selling piecemeal elsewhere, except in Germany, where ZDF has the show, and Australia, where it is on Stan. The Assassin stars Keeley Hawes as the mother in question, Julie, opposite Highmore, who plays her son. Season 2’s trailer shows hitwoman Julie reluctantly teaming up with Edward once again, when his dream honeymoon with Kayla (Shalom Brune-Franklin) is hijacked and his new wife taken hostage. “The honeymoon… couldn’t get any worse,” deadpans Edward as he reveals the news to his mom. Related Stories News Bryan Fuller & Don Mancini Make Surprise Cameo In 'Carrie' Prom Scene News 'Carrie's Matthew Lillard & Amber Midthunder On How The ""Catastrophic"" Finale Deviates From The Book: ""It's Part Of The Tragedy"" The pair are then thrown back into a world of high-speed car chases, international crime and kidnapping in Spain, as their fragile relationship is tested to the core. Watch on Deadline Also returning alongside Hawes, Highmore and Brune-Franklin is Devon Terrell, with Arnaud Bindard, Natalia Tena, Boris Van Severen, Jacqueline Boatswain and Monic Hendrickx joining the cast along with Karl El-Santos, Mehdi Regragui, Casimiro Aguza, Tony Corvillo, Amin Hamada and Lolo Herrero. Two Brothers Pictures produced the show for Prime Video UK and Ireland, ZDF in Germany and Stan in Australia in association with Banijay Entertainment stablemate Banijay Rights. Harry and Jack Williams, who both also serve as executive producers, are the writers, with Sarah Hammond, Alex Mercer and Daisy Mount also serving as EPs for Two Brothers Pictures, and Hawes and Highmore also serving in the same roles. John Griffin is producer with Terry McDonough, another executive producer – directing episodes 1-3 and Sarah O’Gorman directing episodes 4-6. Jessica Mescall serves as casting director. Filming on series 2 took place in Malta. Season 1 of the show streamed in the U.S. on AMC+. Netflix Orders Shonda Rhimes-Penned ’Bridgerton’ Spinoff About Young Lady Violet Skydance Film Bosses & WB To-Do List: Pics That Are Ready, In Works Or On Fire ‘Baywatch’, ‘Shaka iLembe’ & ‘Maya’ In Deadline Dozen; ‘Heated Rivalry’s Crave Brad Bird On The Long Journey To Bring ‘Ray Gunn’ To Cinemas Read More About: Comments",0,2026-10-08 16:18:07
11,https://deadline.com/2026/10/naza-producer-james-wilson-addresses-backlash-directors-1237149946/,"‘NAZA’ Producer James Wilson Addresses “Hysterical, Vituperative” Israeli Government Backlash Against Directors",Deadline,2026-10-08T14:31:47,3633,"Skip to main content By Melanie Goodfellow Melanie Goodfellow Senior International Film Correspondent @mel_goodfellow More Stories By Melanie ‘NAZA’ Producer James Wilson Addresses “Hysterical, Vituperative” Israeli Government Backlash Against Directors Oscars: Rwanda Makes History As ‘Ben’Imana’ Becomes First Official Entry; Alexander Set U.S. & UK Release Hande Erçel To Star In Nader Saeivar’s Berlin-Set Drama ‘Diaspora’ View All October 8, 2026 7:31am Add us as a Google Preferred Source James Wilson at the 2026 Annual Golden Globe Awards Amy Sussman/Getty Images) NAZA producer James Wilson has addressed the Israeli government and military backlash against co-directors Yuval Abraham and Rachel Szor over their bombshell documentary exposing Israel ’s deliberate targeting of civilian targets in Gaza. Wilson told an onstage conversation on his career at the BFI London Film Festival that criticism of the film and threats against the directors were largely from people who had not seen the work. He said the “hysterical, vituperative, aggressive backlash” from members of the Israeli government and threats to revoke the directors’ citizenship had been been “very difficult, stressful, horrible and scary”. Related Stories News Grace Harper Brighouse On Bringing Her Camden Film Festival-Winning Doc 'Dependence' Back Home To London -- LFF News Brad Bird On The 30-Year Journey To Bring 'Ray Gunn' To The Big Screen -- London Film Festival “They are safe, and they are okay,” he added, suggesting that the reaction from the Israeli government also came with the territory. Watch on Deadline “I think it’s part of the film,” he said citing a piece by an Israeli journalist in the Jewish American newspaper Forward. “She wrote about the reaction to the film being part of the film, and how the sort of cognitive dissonance, around that reaction of people who haven’t seen the film talking about the film, was sort of what the film was also about,” he said. “There’s a sort of meta aspect to that reaction to the film that the film embodies.” Wilson emphasized, however, that the overwhelming response to the documentary had been positive, even if the subject-matter is difficult. “The majority reaction to the film has been, from my point of view, extremely positive, and I’m personally very pleased at that. The critical reaction to the film has been extraordinarily positive,” he said. “One thing that’s been particularly pleasing to me is how many serious film critics have discussed and thought into the cinematic formal ideas in the film… it’s a really important piece of cinema in terms of its content, but also its form.” Framed around nighttime rooftop interviews against the backdrop of the Tel Aviv skyline with 24 Israeli intelligence officers and soldiers, the documentary exposes the AI, phone surveillance and crude points-based systems deployed by the Israeli military in Gaza to decide targets, Hamas-related or otherwise. It probes the Israeli military’s strategy of taking out targets in their homes regardless of whether children and other family members are likely to be killed in the strike as well. The title NAZA is taken from the Israeli military’s Hebrew acronym to describe the number of civilians that could die when tallying up an estimated death-toll ahead of a strike. Netflix Orders Shonda Rhimes-Penned ’Bridgerton’ Spinoff About Young Lady Violet Skydance Film Bosses & WB To-Do List: Pics That Are Ready, In Works Or On Fire ‘Baywatch’, ‘Shaka iLembe’ & ‘Maya’ In Deadline Dozen; ‘Heated Rivalry’s Crave Brad Bird On The Long Journey To Bring ‘Ray Gunn’ To Cinemas Read More About: Comments",0,2026-10-08 16:18:09
12,https://deadline.com/2026/10/skydance-ynon-kreiz-labor-force-reduction-cost-savings-1237149888/,"Skydance Co-CEO Ynon Kreiz Says Jobs Cuts Will Be Handled “Respectfully, Transparently” As Company Restructures",Deadline,2026-10-08T14:24:16,3454,"Skip to main content By Jill Goldsmith Jill Goldsmith Co-Business Editor More Stories By Jill Skydance Co-CEO Ynon Kreiz Says Jobs Cuts Will Be Handled “Respectfully, Transparently” As Company Restructures Skydance Stock Struggles In First Days Of Trading Skydance Sets Heads Of Games, Products, HR View All October 8, 2026 7:24am Add us as a Google Preferred Source Story Arc Ynon Kreiz Jamie McCarthy/Getty Images Ynon Kreiz , the new co-chief executive of Skydance, said a planned $6 billion in cost savings will come from “technology, marketing consolidation, real estate optimization, and some labor. Although labor is not the majority of the savings.” Related Stories News David Ellison Calls Skydance “Solution” To Mistakes Ten Years Ago When Big Tech Moved In On Media News Skydance Film Bosses Dana Goldberg & Josh Greenstein & The Warner Bros To-Do List: Pics That Are Ready, In The Works Or On Fire But “we’ve been public” that synergies will involve some workforce reduction, he said during a Q&A on CNBC this morning alongside Skydance chairman and CEO David Ellison . “When it comes to making those decisions, of course we’re thinking of our people. We’re going to do it in the right way, respectfully, transparently, and communicate our plans. This will be part of the plan. This is part of the plan. Will be part of the process,” he said. The comments echo those Ellison made yesterday at a town hall meeting of global staffers. Watch on Deadline “It’s important also to say this is not about cost reduction. This is about reengineering how we work. This is about reinventing the business model. So it’s not just synergies and reducing costs; it’s also improving how we perform. And we’re looking to build a high-performing company, leveraging technology, leveraging capabilities [to] build something that will stand out for years to come.” The merger of Paramount and Warner Bros. Discovery closed Tuesday, with the combined companies now called Skydance. Executives are targeting the $6 billion in cost savings by the end of 2028, but the co-CEOs indicated in the interview today that they think the number could be greater. They noted that the earlier Paramount-Skydance merger “over delivered” on synergies, projecting $2 billion and hitting $2.7 billion. Kreiz, a seasoned executive, joined Skydance from Mattel where he announced a 25% workforce reduction shortly after coming on in 2018 as profits plunged amid the liquidation and bankruptcy of giant retailer Toys ‘R’ Us. He will oversee the day-to-day operations while Ellison focuses on creative and strategy. “I feel like if I’m there [at Skydance], I feel like I’m happy to see him,” CNBC host David Faber joked, gesturing at Ellison. “I’m not so sure if I’m happy to see you coming down the hall.” “We’re in it together,” the co-CEOs said in unision. ‘Baywatch’, ‘Shaka iLembe’ & ‘Maya’ In Deadline Dozen; ‘Heated Rivalry’s Crave Brad Bird On The Long Journey To Bring ‘Ray Gunn’ To Cinemas Maggie Gyllenhaal, Michelle Yeoh, Alfonso & Jonás Cuarón On Cinema’s Future Skydance Film Bosses & WB To-Do List: Pics That Are Ready, In Works Or On Fire More from this Story Arc Skydance October 8, 2026 David Decker Lands Top Content Sales Role At Skydance With Jay Askinasi Overseeing Ads, Ray Hopkins Leading Distribution October 8, 2026 David Ellison Calls Skydance “Solution” To Mistakes Ten Years Ago When Big Tech Moved In On Media View All Story Arc Read More About: Comments",0,2026-10-08 16:18:10
27,https://deadline.com/2026/10/page/2/,More Stories,Deadline,2026-10-01T00:00:00,7069,"Skip to main content Latest in Lauren Ash, Mae Martin & Randall Park Join Crave Comedy ‘Meatballs’ EXCLUSIVE: Lauren Ash ( Superstore ), Mae Martin ( Wayward ) and Randall Park ( Wandavision ) are joining the campers at Crave comedy Meatballs . The trio will be guest cast in the series, which is billed as a “raunchy, irreverent reimagining of the beloved 1979 Canadian comedy classic” that starred… By Jesse Whittock 3 hours ago Print Print Lauren Ash, Mae Martin & Randall Park Join Crave Comedy ‘Meatballs’ Read the full story Exclusive International BBC Apologizes “Unreservedly” And Removes Article Accusing PinkNews Founder Of Sexual Misconduct The BBC has “apologized unreservedly for the defamatory allegations” made in a documentary and accompanying article about the founder of one of the UK’s leading LGBTQ+ publications and his husband. The BBC this morning removed from its website the original PinkNews article. The documentary came… By Max Goldbart 3 hours ago Print Print BBC Apologizes “Unreservedly” And Removes Article Accusing PinkNews Founder Of Sexual Misconduct Read the full story International Niamh Algar & Fanny Ardant Starring In UK-Greek Series Set In AI-Controlled Luxury Resort Niamh Algar and French cinema legend Fanny Ardant are leading a thriller series set in an AI-controlled, high-end luxury resort. Harmonia is a rare UK-Greek co-pro coming from Adolescence co-producer Warp Films, Athens’ Neda Films, ITV Studios and Greek pubcaster ERT. In Harmonia, Algar is… By Max Goldbart 4 hours ago Print Print Niamh Algar & Fanny Ardant Starring In UK-Greek Series Set In AI-Controlled Luxury Resort Read the full story International Marco Bellocchio’s ‘Falcon’ Sets Sales & Announces Louis Garrel In Role Of Fiat Boss John Elkann Rai Cinema International Distribution has boarded sales on Marco Bellocchio's financial thriller Falcon , inspired by the life of late Fiat-Chrysler automobile exec Sergio Marchionne, as it films in Toronto. In new casting additions, previously announced lead Pierfrancesco Favino is being joined… By Melanie Goodfellow 5 hours ago Print Print Marco Bellocchio’s ‘Falcon’ Sets Sales & Announces Louis Garrel In Role Of Fiat Boss John Elkann Read the full story International Alternativa Distribution Takes ‘No Good Men’ & ‘Four Daughters’ To MIPCOM EXCLUSIVE: Alternativa Distribution has acquired selected rights to features including Berlin Film Festival opener No Good Men ahead of making its debut at the MIPCOM market in Cannes. The fledgling distributor has acquired several other festival and award-nominated movies ahead of MIPCOM. It… By Stewart Clarke 5 hours ago Print Print Alternativa Distribution Takes ‘No Good Men’ & ‘Four Daughters’ To MIPCOM Read the full story Exclusive International Lightdox Acquires Sales Rights To ‘Nostalgia For The Future,’ Documentary On Enigmatic Filmmaker Chris Marker Narrated By Charlotte Rampling EXCLUSIVE: Lightdox has acquired international sales rights to Nostalgia for the Future leading into Film Fest Gent in Belgium where the documentary screens on Sunday. The film narrated by Oscar-nominated actress Charlotte Rampling examines the enigmatic filmmaker Chris Marker (1921-2012), one… By Matthew Carey 5 hours ago Print Print Lightdox Acquires Sales Rights To ‘Nostalgia For The Future,’ Documentary On Enigmatic Filmmaker Chris Marker Narrated By Charlotte Rampling Read the full story Exclusive Film ‘World War Z’ Director Marc Forster Adapting Jamie Scallion’s Revenge Thriller ‘Nines’ For TV With Renée Wolfe, Me+You Productions & Fremantle EXCLUSIVE: World War Z and Quantum of Solace director Marc Forster is turning his hand to TV by directing an adaptation of Jamie Scallion's buzzy upcoming thriller Nines. Nines, which follows a man in jail intent on revenge, was snapped up by Forster and Renée Wolfe’s indie 2DUX² along with I Am… By Max Goldbart , Stewart Clarke 5 hours ago Print Print ‘World War Z’ Director Marc Forster Adapting Jamie Scallion’s Revenge Thriller ‘Nines’ For TV With Renée Wolfe, Me+You Productions & Fremantle Read the full story Exclusive International Brad Bird On The 30-Year Journey To Bring ‘Ray Gunn’ To The Big Screen — London Film Festival This week, animation auteur Brad Bird debuts his latest feature, Ray Gunn , at the London Film Festival, ending what the veteran filmmaker describes as a three-decade journey to bring the animated feature to life. ""I wish I could dress it up in some more reasonable-sounding way, but it actually… By Zac Ntim 5 hours ago Print Print Brad Bird On The 30-Year Journey To Bring ‘Ray Gunn’ To The Big Screen — London Film Festival Read the full story International The Deadline Dozen: The Hottest Scripted Shows Heading To MIPCOM Including ‘Baywatch’, ‘Einstein’ & ‘Maya’ Starring Bella Ramsey Welcome to our selection of the most scorching titles headed to MIPCOM this year, The Deadline Dozen . Our editorial team has carefully researched and selected the projects we expect to drive the chatter on the Croisette and beyond. Day two of our Deadline Dozen brings scripted. For the best unscr … By Max Goldbart , Stewart Clarke , Jesse Whittock 6 hours ago Print Print The Deadline Dozen: The Hottest Scripted Shows Heading To MIPCOM Including ‘Baywatch’, ‘Einstein’ & ‘Maya’ Starring Bella Ramsey Read the full story International North Stars: How ‘Heated Rivalry’ Made Canadian TV Red Hot The mega-success of Heated Rivalry has buyers asking what is coming next from Crave, the Canadian streamer that greenlit the ice hockey romance hit. The streamer is part of Bell Media, and company President Sean Cohan is backing Canadian producers to produce the next Heated Rivalry as Canadian… By Stewart Clarke 6 hours ago Print Print North Stars: How ‘Heated Rivalry’ Made Canadian TV Red Hot Read the full story TV All The Songs In ‘Ted Lasso’ Season 4 So Far Ted’s back! Well, first, Rebecca (Hannah Waddingham), Leslie Higgins (Jeremy Swift) and Keeley Jones (Juno Temple) have to visit him in Kansas City, where he has taken up a cashier job at the supermarket. After attending a KC Current match, the trio successfully recruit Ted to coach their… By Dessi Gomez 8 hours ago Print Print All The Songs In ‘Ted Lasso’ Season 4 So Far Read the full story Music Disneyland & Disney World Price Bumps Are The Smallest In Recent Memory, With Some Ticket Rates Unchanged Each year October brings Halloween, the turning of the leaves, the World Series and changing ticket prices at Disney’s U.S. parks. For 2026-2027, however, many ticket tiers remain unchanged, while those that are rising are seeing some of the smallest bumps in recent memory. There are good… By Tom Tapp 8 hours ago Print Print Disneyland & Disney World Price Bumps Are The Smallest In Recent Memory, With Some Ticket Rates Unchanged Read the full story Business Previous page of stories Previous Next page of stories Next Sidebar Newswire PMC Deadline is a part of PMX Global, LLC, a subsidiary of Penske Media Corporation. © 2026 Deadline Hollywood, LLC. All rights reserved. Powered by WordPress.com VIP Site",0,2026-10-08 16:18:27
26,https://deadline.com/2026/10/marc-forster-nines-jamie-scallion-tv-renee-wolfe-fremantle-1237149709/,"‘World War Z’ Director Marc Forster Adapting Jamie Scallion’s Revenge Thriller ‘Nines’ For TV With Renée Wolfe, Me+You Productions & Fremantle",Deadline,2026-10-01T00:00:00,4071,"Skip to main content By Max Goldbart , Stewart Clarke October 8, 2026 1:30am Add us as a Google Preferred Source Marc Forster (left) and Jamie Scallion Gallup/Getty Images for Paramount Pictures EXCLUSIVE: World War Z and Quantum of Solace director Marc Forster is turning his hand to TV by directing an adaptation of Jamie Scallion ’s buzzy upcoming thriller Nines . Nines, which follows a man in jail intent on revenge, was snapped up by Forster and Renée Wolfe’s indie 2DUX² along with I Am… producer Me+You Productions following what they termed a “fiercely competitive auction.” The show is being forged as a high-end returning TV series and publisher Transworld has already acquired world English-language rights to the novel plus its sequel, which won’t publish until 2028 and 2029 respectively. Fremantle , which has a first-look deal with Me+You, is selling the show globally. Related Stories News Sharon Levy Moves To Fremantle After Endemol Shine Exit Executives Fremantle International Commercial Strategy VP Jill Kellie Exits After Four Years The titular character in Nines is an orphan, pianist, father, widower and killer. Serving a life sentence in Britain’s most secure jail for killing one of the men who murdered his wife, he now wants the rest of them, and to track down the son they took from him. In prison, his mentor, master forger and zen master Suranga moulds him into the machine that will finish the job, but he must then break out into a world that has changed. Watch on Deadline BAFTA-nominee Forster will direct the first block of episodes and remain “closely involved throughout the series, helping shape its visual language and creative tone,” the team said. He and the creative team are now casting and speaking to writers. Forster is better known for his work on the big screen. His credits include disaster movie World War Z with Brad Pitt, James Bond’s Quantum of Solace, Finding Neverland and A Man Called Otto. On the small screen, he directed two episodes and exec produced Prime Video’s Hand of God , which starred Ron Perlman as a corrupt judge who suffers a breakdown. Forster is working with producing partner Wolfe and their 2DUX² outfit along with Me+You, which is run by Krish Majumdar and Richard Yee. Me+You is probably best known for Dominic Savage’s I Am… female-led drama anthology for Channel 4, which won Kate Winslet a BAFTA and has its next instalment coming up with Nicola Coughlan and Joe Cole. Scallion, meanwhile, has had an intriguing path to Nines. He was lead singer in rock band Officer Kicks and went on to collaborate with Irish band The Script on a YA book series called The Rock ‘n’ Roll Diaries. In 2025 he co-wrote another YA novel, The Last Song on Earth, with broadcaster Dave Berry. Forster and Wolfe said Nines Season 1 should “feel like an event – and the beginning of something much larger.” “We want Nines to strike a very particular balance of intriguing, emotional characters juxtaposed with fresh and relevant action sequences that further the depth of the story,” they added. “What excites us is that Nines feels built for the screen, with a character and a world that can keep expanding.” Majumdar and Yee called Nines a “propulsive, funny and unexpectedly moving thriller.” “Having a world-class filmmaker like Marc directing is a real coup,” they said. “We can’t wait to work with Jamie on this adaptation of his stunning debut.. We believe Nines has every chance of becoming an iconic anti-hero for the screen.” The deal for Nines was negotiated for Scallion by Eugenie Furniss at 42 and spearheaded for Me+You by Raffaella De Angelis, Head of Literary Acquisitions, Global Drama at Fremantle. Wolfe and Forster are repped by Ari Greenburg and Austin Vaziri at WME. Skydance Film Bosses & WB To-Do List: Pics That Are Ready, In Works Or On Fire ‘Baywatch’, ‘Shaka iLembe’ & ‘Maya’ In Deadline Dozen; ‘Heated Rivalry’s Crave Brad Bird On The Long Journey To Bring ‘Ray Gunn’ To Cinemas Maggie Gyllenhaal, Michelle Yeoh, Alfonso & Jonás Cuarón On Cinema’s Future Read More About: Comments",0,2026-10-08 16:18:26
25,https://deadline.com/2026/10/nostalgia-for-the-future-lightdox-sales-acquisition-1237149710/,"Lightdox Acquires Sales Rights To ‘Nostalgia For The Future,’ Documentary On Enigmatic Filmmaker Chris Marker Narrated By Charlotte Rampling",Deadline,2026-10-01T00:00:00,3929,"Skip to main content By Matthew Carey Matthew Carey Documentary Editor, Awards @mattcarey More Stories By Matthew Lightdox Acquires Sales Rights To ‘Nostalgia For The Future,’ Documentary On Enigmatic Filmmaker Chris Marker Narrated By Charlotte Rampling ‘Ash And Crayons’ Trailer: In Evgeny Afineevsky’s Film, Wounded Ukrainian Children Show Will To Survive And Thrive Doc Talk Podcast: Producer James Costa On Deadline’s For The Love Of Docs Series, Oscar Season And ‘NAZA’ Controversy View All October 8, 2026 1:34am Add us as a Google Preferred Source 'Nostalgia for the Future' Visualantics/SeriousFilm/Cobra Films/Ghirigori EXCLUSIVE: Lightdox has acquired international sales rights to Nostalgia for the Future leading into Film Fest Gent in Belgium where the documentary screens on Sunday. The film narrated by Oscar-nominated actress Charlotte Rampling examines the enigmatic filmmaker Chris Marker (1921-2012), one of the most influential figures in the history of cinema. The Belgium–Netherlands–Italy co-production, directed by Brecht Debackere , made its world premiere in May at the Cannes Film Festival. “Chris Marker, filmmaker, photographer, writer and multimedia artist behind such landmark works as La Jetée and Sans Soleil , spent much of his life deliberately avoiding the public eye,” notes a synopsis. “Famously elusive, he rarely gave interviews and would sometimes send photographs of his cats instead of portraits of himself. He once described himself as the ‘best-known author of unknown films.’ Related Stories Acquisitions Lightdox Acquires 'Auber 89' Ahead Of Doc's World Premiere at Venice Film Festival Sidebar Giornate Degli Autori News Anthony Hopkins & Charlotte Rampling To Star In 'The Species' ‘Nostalgia for the Future’ Visualantics/SeriousFilm/Cobra Films/Ghirigori “In Nostalgia for the Future , Debackere enters the labyrinth of Marker’s legacy through the 550 boxes of his personal archive, now held by the Cinémathèque française. Guided by Rampling’s distinctive voice, an unnamed archivist moves through photographs, documents, film fragments and personal traces, attempting to reconstruct the man who chose to disappear behind his own images.” Watch on Deadline Instead of a traditional biography, the film approaches Marker “through the associative logic of his work,” according to a release. “The archive becomes a living system of memory, while Marker’s images become ‘time machines,’ fragments through which the past, present and possible futures begin to overlap.” ‘Nostalgia for the Future’ Visualantics/SeriousFilm/Cobra Films/Ghirigori Nostalgia for the Future , a co-production between Visualantics, SeriousFilm, Cobra Films and Ghirigori, is produced by Steven Dhoedt. In a statement, Lightdox CEO Anna Berthollet commented, “Chris Marker left behind an archive as enigmatic as the man himself. Brecht Debackere has found a remarkably cinematic way into this world, creating not simply a portrait of Marker, but a meditation on images, memory and the way we imagine the future. A film that speaks directly to what Lightdox looks for: bold, author-driven documentaries with a distinctive cinematic language and the power to open new ways of seeing.” Brecht Debackere ( Exprmntl ) wrote and directed the film. The directors of photography are Jerome De Gerlache, Alexi Van Hennecker, and Ben Grinand; Beppe Leonetti edited the film. The original score is by Rutger Zuydervelt and Niels Borrey. In addition to Sunday’s debut at Film Fest Gent, Nostalgia for the Future screens at the festival on Monday and Thursday. You can watch the film’s trailer here: ‘Baywatch’, ‘Shaka iLembe’ & ‘Maya’ In Deadline Dozen; ‘Heated Rivalry’s Crave Brad Bird On The Long Journey To Bring ‘Ray Gunn’ To Cinemas Maggie Gyllenhaal, Michelle Yeoh, Alfonso & Jonás Cuarón On Cinema’s Future Skydance Film Bosses & WB To-Do List: Pics That Are Ready, In Works Or On Fire Read More About: Comments",0,2026-10-08 16:18:25
24,https://deadline.com/2026/07/alternativa-distribution-global-south-films-cannes-titles-1236981757/,fledgling distributor,Deadline,2026-10-01T00:00:00,4829,"Skip to main content By Stewart Clarke Stewart Clarke More Stories By Stewart Alternativa Distribution Takes ‘No Good Men’ & ‘Four Daughters’ To MIPCOM ‘World War Z’ Director Marc Forster Adapting Jamie Scallion’s Revenge Thriller ‘Nines’ For TV With Renée Wolfe, Me+You Productions & Fremantle The Deadline Dozen: The Hottest Scripted Shows Heading To MIPCOM Including ‘Baywatch’, ‘Einstein’ & ‘Maya’ Starring Bella Ramsey View All July 15, 2026 2:00am Add us as a Google Preferred Source Zoljargal Purevdash's 'If Only I Could Hibernate' Alternativa Distribition EXCLUSIVE: Alternativa has launched a distribution arm that will sell impact-driven films to broadcasters and streamers. Alternativa Distribution will be run by former yesDocu and TikTok exec Avital Lavi. It goes out of the gate with a ten-movie slate including Zoljargal Purevdash’s If Only I Could Hibernate , which played in the Un Certain Regard section at Cannes . A Poet , from Simón Mesa Soto, also played in Un Certain Regard, and was awarded the Jury Prize. We previously had the news that a U.S. remake is in the works. Other titles on the slate include Sunshine from Filipino director Antoinette Jadaone and Maksud Hossain’s Saba . Related Stories News 'Elle' & 'The Man I Love' Producer Saïd Ben Saïd Teams With 'Between The Temples' Director Nathan Silver For U.S. Remake Of Cannes Winner 'A Poet' -- Cannes Market News Colombian Filmmaker & Cannes Winner Simón Mesa Soto Signs With UTA Alternativa is a not-for-profit org that supports impact films from the Global South. Having started out as an awards program for films from Central Asia, Alternativa then initiated a full-fledged festival. There have been editions was in Indonesia and Colombia and next year’s event will be in Africa. Watch on Deadline The newly minted Alternativa Distribution division will work on what Lavi describes as a “fair play model.” Speaking to Deadline, the Berlin-based exec explained more: “We negotiate with the rights holders for acquisitions and offer them a fair minimum guarantee. We pay that immediately, and then once we start distributing, we do revenue shares.” She added that Alternativa will foot the bill for dubbing and subtitling to help make the films ready for local channels and platforms. “So many of the films from the Global South cannot reach audiences because nobody wants to do the heavy lifting of localization. It’s resources, time, it’s money… so we will cover that.” The goal is to sell movies outside of a theatrical release and shop first-window rights to broadcasters and streamers. Because of the model and wider aim of promoting films from the Global South, the good news for buyers is the license fees will be modest. “We believe it’s a self-sustaining model, both in the aspect of sustaining the local film industries and also sustaining the distribution operation, and because this is a not-for-profit operation, we don’t expect to have [high] license fees,” Lavi said. Five of the ten films on the launch slate screened at the Alternativa Film Festival. Lavi said that it has scouts in local markets and will be looking for titles to add to its lineup. “Our selection is based not only on artistic excellence and impact, but also on the films’ accessibility potential. We will take films that resonate on the emotional side and make people feel empathy, hope and sorrow and all these things that could ultimately manage to create some sort of cognitive change.” Alternativa is backed by the ride-hailing and transportation business inDrive. The goal for Alternativa Distribution is to bring films from the Global South to an audience beyond the local markets and festival circuit, Lavi said. “The distribution arm is scaling them up to more audiences. We wanted to take them way beyond the festival circuit.” Alternativa Distribution will be at MIPCOM and the major film and TV markets. Here are the first ten movies on the slate. 9-Month Contract (Georgia & Bulgaria): Directed by Ketevan Vashagashvili After the Rain (China): Directed by Jian Fan A Poet (Colombia): Directed by Simón Mesa Soto Being Olimpia (Mexico): Directed by Indira Cato Bird of a Different Feather (India): Directed by Manohara K. Grand Me (Iran & Belgium): Directed by Atiye Zare Arandi If Only I Could Hibernate (Mongolia): Directed by Zoljargal Purevdash Saba (Bangladesh): Directed by Maksud Hossain Sunshine (Philippines): Directed by Antoinette Jadaone The Nature of Invisible Things (Brazil & Chile): Directed by Rafaela Camelo ‘Baywatch’, ‘Shaka iLembe’ & ‘Maya’ In Deadline Dozen; ‘Heated Rivalry’s Crave Brad Bird On The Long Journey To Bring ‘Ray Gunn’ To Cinemas Maggie Gyllenhaal, Michelle Yeoh, Alfonso & Jonás Cuarón On Cinema’s Future Skydance Film Bosses & WB To-Do List: Pics That Are Ready, In Works Or On Fire Read More About: Comments",0,2026-10-08 16:18:23
23,https://deadline.com/2026/01/berlin-film-festival-no-good-men-shahrbanoo-sadat-2026-1236684969/,opener,Deadline,2026-10-01T00:00:00,3449,"Skip to main content By Zac Ntim Zac Ntim International Reporter @ZacharyNtim More Stories By Zac London Film Festival Opens With Passionate ‘Elsinore’ Homecoming Screening Andrew Lloyd Webber’s ‘Phantom Of The Opera’ To Be Recorded Live & Released In Cinemas ‘The Complete Kubrick’: How Michael Chaiken & Criterion Created The First Full Collection Of Stanley Kubrick’s Filmworks View All January 16, 2026 4:04am Add us as a Google Preferred Source 'No Good Men' Anwar Hashimi, Shahrbanoo Sadat in No Good Men by Shahrbanoo Sadat © Virginie Surdej No Good Men , the latest feature from Afghan filmmaker Shahrbanoo Sadat, will open the 2026 Berlin Film Festival. The film follows Naru, the only camerawoman at Kabul TV, who is convinced that there are no good men in Afghanistan. But when the reporter Qodrat takes her on assignment just before the Taliban’s return, sparks fly – and she begins to question this belief. The film was shot in several locations across Germany. No Good Men is an international co-production between Germany, France, Norway, Denmark, and Afghanistan. Production companies are Adomeit Film, La Fabrica Nocturna Cinéma, Motlys, Amerikafilm, and Wolf Pictures. Related Stories News Quiver Distribution Takes U.S. For Jérémy Comte's Ghana & Canada-Set Drama 'Paradise' News Wim Wenders Revisits Berlin Comments On Filmmakers & Politics That Led To A Firestorm -- Venice The feature follows Sadat’s last works, Wolf and Sheep (2016) and Parwareshgah ( The Orphanage , 2019). Both films screened at Cannes’ Directors’ Fortnight. No Good Men is also the third of five planned films based on the autobiographical writings of author and actor Anwar Hashimi. Hashimi stars in the film alongside Sadat, who is in the lead role. Watch on Deadline “Shahrbanoo Sadat is one of the most exciting voices in world cinema and No Good Men really delivers on the promise of her first two features,” Berlinale Director Tricia Tuttle said in a statement this afternoon. “Sadat continues her vital work spotlighting Afghan women’s lives, here bringing romance and touches of humour to a rousingly political story. That it is based on real events, and the director risked so much to get this film made makes No Good Men even more meaningful as our Opening Gala of the 76th Berlinale.” Earlier this week, Berlin made several additions to its Panorama, Forum, and Expanded competition strands. Features set for the fest include Charli XCX ’s buzzy flick The Moment , which will screen in the Panorama competition. The Moment will travel to Berlin following its Sundance debut and screen in the European festival’s Panorama competition section. Panorama will screen new works by Hong Sangsoo, Joaquín del Paso, André Novais Oliveira, and Elle Sofe Sara. Directed by Aidan Zamiri from a screenplay he wrote with Bertie Brandes, the film is based on an original idea by Charli xcx. The “Brat” singer-songwriter also stars in the film, which follows a rising pop star as she navigates the complexities of fame and industry pressure while preparing for her arena-tour debut. The 2026 Berlin Film Festival runs from February 12–22. ‘Baywatch’, ‘Shaka iLembe’ & ‘Maya’ In Deadline Dozen; ‘Heated Rivalry’s Crave Brad Bird On The Long Journey To Bring ‘Ray Gunn’ To Cinemas Maggie Gyllenhaal, Michelle Yeoh, Alfonso & Jonás Cuarón On Cinema’s Future Skydance Film Bosses & WB To-Do List: Pics That Are Ready, In Works Or On Fire Read More About: Comments",0,2026-10-08 16:18:22
22,https://deadline.com/2026/10/alternativa-distribution-mipcom-four-daughters-no-good-men-1237149704/,Alternativa Distribution Takes ‘No Good Men’ & ‘Four Daughters’ To MIPCOM,Deadline,2026-10-01T00:00:00,3362,"Skip to main content By Stewart Clarke Stewart Clarke More Stories By Stewart Alternativa Distribution Takes ‘No Good Men’ & ‘Four Daughters’ To MIPCOM ‘World War Z’ Director Marc Forster Adapting Jamie Scallion’s Revenge Thriller ‘Nines’ For TV With Renée Wolfe, Me+You Productions & Fremantle The Deadline Dozen: The Hottest Scripted Shows Heading To MIPCOM Including ‘Baywatch’, ‘Einstein’ & ‘Maya’ Starring Bella Ramsey View All October 8, 2026 1:43am Add us as a Google Preferred Source No Good Men Virginie Surdej EXCLUSIVE: Alternativa Distribution has acquired selected rights to features including Berlin Film Festival opener No Good Men ahead of making its debut at the MIPCOM market in Cannes. The fledgling distributor has acquired several other festival and award-nominated movies ahead of MIPCOM. It will present Akio Fujimoto’s Lost Land to buyers, as well as Abinash Bikram Shah’s Elephants in the Fog and Kaouther Ben Hania’s Four Daughters . Alternativa Distribution will shop Elephants in the Fog in multiple territories across Asia and Latin America; No Good Men in multiple territories across Asia and the MENA region; Four Daughters in multiple territories across Latin America and Asia; and Lost Land across Southeast Asia, ex-Malaysia, the Nordics, Poland and Portugal. Watch on Deadline Related Stories News The Deadline Dozen: The Hottest Scripted Shows Heading To MIPCOM Including 'Baywatch', 'Einstein' & 'Maya' Starring Bella Ramsey News North Stars: How 'Heated Rivalry' Made Canadian TV Red Hot Alternativa launched its distribution arm earlier this year to sell impact-driven films to broadcasters and streamers. The Alternativa Distribution division is run by former yesDocu and TikTok exec Avital Lavi. It launched with a ten-film slate including the Un Certain Regard titles If Only I Could Hibernate and A Poet . The new acquisitions come with strong awards and festival pedigree. Elephants in the Fog competed in the Un Certain Regard section at the Cannes Film Festival this year, winning the Jury Prize. It was also Nepal’s submission for the Best International Feature Film at the Academy Awards. Lost Land won the Orizzonti Special Jury Prize at the Venice Film Festival . Four Daughters shared the L’Œil d’Or for Best Documentary at Cannes. It was nominated for Best Documentary Feature at the Academy Awards. Alternativa is a not-for-profit org that supports films from the Global South. Having started out as an awards program for films from Central Asia, Alternativa then initiated a full-fledged festival with editions in Indonesia and Colombia. “With our second film slate, we are expanding our global reach to give buyers and audiences access to even more exceptional, high-impact storytelling,” Lavi said. “Our latest acquisitions have already proven themselves on the world stage – from a Cannes prize-winner to acclaimed titles featured at Venice and the Berlinale. We’re incredibly proud to represent them and look forward to getting them in front of broadcasters and streaming platforms.” ‘Baywatch’, ‘Shaka iLembe’ & ‘Maya’ In Deadline Dozen; ‘Heated Rivalry’s Crave Brad Bird On The Long Journey To Bring ‘Ray Gunn’ To Cinemas Maggie Gyllenhaal, Michelle Yeoh, Alfonso & Jonás Cuarón On Cinema’s Future Skydance Film Bosses & WB To-Do List: Pics That Are Ready, In Works Or On Fire Read More About: Comments",0,2026-10-08 16:18:21
21,https://deadline.com/2026/10/marco-bellocchio-falcon-rai-sales-louis-garrel-john-elkann-1237149741/,Marco Bellocchio’s ‘Falcon’ Sets Sales & Announces Louis Garrel In Role Of Fiat Boss John Elkann,Deadline,2026-10-01T00:00:00,3821,"Skip to main content By Melanie Goodfellow Melanie Goodfellow Senior International Film Correspondent @mel_goodfellow More Stories By Melanie ‘NAZA’ Producer James Wilson Addresses “Hysterical, Vituperative” Israeli Government Backlash Against Directors Oscars: Rwanda Makes History As ‘Ben’Imana’ Becomes First Official Entry; Alexander Set U.S. & UK Release Hande Erçel To Star In Nader Saeivar’s Berlin-Set Drama ‘Diaspora’ View All October 8, 2026 2:02am Add us as a Google Preferred Source Louis Garrel, Marco Bellocchio, Pierfrancesco Favino Riccardo Ghilardi, Anna Camerlingo, Pablo Arroyo Rai Cinema International Distribution has boarded sales on Marco Bellocchio ’s financial thriller Falcon , inspired by the life of late Fiat-Chrysler automobile exec Sergio Marchionne, as it films in Toronto. In new casting additions, previously announced lead Pierfrancesco Favino is being joined by Louis Garrel , Benedetta Cimatti and Barbara Ronchi, with the participation of Valeria Bruni Tedeschi. The picture delves into the story of the Marchionne, the Italian-Canada automobile exec credited with reviving Italy ’s Turin-based car company Fiat in the 2000s and merging it with then ailing U.S. auto manufacturer Chrysler. Related Stories News 'Maserati: The Brothers' Actress Maya Talem Signs With MAD Celebrity News Oscars: Italy Submits Paolo Strippoli's 'The Spiral' For Best International Feature Film It will recount how Sergio Marchionne (Favino) came to the rescue of Italy’s most famous car manufacturer in 2004 as it lay on the verge of collapse in the wake of the death of its longtime boss, the legendary industrialist Gianni Agnelli. Watch on Deadline Ruthless and visionary, Marchionne axed the top management. He then took Agnelli’s grandson, John Elkann (Garrel), under his wing to teach the young heir, suddenly burdened with the family’s legacy, the art of command. Marchionne then took on the U.S. car manufacturer General Motors, disentangling Fiat from a disadvantage strategic alliance, and went on to save rival Chrysler from bankruptcy by merging it with Fiat. Falcon is co-written by Marco Bellocchio with Ludovica Rampoldi, Andrea Di Stefano, Stefano Rulli and with the participation of Oliviero Del Papa. Talking to Deadline about the project last year , Bellocchio said of Marchionne: “I’m fascinated by his journey and his ability, as an Italian who stood up to American big business, to defend Fiat and then even take over Chrysler, which was bankrupt, to make a major group.” He also revealed that the title of Falcon is inspired by the fact that Marchionne would always travel on a Falcon business jet. “He would travel went back and forth from Turin on a Falcon, so we’ve given it this title,” he said. Falcon is produced by Kavac Film, Rai Cinema, with Emotion Network in collaboration with STLA Europe. The feature has already shot for two weeks in September in Toronto and Niagara Falls, moving to the Piedmont region of Italy and to Rome, and then returning to Canada and the United States in early 2027. 01 Distribution will release the film in Italy. The project reunites Bellocchio with a number of longtime creative collaborators, including production designer Andrea Castorina, costume designer Daria Calvelli, and editor Francesca Calvelli, all of whom worked on Bellocchio on projects including The Traitor , Exterior Night and Kidnapped . He is also joined for the first time by director of photography Matteo Cocco ( The Weight , Hidden Away ). Netflix Orders Shonda Rhimes-Penned ’Bridgerton’ Spinoff About Young Lady Violet Skydance Film Bosses & WB To-Do List: Pics That Are Ready, In Works Or On Fire ‘Baywatch’, ‘Shaka iLembe’ & ‘Maya’ In Deadline Dozen; ‘Heated Rivalry’s Crave Brad Bird On The Long Journey To Bring ‘Ray Gunn’ To Cinemas Read More About: Comments",0,2026-10-08 16:18:20
20,https://deadline.com/2026/10/niamh-algar-fanny-ardant-harmonia-uk-greek-series-1237149740/,Niamh Algar & Fanny Ardant Starring In UK-Greek Series Set In AI-Controlled Luxury Resort,Deadline,2026-10-01T00:00:00,3920,"Skip to main content By Max Goldbart Max Goldbart International TV Co-Editor @Goldbart1 More Stories By Max UK Police Acknowledge Andrew Mountbatten-Windsor Search Warrants Were Unlawful Joe Sugg & Caspar Lee’s MVE Hires CAA & WME Agents In U.S. Apple TV Buys Tropic Noir Series ‘Dustfall’ Starring Anna Torv View All October 8, 2026 2:59am Add us as a Google Preferred Source Niamh Algar (left) and Fanny Ardant Alex Johnson / Carole Bellaiche Niamh Algar and French cinema legend Fanny Ardant are leading a thriller series set in an AI-controlled, high-end luxury resort. Harmonia is a rare UK-Greek co-pro coming from Adolescence co-producer Warp Films , Athens’ Neda Films, ITV Studios and Greek pubcaster ERT. In Harmonia, Algar is the AI’s creator, Shona Casey, while Ardant plays the resort’s former owner. In the resort and wellness facility, technology meets escapism and every guest’s desire can be fulfilled. It reflects things we all aspire to, but also fear. It’s a modern-day Frankenstein story of a scientist who would be God, and their extraordinary creation, where it becomes increasingly unclear whether the AI is the monster, or whether the humans are. Related Stories News Nick Curwin, Founder Of British Production Houses Dragonfly & The Garden, Retiring From Indie Incubator Matisse News 'Smilla's Sense Of Snow' Series Settles At AMC+ Chloe Lea ( Dune: Prophecy, A Knight of the Seven Kingdoms ) plays a young member of staff that the AI becomes obsessed with, while the cast includes Oliver Chris ( Rivals, The Crown ), Abubakar Salim ( House of the Dragon, Raised by Wolves ), Goran Bogdan ( Legacy of Spies, The Last Panthers ), Theo Augier ( XO Kitty, Jay Kelly ) and George Ioannides ( Guys and Dolls, Industry ). Completing the ensemble are Greek stars Pygmalion Dadakaridis ( The Other Me, Rififi ), rising TV and theatre actor Konstantinos Zografos (The Judge, Derti) Antigoni Frida ( Grand Hotel, Sauté ) and newcomer Zoe-Stella Nikolaou. Watch on Deadline The coming together of UK and Greek teams sees the series created by Peter Carlton, Lefteris Charitos, Amanda Livanou and Hanna Jameson. Charitos, director of Wild Bees , one of Greek television’s biggest ever successes, directs all six episodes. Jameson, best-selling author of The Last and writer on the upcoming Netflix series The Twin starring Jamie Dornan, is lead writer, with episodes from Alki Papastathopoulos and Panayotis Christopoulos. Jameson said: “With this project, I had the chance to tell a truly meaningful story full of funny, strange, and complicated characters, reminiscent of the legendary genre shows I grew up watching. It’s been so exciting to explore how our relationship with technology has changed so fast in such a short period of time, evolving faster than our ability to understand the personal and global consequences. When I’m gripped by a great show everything else falls away, the house could burn down around me and I wouldn’t notice, and I hope that people feel the same way about Harmonia .” Shooting takes place on location in Athens at Cape Sounio resort and Kapa2 Studios ahead of launch in 2027. Harmonia is produced in association with and distributed internationally by ITV Studios. It is co-financed by ITV Studios, and Greek public broadcaster ERT, with development support from the Hellenic Film & Audiovisual Fund and Creative Europe Media. The predominantly English-language series is an international co-production between Warp, which co-produced Adolescence with Brad Pitt’s Plan B, and award-winning Greek feature film producers Neda Film ( Pity, Gorgonà ). ‘Baywatch’, ‘Shaka iLembe’ & ‘Maya’ In Deadline Dozen; ‘Heated Rivalry’s Crave Brad Bird On The Long Journey To Bring ‘Ray Gunn’ To Cinemas Maggie Gyllenhaal, Michelle Yeoh, Alfonso & Jonás Cuarón On Cinema’s Future Skydance Film Bosses & WB To-Do List: Pics That Are Ready, In Works Or On Fire Read More About: Comments",0,2026-10-08 16:18:19
19,https://deadline.com/2026/10/bbc-apologizes-pinknews-doc-article-sexual-misconduct-1237149757/,BBC Apologizes “Unreservedly” And Removes Article Accusing PinkNews Founder Of Sexual Misconduct,Deadline,2026-10-01T00:00:00,3444,"Skip to main content By Max Goldbart Max Goldbart International TV Co-Editor @Goldbart1 More Stories By Max Joe Sugg & Caspar Lee’s MVE Expands With CAA & WME Hires In U.S. Apple TV Buys Tropic Noir Series ‘Dustfall’ Starring Anna Torv PBS Masterpiece’s ‘Maigret’ Finds UK Home View All October 8, 2026 3:53am Add us as a Google Preferred Source Leon Neal/Getty The BBC has “apologized unreservedly for the defamatory allegations” made in a documentary and accompanying article about the founder of one of the UK’s leading LGBTQ+ publications and his husband. The BBC this morning removed from its website the original PinkNews article. The documentary came off iPlayer last year after its window ran down. The corporation has agreed to pay compensation to PinkNews founder Benjamin Cohen and his husband Anthony James. In a joint statement on PinkNews, Cohen and James said the BBC had “reinforced one of the most damaging homophobic tropes” by “falsely portraying us as engaging in sexual misconduct and pressuring female employees over surrogacy.” Related Stories News BBC Boss Matt Brittin Sets Out Silicon Valley-Style Revolution At British Broadcaster News 'Doctor Who' Bids Revealed: Jed Mercurio Leads Pitch To Regenerate BBC Series, As STV Studios Plans To Transport TARDIS To Scotland The BBC launched the documentary, PinkNews: Behind Closed Doors, and an accompanying article titled “PinkNews bosses accused of sexual misconduct” in late 2024. The doc and article said the BBC had spoken with 30 current and former employees, some of whom told the BBC they had experienced bullying and sexual misconduct from Cohen and James. The BBC also reported that several people had said some young female members of staff had been asked to act as the couple’s surrogates. Watch on Deadline Cohen and James’ High Court statement read out after the settlement called the allegations “serious, false, defamatory… and extremely harmful to the claimants’ reputations.” It noted that, as a result of the doc and article, Cohen and James were subject to additional investigations by CAFCASS (Children and Family Court Advisory and Support Service) ahead of a parental order hearing at the Family Court in respect of their son, who had been born via surrogate. The BBC’s counsel responded by saying the corporation “accepts everything” and “retracts and apologises unreservedly for the defamatory allegatios made in the programme and the article.” A BBC spokeswoman told Deadline: “The BBC has reached a settlement with Ben Cohen and Anthony James. We will not be issuing any further comment.” Cohen and James’ PinkNews statement said: “By falsely portraying us as engaging in sexual misconduct and pressuring female employees over surrogacy, the BBC reinforced one of the most damaging homophobic tropes: that gay men are sexual predators who pose a threat to others. These were allegations that should never have been broadcast.” They added that while they can now “finally begin to move forward,” the BBC “needs to carefully consider and learn from the impact that its reckless journalism has had on a young family’s lives.” ‘Baywatch’, ‘Shaka iLembe’ & ‘Maya’ In Deadline Dozen; ‘Heated Rivalry’s Crave Brad Bird On The Long Journey To Bring ‘Ray Gunn’ To Cinemas Maggie Gyllenhaal, Michelle Yeoh, Alfonso & Jonás Cuarón On Cinema’s Future Skydance Film Bosses & WB To-Do List: Pics That Are Ready, In Works Or On Fire Read More About: 1 Comments",0,2026-10-08 16:18:18
18,https://deadline.com/2026/10/meatballs-casts-lauren-ash-mae-martin-randall-park-crave-1237149732/,"Lauren Ash, Mae Martin & Randall Park Join Crave Comedy ‘Meatballs’",Deadline,2026-10-01T00:00:00,3497,"Skip to main content By Jesse Whittock Jesse Whittock International TV Co-Editor @WhittockTweets More Stories By Jesse Prime Video Thriller ‘The Assassin’ Gets Season 2 Trailer And Launch Date In UK & Ireland Lauren Ash, Mae Martin & Randall Park Join Crave Comedy ‘Meatballs’ The Deadline Dozen: The Hottest Scripted Shows Heading To MIPCOM Including ‘Baywatch’, ‘Einstein’ & ‘Maya’ Starring Bella Ramsey View All October 8, 2026 4:00am Add us as a Google Preferred Source Lauren Ash, Mae Martin and Randall Park Getty/PMC EXCLUSIVE: Lauren Ash ( Superstore ), Mae Martin ( Wayward ) and Randall Park ( Wandavision ) are joining the campers at Crave comedy Meatballs . The trio will be guest cast in the series, which is billed as a “raunchy, irreverent reimagining of the beloved 1979 Canadian comedy classic” that starred Bill Murray. They will join Gen V star Maddie Phillips is taking on the role as Skipper, the head camp counselor, in a reimagined version of Murray’s original character, and Heated Rivalry breakout Robbie G.K., who plays Dale. No word on the roles the guest stars will play right now. Related Stories News North Stars: How 'Heated Rivalry' Made Canadian TV Red Hot News CAPE's 35th Anniversary Gala Raises $350K As Randall Park, Manny Jacinto, The Women Of 'The Pitt' & More Celebrate Meatballs , announced as part of Canadian streamer Crave’s 2026/27 slate features a new generation of counselors and campers making bad decisions at a failing summer camp. Per the synopsis, “with a little hard work and a lot of good vibes, still has the potential to be the best place on earth for 200 lucky kids. Or, more importantly, for the counsellors who call it their home away from home, it’s the best place to pitch a tent.” Watch on Deadline Additional cast includes Mollie Guest, Jordan Kronis, Molly Lewis, Krista Nazaire, Markus McNamara, and Lachlan Quarmby. The eight-episode, half-hour series is slated to premiere in 2027. Blink49 Studios and Incendo are making the show in partnership with Bell Media-owned Crave, with the participation of the Canada Media Fund and the Bell Fund. Jeff Detsky ( The Beaverton ) and Wendy Litner ( My Dead Mom ) are the showrunners and exec producers. Michael Dowse ( The Sticky ) and Aleysa Young ( Baroness Von Sketch Show ) are on board to direct, with Dowse also serving as an executive producer, along with and Virginia Rankin. Executive producers for Incendo are Graham Ludlow and Kaleigh Kavanagh; Tashi Bieler serves as producer for Blink49, alongside a creative team comprising Pancho Mansfield, Carolyn Newman and Andrew Nissen. For Bell, Rachel Goldstein-Couto is Head of Development, Original Programming; Adam Feigen is Development Executive; Melissa Williamson is Senior Production Executive; Sarah Fowlie is Head of Production; Brian Blazik is Head of Bell Media Sales at distributor Sphere Abacus; Li Yeh is Director, Strategic Planning, Carlyn Klebuc is General Manager, Original Programming; and Justin Stockman is Vice President, Global Content. Sphere Abacus, the Bell-owned sales house, is shopping the series internationally, and will be on the ground with the show at MIPCOM Cannes next week. ‘Baywatch’, ‘Shaka iLembe’ & ‘Maya’ In Deadline Dozen; ‘Heated Rivalry’s Crave Brad Bird On The Long Journey To Bring ‘Ray Gunn’ To Cinemas Maggie Gyllenhaal, Michelle Yeoh, Alfonso & Jonás Cuarón On Cinema’s Future Skydance Film Bosses & WB To-Do List: Pics That Are Ready, In Works Or On Fire Read More About: 1 Comments",0,2026-10-08 16:18:17
17,https://deadline.com/2026/10/hande-ercel-nader-saeivar-germany-diaspora-1237149799/,Hande Erçel To Star In Nader Saeivar’s Berlin-Set Drama ‘Diaspora’,Deadline,2026-10-01T00:00:00,4696,"Skip to main content By Melanie Goodfellow Melanie Goodfellow Senior International Film Correspondent @mel_goodfellow More Stories By Melanie Oscars: Rwanda Makes History As ‘Ben’Imana’ Becomes First Official Entry; Alexander Set U.S. & UK Release Hande Erçel To Star In Nader Saeivar’s Berlin-Set Drama ‘Diaspora’ Marco Bellocchio’s ‘Falcon’ Sets Sales & Announces Louis Garrel In Role Of Fiat Boss John Elkann View All October 8, 2026 4:20am Add us as a Google Preferred Source Hande Erçel Atwood Films, Sky Films EXCLUSIVE: Turkish star Hande Erçel has been unveiled as the lead actress in Iranian director and screenwriter Nadar Saeivar ’s upcoming Germany -set drama Diaspora ahead of an early 2027 shoot. Berlin-based director Saeivar, whose recent directorial credits include No End (2022), The Witness (2024) and Hijamat (2026), is also known internationally for his work with Jafar Panahi. He shared an original screenplay Oscar nomination this year with Panahi for Cannes Palme d’Or winner It Was Just An Accident , and has also collaborated with the director on a number of other works. Related Stories News 'Where's Wanda' Season 2: Watch Trailer For Apple TV's Darkly Comic German Series From UFA Fiction News Studiocanal Announces Wrap Of Final Film In Ambitious German-Language 'Woodwalkers' Trilogy Saeivar’s upcoming feature in the director’s seat will star Erçel as Merve, an educated, middle-class Turkish woman trying to rebuild her life and that of her 12-year-old son in Germany after the tragic death of her husband in Turkey . Watch on Deadline As she attempts to move on from a painful past, she finds works in the language school of a German family expecting their second child. After a meet-up between Merve, her son and the German family, she falls victim to inappropriate physical contact by the family’s 15-year-old son named Luca. Torn between remaining silent and speaking out, she decides to inform the boy’s father after the harassment recurs. However, the family refuses to believe Merve and turns the accusations against her, making her the target of severe slander. As a widowed immigrant living alone with her 12-year-old son in a foreign country, she is forced into a gruelling battle against both the justice system and societal prejudices. The family’s refusal to accept their child’s wrongdoing deepens Merve’s isolation. Striving to stay strong for her son, the young woman finds herself dragged into an exhausting struggle between law and conscience to prove her innocence. Erçel, who is known for her roles in Turkish box office hit Intoxicated by Love and Netflix show Chasing the Wind , will travel to Berlin about a month prior to shooting to begin character development, language training and creative rehearsals. She will be joined in the cast by Moritz Bleibtreu as the father of the German family with further international cast members due to be unveiled in the coming weeks. Produced jointly by Said Nur Akkus at Berlin-based Arthood Films and Emre Oskay at Istanbul-based Sky Films, Diaspora will take place entirely in Berlin, and the production will be in German, English, and Turkish. Saeivar, who was born and grew up in northwestern Iran with Turkish roots, previously explored the migrant experience in his adopted home of Berlin in Hijamat about a man hailing from the city’s Turkish community who discovers his brother is gay. “ Diaspora is born from an urgent need to re-examine the intricate, often silent dynamics between the East and the West, a relationship too frequently shaped by systemic misunderstandings, subtle prejudices, and historical projections,” said Saeivar in a director’s note. “For decades, the Western gaze has tended to view the East through a lens of either exoticism or perpetual trauma, reducing individual human complexities to mere cultural stereotypes or political statistics. When individuals from the East arrive in the West seeking peace, they often find themselves navigating an unwritten social hierarchy where their voices are muted, their boundaries violated under the guise of “cultural differences,” and their dignity traded for survival.” “This film is not merely a story of displacement; it is a call for a profound shift in perspective. True coexistence cannot be built on passive tolerance or structural superiority. A peaceful shared future demands authentic empathy.” ‘Baywatch’, ‘Shaka iLembe’ & ‘Maya’ In Deadline Dozen; ‘Heated Rivalry’s Crave Brad Bird On The Long Journey To Bring ‘Ray Gunn’ To Cinemas Maggie Gyllenhaal, Michelle Yeoh, Alfonso & Jonás Cuarón On Cinema’s Future Skydance Film Bosses & WB To-Do List: Pics That Are Ready, In Works Or On Fire Read More About: Comments",0,2026-10-08 16:18:15
16,https://deadline.com/2026/10/grace-harper-brighouse-dependence-lff-1237149782/,Grace Harper Brighouse On Bringing Her Camden Film Festival-Winning Doc ‘Dependence’ Back Home To London — LFF,Deadline,2026-10-01T00:00:00,4937,"Skip to main content By Zac Ntim Zac Ntim International Reporter @ZacharyNtim More Stories By Zac Grace Harper Brighouse On Bringing Her Camden Film Festival-Winning Doc ‘Dependence’ Back Home To London — LFF Brad Bird On The 30-Year Journey To Bring ‘Ray Gunn’ To The Big Screen — London Film Festival London Film Festival Opens With Passionate ‘Elsinore’ Homecoming Screening View All October 8, 2026 4:36am Add us as a Google Preferred Source The 2026 London Film Festival rolls into action this week. And among the headline international galas, there is once again a strong collection of homegrown titles. The most exciting is perhaps Dependence , a moving, formally experimental documentary directed by debut filmmaker Grace Harper Brighouse . Dependence premiered earlier this year at Camden, where it won the festival’s Harrell Award. The film examines the filmmaker’s strained relationship with her father, an estrangement caused by his OxyContin addiction, using a collection of home movies she shot from childhood through to adulthood, including film school rushes. Related Stories News Brad Bird On The 30-Year Journey To Bring 'Ray Gunn' To The Big Screen -- London Film Festival News London Film Festival Opens With Passionate 'Elsinore' Homecoming Screening “It was in 2013. I was making my first film at film school, about a strip pub in High Wycombe. I was having the best time,” Brighouse explains of the film’s origins. “But I was very aware that I didn’t know what I was doing. I didn’t have enough time to make the film the way I wanted.” Brighouse says her brother suggested returning home to make a film about their dad and his dying dog, Charlie. “Every year, if my dad and I hadn’t been speaking, he would say, ‘Charlie’s going to die. He’s never going to make it through the winter.’ It gave us both an off-ramp: we could be together without having to apologise to each other for whatever the reason was that we weren’t speaking,” she says. “So I came back. I’d been watching a lot of Russian documentaries, and I was really enjoying the smoke, the framing, and the very pretentious, arthouse documentary shots that I still love so much. But I realised that it had been quite a long time. I guess this is what a camera does: it lets you observe things that you don’t usually observe, particularly in your closest relationships.” Brighouse’s brother died suddenly, and the footage sat dormant for many years. “I couldn’t really watch it for a very long time. A dear friend of mine, Eleanor Mortimer, logged it for me so I could look at it without having to watch it. It was such a gift because I couldn’t do it myself.” Brighouse says she later felt an unexplainable urge to return to the material. “I would look at it and think, ‘Okay, what was here? Let me look at this.’ Slowly, I understood that I wasn’t done with that film, but it wasn’t the film I was making anymore,” she says. “So, what had it become?” The Camden programmers described Dependence as “a funny, tender, and poignant essay on family bonds.” Indeed, Dependence is a thoughtful exploration of addiction and the unique power of paternal love. The film has a breezy construction. There are time jumps, and images are presented in multiple formats. Brighouse also avoids talking heads or any of the visual tropes we’ve come to associate with films about families and addiction. She cites RaMell Ross’s wonderfully transgressive Hale County This Morning, This Evening as an influence. “That film unlocked a way for me to think about storytelling and time, and about creating a visual language that is different from the guidebook,” Brighouse says. Brighouse is credited as the director and cinematographer on Dependence . There is additional cinematography by Roger Chapman, Ronnie McQuillan, and Tom Besley. Vera Simmonds was the editor, and the film was produced by Caitlin Mae Burke and Alistair Payne-James (140 Films). Brighouse describes a scrappy production. “We had to get to a rough cut by scraping together very little money through artist residencies and paid time. Everyone had other jobs while doing it,” she says, adding that she hopes the film can find and engage with a large audience. “I hope we’ve made something where, in the end, you think, ‘I really just want to talk to my family member and tell them I love them,’” Brighouse says. “That sounds trite, but I hope the film can sit in that space of complex, messy familial love, as well as all the issues it touches on.” 140 Films is heading sales on the project. The film screens Sunday, October 11th, at the LFF . Check out a clip from Dependence above. ‘Baywatch’, ‘Shaka iLembe’ & ‘Maya’ In Deadline Dozen; ‘Heated Rivalry’s Crave Brad Bird On The Long Journey To Bring ‘Ray Gunn’ To Cinemas Maggie Gyllenhaal, Michelle Yeoh, Alfonso & Jonás Cuarón On Cinema’s Future Skydance Film Bosses & WB To-Do List: Pics That Are Ready, In Works Or On Fire Read More About: Comments",0,2026-10-08 16:18:14
15,https://deadline.com/2026/10/pbs-maigret-uktv-in-uk-pbs-masterpiece-georges-simenon-1237149821/,PBS Masterpiece’s ‘Maigret’ Finds UK Home,Deadline,2026-10-01T00:00:00,2928,"Skip to main content By Max Goldbart Max Goldbart International TV Co-Editor @Goldbart1 More Stories By Max UK Police Acknowledge Andrew Mountbatten-Windsor Search Warrants Were Unlawful Joe Sugg & Caspar Lee’s MVE Hires CAA & WME Agents In U.S. Apple TV Buys Tropic Noir Series ‘Dustfall’ Starring Anna Torv View All October 8, 2026 4:56am Add us as a Google Preferred Source 'Maigret' Masterpiece PBS/Everett Collection PBS Masterpiece ‘s Maigret reboot has found a UK home. BBC Studios-owned UKTV has taken both seasons of the Georges Simenon adaptation for its U&Drama network plus U streaming service, coming as part of a 114-hour content deal with Banijay Rights. Produced by Wolf Hall maker Playground in association with Banijay Rights, the series stars Benjamin Wainwright as Chief Inspector Jules Maigret, Stefanie Martini as Madame Louise Maigret and Blake Harrison as Joseph Torrence. It reinvents one of the world’s most recognizable crime brands, following the chief inspector and his team of loyal, maverick detectives solving crimes in Paris. It has been adapted plenty down the years including for a 2016 ITV series starring Rowan Atkinson. Related Stories News Alternativa Distribution Takes 'No Good Men' & 'Four Daughters' To MIPCOM News The Deadline Dozen: The Hottest Scripted Shows Heading To MIPCOM Including 'Baywatch', 'Einstein' & 'Maya' Starring Bella Ramsey The deal between UKTV and Banijay Rights is also for the second season of A Remarkable Place to Die , Agatha & The Midnight Murders , Ambulance (Series 12 and 13), Lost and Found in the Lakes , Saving Lives at Sea (Series 9 and 10) and Tribe with Bruce Parry . Watch on Deadline Karin Marelle, Global Head of Acquisitions, UKTV and BBC Studios, said: “ Maigret is one of the most recognisable detective brands in the world, so we are delighted to be bringing this brand-new adaptation to viewers on U and U&DRAMA.” The news comes ahead of next week’s MIPCOM Cannes, where Banijay Rights executives will be out in force with a new-look catalog incorporating All3Media International’s fare. Maigret is a Playground co-production for Masterpiece in association with Banijay Rights, Windhover Films, and Georges Simenon Limited. Executive producers are Hilary Strong and Patrick Harbinson, with David Stern and Colin Callender for Playground. Executive producer for Masterpiece is Susanne Simpson. Executive producers for Banijay Rights are Cathy Payne and Simon Cox. The series is produced by Tim Whitby and created for television and written by Harbinson. The series is directed by Harbinson, Faye Gilbert and David Evans. ‘Baywatch’, ‘Shaka iLembe’ & ‘Maya’ In Deadline Dozen; ‘Heated Rivalry’s Crave Brad Bird On The Long Journey To Bring ‘Ray Gunn’ To Cinemas Maggie Gyllenhaal, Michelle Yeoh, Alfonso & Jonás Cuarón On Cinema’s Future Skydance Film Bosses & WB To-Do List: Pics That Are Ready, In Works Or On Fire Read More About: Comments",0,2026-10-08 16:18:13
14,https://deadline.com/2026/10/bbc-netflix-streamers-strategic-partnerships-1237149802/,BBC Chief Meets Netflix CEO & Other Streamers In Bid To Forge “Strategic Partnerships”,Deadline,2026-10-01T00:00:00,3988,"Skip to main content By Jake Kanter Jake Kanter International Investigations Editor @Jake_Kanter More Stories By Jake BBC Staff Raise Concerns About Director-General’s Praise For AI-Generated ‘Doctor Who’ BBC Chief Meets Netflix CEO & Other Streamers In Bid To Forge “Strategic Partnerships” ‘Baby Reindeer’ Battle Reignites: Netflix Suffers Blow In Bid To Get Fiona Harvey Lawsuit Spiked View All October 8, 2026 5:07am Add us as a Google Preferred Source BBC boss Matt Brittin Getty EXCLUSIVE : BBC director general Matt Brittin has spent time in recent weeks meeting with the leaders of U.S. streamers in an effort to showcase more of the corporation’s content. Brittin, a former Google executive, told staff on Wednesday that he had met with the “global leadership” of Netflix , Amazon Prime Video , Apple TV, and YouTube in an effort to forge “strategic partnerships.” Deadline understands, for example, that Brittin sat down with Greg Peters when the Netflix co-CEO visited London in recent weeks. Related Stories News BBC Apologizes ""Unreservedly"" And Removes Article Accusing PinkNews Founder Of Sexual Misconduct News Brad Bird On The 30-Year Journey To Bring 'Ray Gunn' To The Big Screen -- London Film Festival Brittin has put partnerships at the heart of his agenda in his early months at the BBC, though it is not yet clear how closer collaboration could work with U.S. streamers. Watch on Deadline The director general told staff: “Since I’ve been here, we’ve met with the global leadership of Netflix, Amazon, Apple and YouTube to talk about not just the individual things that we’re doing, but what if we step back and say, ‘What are all the things we could do to help the BBC to transform at this time?’ “Because of our reputation and our trust internationally, I think we can get a lot more out of players like that, as well as the many partners we have in other parts of the BBC as well.” Brittin added that he wants to ensure that the BBC’s content is more “prominent” on Netflix and YouTube, and has previously spoken about making more BBC News output available on these services. In a deal that predated his arrival, the BBC agreed to produce original YouTube shows for the first time under a pact with the Google-owned video service. Brittin’s proposals are also in step with the British government’s plan to compel YouTube to promote public service content. YouTube has expressed reservations about this, calling it “forced prominence.” Brittin’s comments on streamer partnerships come as Reuters reported that the BBC and Channel 4 are scoping out a joint-venture deal. This could include BBC Studios combining UKTV with Channel 4’s advertising operations, channels including E4 and Film4, and its streaming service. Channel 4’s main network would not be included in such an arrangement, Reuters reported. Brittin and Channel 4 CEO Priya Dogra have spoken openly about a partnership, including iPlayer hosting Channel 4 shows. Dogra has, however, warned against the BBC acquiring full control of Channel 4. A BBC spokesperson said: “We won’t be providing any comment, but as we’ve said before, we believe increased collaboration between all public service broadcasters is vital to ensure the industry thrives in a highly competitive global marketplace.” Channel 4 said: “We won’t be commenting on any speculation but we welcome and support greater collaboration between public service media and strongly believe working together can strengthen impact, innovation and sustainability in UK broadcasting. Channel 4 and the BBC already have a successful commercial relationship, involving ad sales for UKTV and the carriage of U on 4Streaming.” ‘Baywatch’, ‘Shaka iLembe’ & ‘Maya’ In Deadline Dozen; ‘Heated Rivalry’s Crave Brad Bird On The Long Journey To Bring ‘Ray Gunn’ To Cinemas Maggie Gyllenhaal, Michelle Yeoh, Alfonso & Jonás Cuarón On Cinema’s Future Skydance Film Bosses & WB To-Do List: Pics That Are Ready, In Works Or On Fire Read More About: 1 Comments",0,2026-10-08 16:18:12
13,https://deadline.com/2026/10/microsoft-xbox-launches-xp-division-minecraft-fallout-1237149777/,"Eyeing More ‘Minecrafts’ And ‘Fallouts’, Microsoft Xbox Launches XP Unit To Take Properties Beyond Video Games",Deadline,2026-10-01T00:00:00,3307,"Skip to main content By Dade Hayes Dade Hayes Business Editor @dadehayes More Stories By Dade Joe Rogan Sets Multi-Year Extension With Spotify Eyeing More ‘Minecrafts’ And ‘Fallouts’, Microsoft Xbox Launches XP Unit To Take Properties Beyond Video Games ‘Beyond The Spider-Verse’ Director Bob Persichetti On “Limitless” Fan Expectations And “Never Saying No” View All October 8, 2026 5:15am Add us as a Google Preferred Source Jack Black promotes 'A Minecraft Movie' Courtesy Microsoft Xbox , hoping to replicate the success of franchises like Minecraft and Fallout , is launching a new division called XP designed to extend properties beyond video games . The XP name is described as a play on “experience points.” It has four main components: Xbox Pictures for film and TV adaptations; Xbox Products for licensing and merchandise; Xbox Partnerships for sponsors and brand partners; and Xbox Places for broadcast and in-person events. “Our franchises can mean more to people than the time they spend playing them,” CEO Asha Sharma explained to employees in a staff memo Thursday. Related Stories Casting Walton Goggins Joins Michael B. Jordan And Austin Butler In 'Miami Vice '85' At Universal News Xbox Continues ""Reset"" With Additional Layoffs And Restructuring Expanding properties beyond video games then creates a virtuous cycle, Xbox says. Fallout titles on Xbox Game Pass saw a 5x increase in hours played during Fallout ‘s first season on Prime Video. Minecraft saw over a 75% increase in weekly active users of the game year-over-year since the movie’s release in the spring of 2025. Watch on Deadline Hollywood, meanwhile, has finally found its groove with adapting games into films and series. Sony revived Resident Evil last month and HBO drew big viewership and critical praise with The Last of Us , just to name a couple of recent success stories. The XP news comes after Xbox has initiated a self-described “reset” with multiple rounds of layoffs and restructured its studio businesses to adapt to a changing operating environment in the games sector. In 2023, Microsoft acquired Activision Blizzard for $69 billion at a moment when mobile and casual gaming was starting to upend the traditional console business. Kayleen Walters, a former Lucasfilm executive, has been named president of XP. She is expected to build a team at the division from staffer both internal and external. Maria Angelidou-Smith is joining Xbox as CEO of Mojang and Minecraft after nearly a decade at Meta. After spending 13 years at Lucasfilm working on Star Wars, Walters helped grow Xbox’s consumer products arm into a mult-billion-dollar business with more than 250 licenses. She was an executive producer of A Minecraft Movie , and is a full producer on its sequel, which is currently in production. “Fans don’t just play our franchises,” Walters wrote to employees in an email to her team. “They watch them, wear them, attend them, celebrate them, and connect with them in countless ways.” ‘Baywatch’, ‘Shaka iLembe’ & ‘Maya’ In Deadline Dozen; ‘Heated Rivalry’s Crave Brad Bird On The Long Journey To Bring ‘Ray Gunn’ To Cinemas Maggie Gyllenhaal, Michelle Yeoh, Alfonso & Jonás Cuarón On Cinema’s Future Skydance Film Bosses & WB To-Do List: Pics That Are Ready, In Works Or On Fire Read More About: Comments",0,2026-10-08 16:18:11
