id,url,title,source,publication_date,text_length,full_text,is_duplicate,created_at
15,https://variety.com/2026/film/global/the-beatles-licensing-merch-deal-universal-music-1236838031/,The Beatles Ink Licensing and Merch Deal With Universal Music Ahead of Biopics,Variety,2026-08-19T09:35:02,4134,"Aug 19, 2026 2:35am PT The Beatles Ink Licensing and Merch Deal With Universal Music Ahead of Biopics By K.J. Yossman Plus Icon K.J. Yossman @KJYossman Latest Phyllida Law, Scottish Actress and Mother of Emma and Sophie Thompson, Dies at 94 16 hours ago ‘Slow Horses’ Season 6 Trailer: Olivia Cooke’s Sid Makes a Surprise Return as Gary Oldman Warns Slough House Gang to Go on the Run 21 hours ago Disneyland Paris to Welcome ‘The Lion King’ Animatronics, Re-Themed Space Mountain and New Parade 2 days ago See All Courtesy of Universal Music The Beatles rights-holding company Apple Corps has come together with Universal Music Group to ink a wide-ranging licensing and merch deal for all things related to the fab four. It will include physical and digital merchandise, licensing, and e-commerce. “The Beatles embody music’s power to change the world, and that influence makes them one of the most iconic and enduring cultural brands of all time,” said Lucian Grainge, chairman and CEO of Universal Music Group. We’re grateful for Apple Corps’ trust as we deepen our global partnership, while protecting and growing The Beatles’ legacy through authentic fan experiences worthy of their artistry. As a lifelong Beatles fan, building on the relationships forged over the past 14 years is one of the great highlights of my career.” Related Stories ‘I Is Another’ Review: An Impeccable Claes Bang Plays Felix Kersten, Massage Therapist to Heinrich Himmler and Would-Be Nobel Laureate 'Wild Inside' Review: The Story of the Central Park Owl Becomes a Moving and Haunting Documentary The worldwide exclusive pact comes ahead of the highly-anticipated quartet of Sam Mendes biopics about the group, in which Paul Mescal will play Paul McCartney, Harris Dickinson portrays John Lennon, Joseph Quinn stars George Harrison, and Barry Keoghan is Ringo Starr. Titled “The Beatles – A Four Film Cinematic Event,” the four-movie project is currently in production and set to be released in 2028. Popular on Variety Apple Corps – unrelated to the Steve Jobs-founded tech company – was formed in 1968 to oversee The Beatles’ creative and business interests. The entity has embarked on a vigorous program of experiences and other projects to introduce the legendary band to a new generation of fans. Chief among them is an upcoming immersive experience in London, due to launch in 2027, which will feature seven floors of archival material as well as a store selling merchandise and a recreation of the studio where “Let it Be” was recorded. The building, on 3 Savile Row, is where the group played an unforgettable rooftop concert and fans will have an opportunity to relive the experience on the spot it took place. “We are delighted to partner with UMG on a new global merchandising deal,” said Tom Greene, CEO of Apple Corps. “There has never been a more exciting time to work on The Beatles as we look ahead to the 3 Saville Row fan experience in 2027, and our biopic movies in 2028. The Beatles’ message has never been more relevant or needed in the world today, and we look forward to delighting millions of fans with everything we have planned.” Netflix Calls for Cap on French Content Investment Rules, Warning Current System Is ‘Unsustainable’ Cannes Critics’ Week Film ‘Six Months in a Pink and Blue Building’ Sells to Strand Releasing for North America (EXCLUSIVE) France’s National Film Board to Reduce Funding for Productions That Fail Gender Equality Targets Sundance Prizewinner Blerta Basholli on Kosovar War Drama ‘Dua’: ‘Teenagers Growing Up in Conflict Zones Are No Different From Any of Us’ Variety Toasts French Cinema With Post-Cannes Summer Dinner at Paris’ Laperouse With Thierry Fremaux, Guillaume Canet, Pierre-Antoine Capton, Rebecca Zlotowski and Anamaria Vartolomei Cannes Breakout Comedy ‘Jim Queen’ Closes Key Deals Ahead of Annecy Screening (EXCLUSIVE) Loading comments... More From Our Brands Rolling Stone Hilary Duff Shares Memories of Hayden Panettiere as Young Stars Navigating Fame Robb Report Porsche Says the Taycan E.V. Isn’t Going Anywhere Sportico Lakers Sale Complicated by Jeanie Buss Spat With Siblings",0,2026-08-19 09:39:40
1,https://deadline.com/2026/08/fatih-akin-ghost-song-san-sebastian-film-festival-1237045062/,Fatih Akin’s ‘Ghost Song’ To Open San Sebastián Film Festival,Deadline,2026-08-19T09:25:56,2775,"Skip to main content By Zac Ntim Zac Ntim International Reporter @ZacharyNtim More Stories By Zac French Film Producer Nicolas Altmayer & Dior Executive Mathilde Favier Die In Car Accident ‘Club Kid’ & ‘The Man I Love’ Among Titles Added To San Sebastian Lineup Marc Turtletaub To Direct Feature Adaptation Of Ben Reeves’ Novel ‘Everything Was Beautiful And Nothing Hurt’ View All August 19, 2026 2:25am San Sebastián Film Festival Ghost Song , the latest feature from German filmmaker Fatih Akin , will open this year’s San Sebastián Film Festival. The title was confirmed this morning by the Spanish festival. Ghost Song will screen on September 18 at the Kursaal following the opening ceremony. Akin will compete for the Golden Shell for the first time in his decades-long career. Ghost Song stars Mariam Dawoud and Eren M. Güvercin. The young actors play Farasha and Faris, who meet at a graduation party and fall in love at first sight. The synopsis reads: When Farasha suddenly dies that same night, an extraordinary love story unfolds between two worlds as she finds a way to meet Faris in his dreams. Also starring are Carlotta von Falkenhayn and Gabriel-Winner Amorim. Related Stories Acquisitions Beta Cinema Unveils Fresh Deals For Fatih Akin's Cannes-Selected End Of WWII Drama 'Amrum' News 'Los Domingos' Claims Golden Shell, 'The Voice Of Hind Rajab' Takes Audience Award At San Sebastián Film Festival - Full List Of Winners Ghost Song is among 16 other titles set to screen as part of the festival’s Official Selection. Other titles include Mike Leigh’s latest feature Tender Loving Care and My Sad Dead , a new series from Chilean filmmaker Pablo Larraín. My Sad Dead will screen at San Sebastián in its feature-length format. Starring are Mercedes Morán, Dolores Fonzi, and Carolina Álvarez. The project is based on four short stories by Mariana Enríquez and tells the story of Ema, a woman with the ability to see and hear the dead. The San Sebastián screening will be a World Premiere. Watch on Deadline Leigh’s Tender Loving Care will arrive at San Sebastián after its TIFF screening. Marion Bailey, Paul Jesson, Kate O’Flynn, and Alice Bailey Johnson star in the film. No synopsis for Tender Loving Care has been provided on either the San Sebastián or TIFF website. San Sebastian simply describes the film as an “insightful exploration of the contemporary world.” The 2026 San Sebastián Film Festival runs from September 18 to 26. David Heyman Inks First-Look Deal With Amazon MGM After Long WB Run ‘Hamburger Hill’ & ‘Tinker Tailor’ Director John Irvin; Brit Actress Phyllida Law ABC Files Suit Against FCC, Claiming “Retaliatory Campaign” Against Free Speech ‘Spider-Man: Brand New Day’ Fastest To Cross $800 Million In U.S. Read More About: Comments",0,2026-08-19 09:39:23
25,https://www.hollywoodreporter.com/movies/movie-news/san-sebastian-2026-fatih-akin-ghost-song-opening-film-1236676846/,San Sebastian Film Festival to Open With Fatih Akin’s ‘Ghost Song’,Hollywood Reporter,2026-08-19T09:25:15,2766,"× Skip to main content By Georg Szalai Plus Icon Georg Szalai Global Business Editor View All August 19, 2026 2:25am 'Ghost Song' film still Courtesy of San Sebastian Film Festival The world premiere of the Fatih Akin film Geister ( Ghost Song ) will open the competitive official selection of the San Sebastián Film Festival’s 74th edition. The film directed by Akin will screen on Sept. 18 at the Kursaal in the Spanish city, following the opening ceremony. The news means that Akin will compete for San Sebastian’s Golden Shell for the first time with a full-length film. Starring Mariam Dawoud and Eren M. Güvercin as Farasha and Faris, who meet at a graduation party and fall in love at first sight, Ghost Song sees Farasha suddenly dying that same night. A love story unfolds between two worlds, as she finds a way to meet Faris in his dreams. Related Stories Movies Sandra Wollner and 'Everytime' Hit Sarajevo on the Festival Circuit: ""You Can Feel the History Here"" Movies Brad Pitt Joins Wim Wenders' Peter Zumthor Doc as Executive Producer (Exclusive) Or as a synopsis puts it: “Farasha and Faris are 20 when they meet at a graduation party – one glance that changes everything. But Farasha dies that very same night. Refusing to be separated from him, she discovers a way to cross the boundary between worlds: for 40 nights, and 40 nights only, she can meet Faris in his dreams. And so their love continues to grow, until the very last night.” German filmmaker Akin is known for the likes of Head-On (2004), the recipient of the Golden Bear at the Berlinale. He later won the best screenplay award at Cannes for The Edge of Heaven (2007) and the special jury prize at Venice for Soul Kitchen (2009). In addition to developing a solid career as a director, screenwriter, producer and actor, Akin has put his name to titles including The Cut (2014), premiered in competition at Venice; Aus dem Nichts / In the Fade (2017), which recognised Diane Kruger as Best Actress in Cannes and won the Golden Globe for Best Foreign Language Film; The Golden Glove (2019), premiered in Berlin; Rheingold (2022), watched by more than a million spectators in Germany, and Amrum (2025), which was also presented at the French festival. The German director therefore completes the list of the 17 feature films to compete for the Golden Shell and other official awards at the San Sebastián Festival’s 74th edition. The competitive Official Selection includes the new works from Fatih Akin, Roberto Bueso, Fred Cavayé, Jesse Eisenberg, Nicole Garcia, Mikel Gurrea, Amanda Kernell, Pablo Larraín, Mike Leigh, Gabriel Martins, Hans Petter Moland, Benjamín Naishtat, Javier Ruiz Caldera and Yeşim Ustaoğlu, as well as the debut films from Ah Biao, Maha Harada and Tony Vahl. THR",0,2026-08-19 09:39:51
16,https://variety.com/2026/film/news/yami-gautam-dhar-nayyi-navelli-october-release-1236837564/,"Yami Gautam Dhar’s ‘Nayyi Navelli’ Sets October Release From Amazon MGM Studios, Colour Yellow (EXCLUSIVE)",Variety,2026-08-19T09:25:00,3942,"Aug 19, 2026 2:25am PT Yami Gautam Dhar’s ‘Nayyi Navelli’ Sets October Release From Amazon MGM Studios, Colour Yellow (EXCLUSIVE) By Naman Ramachandran Plus Icon Naman Ramachandran Latest Sci-Fi Horror Comedy ‘Flapjax’ Boards Blue Finch Films for Sales Ahead of Fantastic Fest Bow (EXCLUSIVE) 56 minutes ago Hybrid-AI Mandopop Musical ‘Alishan Escape’ Set at Red Empire, OMG (EXCLUSIVE) 2 hours ago Kim Jong-kwan’s ‘The Table: Day and Night’ to Open Busan 3 hours ago See All Amazon MGM Studios Amazon MGM Studios and Colour Yellow have set “ Nayyi Navelli ,” an Indian fantasy family entertainer starring Yami Gautam Dhar , for release in cinemas this October, timed to the Dussehra festival period. Balaji Mohan directs from a script by Himanshu Sharma and Divy Nidhi Sharma. Aanand L Rai and Sharma produce through Colour Yellow, marking the banner’s first collaboration with Amazon MGM Studios. G.V. Prakash Kumar composes the music. Related Stories 'Tony' Review: Dominic Sessa Gives His First Movie-Star Performance in Matt Johnson's Tasty Biopic About the Young Anthony Bourdain 'I Rarely Wake Up Dreaming' Review: An Affecting Trans Relationship Drama Brings Fresh Perspective to the War in Ukraine The story follows a new bride whose arrival turns a turbulent household in Meerut into a picture of domestic harmony, until her brother-in-law grows convinced that his seemingly perfect sister-in-law is secretly a “daayan,” or witch. The film is billed as a blend of family comedy and fantasy adventure built around festive theatrical viewing. Popular on Variety Nikhil Madhok, director and head of SVOD Originals at Prime Video India and Amazon MGM Studios, called the project a natural fit for the holiday. “As we saw ‘Nayyi Navelli’ finally come together, there was an instant, collective realization that this is THE Dussehra film. No other date would do it justice,” Madhok said. He added that Gautam Dhar and the supporting cast delivered strong performances, and that the studio, working alongside Colour Yellow, expects the film to be a top choice for family audiences during the holiday. Rai described the project as one built on surprise. “‘Nayyi Navelli’ is the kind of story that surprises you at every turn,” he said, noting that he and Sharma were drawn to how the script folds fantasy, comedy and adventure into a story about family. Rai said Gautam Dhar was an obvious fit for the role, bringing both warmth and mischief to the part, and that he is looking forward to the studio’s first project with Amazon MGM Studios reaching audiences. Colour Yellow, founded by Rai, has built its slate around original stories with strong character work, including “Raanjhanaa,” “Tanu Weds Manu,” “Tere Ishk Mein,” “Tumbbad” and “Tu Yaa Main.” Yami Gautam Dhar’s most recent role was a cameo in blockbuster “Dhurandhar: The Revenge,” and she headlined “Haq” and “Article 370.” “Nayyi Navelli” opens in cinemas on Oct. 16. Sundance Prizewinner Blerta Basholli on Kosovar War Drama ‘Dua’: ‘Teenagers Growing Up in Conflict Zones Are No Different From Any of Us’ Variety Toasts French Cinema With Post-Cannes Summer Dinner at Paris’ Laperouse With Thierry Fremaux, Guillaume Canet, Pierre-Antoine Capton, Rebecca Zlotowski and Anamaria Vartolomei Netflix Calls for Cap on French Content Investment Rules, Warning Current System Is ‘Unsustainable’ Cannes’ Critics’ Week Reveals Lineup of Armenian Filmmakers Taking Part in Next Step Studio Program (EXCLUSIVE) Cannes Breakout Comedy ‘Jim Queen’ Closes Key Deals Ahead of Annecy Screening (EXCLUSIVE) Cannes Critics’ Week Film ‘Six Months in a Pink and Blue Building’ Sells to Strand Releasing for North America (EXCLUSIVE) Loading comments... More From Our Brands Rolling Stone Hilary Duff Shares Memories of Hayden Panettiere as Young Stars Navigating Fame Robb Report Porsche Says the Taycan E.V. Isn’t Going Anywhere Sportico Lakers Sale Complicated by Jeanie Buss Spat With Siblings",0,2026-08-19 09:39:41
2,https://deadline.com/2026/08/the-beatles-apple-corps-universal-music-group-partnership-1237045043/,The Beatles’ Apple Corps & Universal Music Group Set Merchandise Partnership,Deadline,2026-08-19T09:16:23,3284,"Skip to main content By Zac Ntim Zac Ntim International Reporter @ZacharyNtim More Stories By Zac French Film Producer Nicolas Altmayer & Dior Executive Mathilde Favier Die In Car Accident ‘Club Kid’ & ‘The Man I Love’ Among Titles Added To San Sebastian Lineup Marc Turtletaub To Direct Feature Adaptation Of Ben Reeves’ Novel ‘Everything Was Beautiful And Nothing Hurt’ View All August 19, 2026 2:16am Credit: Apple Corps Ltd. Universal Music Group (UMG) will handle all worldwide physical and digital merchandise, licensing, and e-commerce related to The Beatles as part of a new long-term partnership with Apple Corps . The deal between the two entities was confirmed this morning. UMG already handles The Beatles’ music catalog and notably brought the band’s recordings to streaming sites for the first time in 2015. This deal comes just before a series of high-profile cultural events related to the band’s history. In 2027, Apple Corps will launch The Beatles at 3 Savile Row , a new fan experience. The event will feature seven floors of never-seen-before material from Apple Corps’ extensive archives, rotating exhibitions, a fan store, and the recreation of the original studio where Let It Be was recorded. Related Stories News Sam Mendes' Beatles Biopic Recreates 'Abbey Road' Album Cover In Behind-The-Scenes Video -- Watch News CJ ENM's Mnet & Universal Music Group's Republic Partner To Launch Global Girl Group Sam Mendes’ The Beatles – A Four Film Cinematic is also set for 2028. The project marks the first time Apple Corps Ltd and The Beatles have granted full life story and music rights for a scripted film. Earlier this month, we reported that Mendes and his crew were heading to London’s Abbey Road this summer to shoot key scenes for the movie. Footage of the production recreating the iconic Abbey Road album cover has since made its way onto social media. Watch on Deadline Another look at Harris Dickinson, Paul Mescal, Joseph Quinn and Barry Keoghan recreating the Abbey Road Album cover 🎬 #BeatlesBiopics https://t.co/S3Oie6cGOE pic.twitter.com/ALH4YibZRn — Beatles Biopics Updates (@BeatlesBiopics) August 16, 2026 Paul Mescal ( Gladiator II ) plays Paul McCartney in the film. Joseph Quinn ( The Fantastic Four: First Steps ) is George Harrison, Barry Keoghan ( Saltburn ) is Ringo Starr, and Harris Dickinson ( Babygirl ) is playing John Lennon. In addition to the Fab Four castings, several big names have been tapped to portray other important characters in The Beatles’ lives. Deadline broke the news that James Norton ( Happy Valley ) has been cast as Brian Epstein, The Beatles’ longtime manager, in the films. Additionally, Saoirse Ronan ( Lady Bird ) plays McCartney’s first wife, Linda McCartney; Mia McKenna-Bruce ( How To Have Sex ) will play Starr’s first wife, Maureen Starkey; Anna Sawai ( Shōgun ) will play Lennon’s wife, Yoko Ono; and Aimee Lou Wood ( The White Lotus ) will play Harrison’s first wife, Patty Boyd. David Heyman Inks First-Look Deal With Amazon MGM After Long WB Run ‘Hamburger Hill’ & ‘Tinker Tailor’ Director John Irvin; Brit Actress Phyllida Law ABC Files Suit Against FCC, Claiming “Retaliatory Campaign” Against Free Speech ‘Spider-Man: Brand New Day’ Fastest To Cross $800 Million In U.S. Read More About: Comments",0,2026-08-19 09:39:24
3,https://deadline.com/2026/08/bookish-season-3-festive-special-mark-gatiss-drama-1237045024/,Mark Gatiss Drama ‘Bookish’ Returning For Third Chapter & Festive Special,Deadline,2026-08-19T09:09:33,1981,"Skip to main content By Jesse Whittock Jesse Whittock International TV Co-Editor @WhittockTweets More Stories By Jesse Hulu Buys ‘The Promise: Finding My Mother’s Killer’ & Australia Drama ‘Invisible Boys’ Screen Australia Report Points To Fight For Attention Facing Producers & Creators CAA Hires Sophie Crowther To Expand UK-Based Creators Team View All August 19, 2026 2:09am 'Bookish' Nicolas Velter There’s a third chapter coming for Gabriel Book. Mark Gatiss ‘s cozy crime drama, Bookish , has landed a Season 3 order at UKTV ‘s U&Alibi channel, and a two-part Christmas special for this year. The third season will run to six episodes and is set to launch in 2027. Bookish: The Crown of Destiny , the festive special, will see bookkeeper Book (Gatiss) involved in a seasonal mystery, while the third season will go into production later this year. More details will come over the next few months. Eagle Eye Drama , which is part of ITV Studios, makes Bookish in association with Happy Duck Films , and with supported from the Belgian Tax Shelter. Germany-based Beta Film handles world sales as international distributor and PBS Distribution holds North American rights. Internationally, Bookish has shopped to over 100 territories , including to Radio-Canada in Canda, HBO Max in Australia, RAI in Italy and AMC Networks in Latin America. Watch on Deadline The show follows Gatiss, who created the format, as unconventional bookshop owner Book, who helps police solve crimes in the years after World War II. He has a lavender marriage with Trottie (Polly Walker), which helps hide his sexuality during an era when homosexuality was illegal in the UK. David Heyman Inks First-Look Deal With Amazon MGM After Long WB Run ‘Hamburger Hill’ & ‘Tinker Tailor’ Director John Irvin; Brit Actress Phyllida Law ABC Files Suit Against FCC, Claiming “Retaliatory Campaign” Against Free Speech ‘Spider-Man: Brand New Day’ Fastest To Cross $800 Million In U.S. Read More About: 1 Comments",0,2026-08-19 09:39:26
17,https://variety.com/2026/film/global/san-sebastian-fatih-akin-ghost-song-opening-film-1236838036/,San Sebastián Sets Fatih Akin’s ‘Ghost Song’ as Opening Night Film,Variety,2026-08-19T09:04:19,4518,"Aug 19, 2026 2:04am PT San Sebastián Sets Fatih Akin’s ‘Ghost Song’ as Opening Night Film ‘Arthouse for teenagers,’ ‘Ghost Song’s’ opening film berth marks the latest recognition for Akin who won a Berlin Golden Bear for ‘Head-On’ and Golden Globe for ‘In the Fade’ By John Hopewell Plus Icon John Hopewell Chief International Correspondent john_hopewell Latest San Sebastián Sets Fatih Akin’s ‘Ghost Song’ as Opening Night Film 35 minutes ago Locarno Takeaways: A Charming Olivia Wilde, Navigating an Industry Crunch and One Reason Why There Should Be More Women Filmmakers 5 days ago San Sebastián Co-Production Forum: Celina Murga, Mariana Rondón, Matias Mariani, Santiago Loza and Christopher Murray Among Selected 6 days ago See All 'Ghost Song' Courtesy of San Sebastián Film Festival “Ghost Song” (“Geister”), from multi-prized German auteur Fatih Akin (“In the Fade”), has been set as the opening night film at this year’s San Sebastián Film Festival. A world premiere, “Ghost Song” is hailed by the San Sebastián Festival as “a poetic drama about loss and longing.” It will bow at San Sebastián on Sept. 18, playing in main competition, after a opening gala where Werner Herzog will accept a San Sebastián career achievement Donostia Award, giving San Sebastián’s get-go a strong German accent, after Germany has scored nine productions and coproductions at Locarno, 22 at Venice and 18 at Toronto. Related Stories 'Super Troopers 3' Review: A Cult Comedy Franchise Seeks No Converts in Instantly Forgettable Third Go-Round 'PAW Patrol: The Dino Movie' Review: The Dog-Cop Franchise Pushes an ACAB Message, Only It's All Canines Are Benevolent Sold by Beta Cinema and starring Eren M. Güvercin (“Banksters”) and Mariam Dawoud, “Ghost Song” turns on Farasha, 20, who after her death, enters Faris’ dreams, sparking what is described as “a passionate romance that blurs the line between dreams and reality.” Popular on Variety Akin has called “Ghost Song” “a love story, but not like the Patrick Swayze-Demi Moore film — though maybe it is a mix between the Patrick Swayze-Demi Moore film and Jean-Paul Sartre. It’s a mix of that.” The berth marks the latest honor for Akin who broke out with 2004’s “Head-On,” which scooped a Berlin Golden Bear, while The Edge of Heaven (2007) took a Cannes best screenplay, while 2017’s “In the Fade” won best actress at Cannes for Diane Kruger tour de force performance and a Golden Globe in the foreign language film category. A career packed by big fest prizes and critical acclaim came to near total halt with Venice competition contender “The Cut,” bog budget ($21 million) tale set about the 1915 Armenian genocide, sparking a more eclectic mid career with a return to form via 2017’s “In the Fade” but also the more experimental neo-horror “The Golden Glove,” and last year’s “Amrun,” inherited from friend and mentor Hark Bohm and a 1945 coming-of-age tale which has proved Akun’s biggest commercial hit of his career in Germany, helping to sae his production company, he has recognised. Arthouse for teens, as Akin has said, “Ghost Song” looks like another departure though reflecting his resolution “with each film to do it different.” As younger audiences replace ageing baby boomers at archaise cinemas in Europe, “Ghost Song” also reflects a marked move toward younger-skewing arthouse, whether a conscious market ploy or not. “Ghost Song” is produced by Akin’s label Bombero International and Warner Bros. Film Productions Germany, in co-production with Rialto Film, his partners on “Amrun.” Variety Toasts French Cinema With Post-Cannes Summer Dinner at Paris’ Laperouse With Thierry Fremaux, Guillaume Canet, Pierre-Antoine Capton, Rebecca Zlotowski and Anamaria Vartolomei Netflix Calls for Cap on French Content Investment Rules, Warning Current System Is ‘Unsustainable’ Cannes’ Critics’ Week Reveals Lineup of Armenian Filmmakers Taking Part in Next Step Studio Program (EXCLUSIVE) Cannes Breakout Comedy ‘Jim Queen’ Closes Key Deals Ahead of Annecy Screening (EXCLUSIVE) France’s National Film Board to Reduce Funding for Productions That Fail Gender Equality Targets Cannes Critics’ Week Film ‘Six Months in a Pink and Blue Building’ Sells to Strand Releasing for North America (EXCLUSIVE) Loading comments... More From Our Brands Rolling Stone Hilary Duff Shares Memories of Hayden Panettiere as Young Stars Navigating Fame Robb Report Porsche Says the Taycan E.V. Isn’t Going Anywhere Sportico Lakers Sale Complicated by Jeanie Buss Spat With Siblings",0,2026-08-19 09:39:42
18,https://variety.com/2026/film/global/marcus-anthony-thomas-psychological-thriller-cast-me-1236837237/,‘House of the Dragon’ Directing Mentorship Alum Marcus Anthony Thomas Sets Cast for British Psychological Thriller ‘Cast Me!’ (EXCLUSIVE),Variety,2026-08-19T08:39:51,5661,"Aug 19, 2026 1:39am PT ‘House of the Dragon’ Directing Mentorship Alum Marcus Anthony Thomas Sets Cast for British Psychological Thriller ‘Cast Me!’ (EXCLUSIVE) By Alex Ritman Plus Icon Alex Ritman @alexritman Latest Oasis Documentary Trailer Takes Fans Behind the Scenes of Band’s Dramatic Reunion: ‘Will It Fall Apart Again?’ 20 hours ago Edinburgh Film Festival Competition Directors on the Craziest, Most Challenging Moments Making Their First Features and Why They Can’t Wait to Do It Again: ‘It’s an Addiction’ 20 hours ago Amy Schumer to Star in and Produce Break-Up Comedy ‘Best Divorce Ever’ (EXCLUSIVE) 2 days ago See All Photos supplied by filmmakers Marcus Anthony Thomas, who completed a directing mentorship on “ House of the Dragon ,” has started production on his directorial feature debut. Now shooting in London, psychological thriller “Cast Me!” will be led by rising star IIniki Mariano in her debut feature role, with Samuel Adewunmi (“The Last Tree”), Stella Gonet (“Spencer”), Dean-Charles Chapman (“1917,” “Game of Thrones”) and Clare Holman (“Inspector Morse,” “Lewis”) rounding out the principal cast. The film is being produced by Jordi Morera for 2020Films. Related Stories Noah Kahan Turns His 'Miserable' Material Into Manic Elation at Triumphant Rose Bowl Stadium Show: Concert Review 'Snapshot' Review: A Nifty Calling-Card Debut Refashions the Jack the Ripper Story as Found-Footage Horror Written and directed by Thomas, “Cast Me!” follows Aanya, a young actor who believes she has landed the role of a lifetime after an audition with a famous actor-turned-first-time director. But when the studio overturns the casting decision, her search for answers spirals into obsession, blurring the line between ambition, performance and reality. Popular on Variety Thomas was selected for Warner Bros. Discovery’s full-time, 16-month directing mentorship programme, where he shadowed directors on the first season of HBO’s “House of the Dragon,” including showrunner Miguel Sapochnik. “Cast Me!” marks his move into feature filmmaking following a body of short-form work that has screened and won awards at BAFTA- and Oscar-qualifying festivals globally. “I’m exceptionally grateful to have had the opportunities to witness the process of so many directors working at the highest possible level and to marry that observation with my own exploration of who I am as a storyteller, it really feels like the perfect time to be directing my debut feature,” said Thomas. “‘Cast Me!’ explores the psychological cost of pursuing one’s dreams in the modern age, a core idea that transcends disciplines into universality. So much so, that we have managed to attract an exceptional cast and crew who all really believe in this story. The energy on set is exciting and I can’t wait for an audience to experience the end result!” “Cast Me!” marks the first feature from Morera’s 2020Films banner to go into production. Morera has produced more than 30 short films across fiction and animation, including “Do Not Feed the Pigeons,” which won the BAFTA for Best British Short Animation in 2022. “Marcus and I have been making films together since 2019, and I’ve seen first-hand the distinctive voice and ambition he brings to his work,” said Morera. “Given how challenging the landscape for independent filmmaking has become, we made the decision to take the leap and find a way to get ‘Cast Me!’ made. It feels like the natural next step in that journey and is an important milestone for 2020Films as the first feature from our slate to enter production. I’m incredibly proud of what we’re building together, and of the incredible team we have both in front of and behind the camera.” Behind the camera, the creative team includes co-production designers Freddie Burrows (“The Thursday Murder Club,” “The Crown,” “Crime 101”) and Eve Finnie; cinematographer Adam Singodia; casting director Xanthe Spencer-Davidson (“Steal,” “Dragonfly”); production manager Ewelina Dziedzic; first assistant director Daniel Pachalski; costume designer Haden Holme; hair and makeup designer Tillie Robinson Smith; composer Oliver Wegmüller; producer Srimon Jeevanantham; stunt coordinator Ermar Alexander; VFX supervisor Lee Watson; sound mixer Domantas Jakubauskas; and intimacy coordinator Borbála Anna Veszelák and script supervisor Sofia Ciocan. Thomas also co-hosts the filmmaking podcast The Directors’ Take with fellow writer-director Oz Arshad, exploring the craft and career pathways of film and television directors. His most recent short, the Disney UK and NFTS-backed sci-fi “Space Plug,” which also starred Mariano, premiered at the BFI London Film Festival. Sundance Prizewinner Blerta Basholli on Kosovar War Drama ‘Dua’: ‘Teenagers Growing Up in Conflict Zones Are No Different From Any of Us’ Cannes Breakout Comedy ‘Jim Queen’ Closes Key Deals Ahead of Annecy Screening (EXCLUSIVE) Cannes Critics’ Week Film ‘Six Months in a Pink and Blue Building’ Sells to Strand Releasing for North America (EXCLUSIVE) Netflix Calls for Cap on French Content Investment Rules, Warning Current System Is ‘Unsustainable’ Variety Toasts French Cinema With Post-Cannes Summer Dinner at Paris’ Laperouse With Thierry Fremaux, Guillaume Canet, Pierre-Antoine Capton, Rebecca Zlotowski and Anamaria Vartolomei France’s National Film Board to Reduce Funding for Productions That Fail Gender Equality Targets Loading comments... More From Our Brands Rolling Stone Hilary Duff Shares Memories of Hayden Panettiere as Young Stars Navigating Fame Robb Report Porsche Says the Taycan E.V. Isn’t Going Anywhere Sportico Lakers Sale Complicated by Jeanie Buss Spat With Siblings",0,2026-08-19 09:39:43
19,https://variety.com/2026/film/news/sci-fi-horror-comedy-flapjax-blue-finch-fantastic-fest-1236837017/,Sci-Fi Horror Comedy ‘Flapjax’ Boards Blue Finch Films for Sales Ahead of Fantastic Fest Bow (EXCLUSIVE),Variety,2026-08-19T08:30:00,4079,"Aug 19, 2026 1:30am PT Sci-Fi Horror Comedy ‘Flapjax’ Boards Blue Finch Films for Sales Ahead of Fantastic Fest Bow (EXCLUSIVE) By Naman Ramachandran Plus Icon Naman Ramachandran Latest Sci-Fi Horror Comedy ‘Flapjax’ Boards Blue Finch Films for Sales Ahead of Fantastic Fest Bow (EXCLUSIVE) 35 minutes ago Hybrid-AI Mandopop Musical ‘Alishan Escape’ Set at Red Empire, OMG (EXCLUSIVE) 2 hours ago Kim Jong-kwan’s ‘The Table: Day and Night’ to Open Busan 3 hours ago See All Blue Finch Films “ Flapjax ,” Rocko Zevenbergen’s sci-fi horror comedy, has landed a worldwide sales deal with Blue Finch Films ahead of its world premiere at Fantastic Fest next month. The U.K. sales and distribution company will launch sales on the title at the newly formed industry market at the Toronto Film Festival. Blue Finch Films picked up the project through Sitges FanPitch, the pitching arm of the Sitges International Fantastic Film Festival of Catalonia that connects genre filmmakers still in development with potential backers. The platform draws filmmakers, producers, sales agents and financiers from across the industry each year, fostering opportunities for development financing, co-production and market exposure. Related Stories Ariana Grande’s ‘Petal’ Introduces an Angry and Angular Ari: Album Review ‘Mustache’ Review: A Delightfully Anxious Pakistani American Coming-of-Age Comedy “Flapjax” centers on Arrow, a fast-food manager whose overzealous devotion to the job unwittingly advances an alien race’s scheme, as he unknowingly serves customers a deadly new item added to the menu: Flapjax. Popular on Variety Zevenbergen, whose debut feature “I Need You Dead!” first put him on the map, co-wrote the “Flapjax” screenplay with Estevan Muñoz. He also produced the film with Aerin Chaklai, George Jones, Jefferson Moneo, Patrick Hackett and Fabiola Caraza on behalf of Prowler Pictures, while Daniel Futa, Mike Chapman and Fatima Hayward served as executive producers. “‘Flapjax’ has been in the works for over six years now. It is such a thrill to finally unleash our micro-epic ‘onto the menu,’ as it were. Audiences can expect a rollercoaster ride through cinematic styles; moments inspired by Ozu and Cronenberg blend in a style I believe is unique to our picture. I’m hopeful festival audiences will be swept away by our incredible cast, led by Gabriel Cagan, into the world of Hamudders, alien conspiracies, and …mommy issues!?” Zevenbergen said. “Prowler Pictures is dedicated to making wild films with crazed maniacs. Rocko Z is our kinda guy. His work can freak you out and melt your heart. A rare talent – with rare hair,” added Moneo. Fatima Hayward of Blue Finch Films called Zevenbergen a genuine new voice in genre filmmaking, saying his blend of body horror and campy Nickelodeon-style nostalgia has resulted in a gruesome yet heartfelt ode to cinema. “Fantastic Fest is the perfect first audience for this crazy ride,” Hayward said. Blue Finch Films’ sales slate also includes Toronto Midnight Madness title “Kick On” and BBC Film and Screen Scotland-backed “Misson,” starring George MacKay. Cannes Breakout Comedy ‘Jim Queen’ Closes Key Deals Ahead of Annecy Screening (EXCLUSIVE) Variety Toasts French Cinema With Post-Cannes Summer Dinner at Paris’ Laperouse With Thierry Fremaux, Guillaume Canet, Pierre-Antoine Capton, Rebecca Zlotowski and Anamaria Vartolomei Netflix Calls for Cap on French Content Investment Rules, Warning Current System Is ‘Unsustainable’ Cannes Critics’ Week Film ‘Six Months in a Pink and Blue Building’ Sells to Strand Releasing for North America (EXCLUSIVE) Cannes’ Critics’ Week Reveals Lineup of Armenian Filmmakers Taking Part in Next Step Studio Program (EXCLUSIVE) France’s National Film Board to Reduce Funding for Productions That Fail Gender Equality Targets Loading comments... More From Our Brands Rolling Stone Hilary Duff Shares Memories of Hayden Panettiere as Young Stars Navigating Fame Robb Report Porsche Says the Taycan E.V. Isn’t Going Anywhere Sportico Lakers Sale Complicated by Jeanie Buss Spat With Siblings",0,2026-08-19 09:39:44
4,https://deadline.com/2026/08/sidemen-nfts-training-unscripted-producers-uk-1237044990/,The Sidemen & NFTS Team To Train Next Generation Of Unscripted Producers In UK,Deadline,2026-08-19T08:30:00,4601,"Skip to main content By Jesse Whittock Jesse Whittock International TV Co-Editor @WhittockTweets More Stories By Jesse Hulu Buys ‘The Promise: Finding My Mother’s Killer’ & Australia Drama ‘Invisible Boys’ Screen Australia Report Points To Fight For Attention Facing Producers & Creators CAA Hires Sophie Crowther To Expand UK-Based Creators Team View All August 19, 2026 1:30am The Sidemen and the NFTS will provide insight into unscripted development NFTS/Sidemen EXCLUSIVE: They might be one man down, but The Sidemen are looking to the future of production. The British YouTuber group’s Sidemen Entertainment has teamed with the National Film and Television School ( NFTS ) to find the next generation of unscripted producers. The move is part of The Sidemen’s belief that the TV, streaming and creator worlds are converging, given they began life as YouTubers before working on several unscripted series and a feature film on Netflix. The NFTS x Sidemen Entertainment Unscripted Formats Programme will give every student on the NFTS’s one year Developing and Producing Unscripted Formats MA degree first-hand experience inside the influential creator-led Sidemen Entertainment. Related Stories Executives The Sidemen Management Firm Arcade Names Former Vice EMEA Boss Matt Elek As CEO News Top Creator Agents Question YouTube Inclusion In UK Social Media Ban Each student will experience a dedicated industry day and a one-week work placement with access to digital formats and professional production. The idea is to explore how concepts are developed, commissioned and delivered across platforms, and expose them to the creative, editorial production decisions that shape content. Watch on Deadline The Sidemen – Simon Minter (Miniminter), Josh Bradley (Zerkaa), Tobi Brown (TBJZL), Ethan Payne (Behzinga), Vik Barn (Vikkstar123) and Harry Lewis (W2S) – have over 100 million subscribers across their platforms and accrued more than six billion global views. The collective shrunk by one earlier this year when Olajide Olatunji (KSI) unexpectedly announced he was leaving back in June, explaining he had been “pulled in a lot of directions” over recent years as his TV and business interests expanded. The others were blindsided, releasing a statement to followers saying, “This came as a surprise to us and we know it will be an adjustment for you, but we’ve got lots of exciting stuff planned that we can’t wait to share.” Earlier this year, the collective launched Sidemen Productions, which will see them taking a more targeted approach to digital formats for global audiences. This followed the debut of Netflix unscripted show Inside , whose third season topped Netflix charts in ten countries. For the NFTS, a top UK production skills school, the Sidemen pact highlights its work to push into emerging areas of the entertainment business, and tightens its links with the creator economy and digital-first production. “Some of the most exciting innovation in entertainment is happening where television, streaming and creator-led content meet,” said Jon Wardle, Director of the NFTS. “The Sidemen have been at the forefront of that change, building an enormous global following while continually evolving the scale and ambition of their content. “Our role at the NFTS is to ensure students are prepared for where the industry is heading next and this incredibly exciting new partnership will give emerging producers a unique opportunity to learn directly from a team that understands how to turn distinctive ideas into entertainment that connects with global audiences.” Sidemen Entertainment CEO Victor Bengtsson said The Sidemen wanted to “to help give the next generation of producers a genuine insight into what the future of the entertainment industry looks like,” adding, “This is what the Sidemen are all about – ordinary people who found a passion and turned it into a career and that’s what we want to help people do. We’ve learned so much by building The Sidemen from the ground up, and we’re passionate about sharing that experience with the next generation who want to be in this industry.” Students joining the NFTS’s unscripted MA path from January 2027 will be the first to benefit from the partnership, with every participant eligible to take part. David Heyman Inks First-Look Deal With Amazon MGM After Long WB Run ‘Hamburger Hill’ & ‘Tinker Tailor’ Director John Irvin; Brit Actress Phyllida Law ABC Files Suit Against FCC, Claiming “Retaliatory Campaign” Against Free Speech ‘Spider-Man: Brand New Day’ Fastest To Cross $800 Million In U.S. Read More About: 1 Comments",0,2026-08-19 09:39:27
26,https://www.hollywoodreporter.com/movies/movie-features/sandra-wollner-everytime-sarajevo-film-festival-competition-1236676154/,Sandra Wollner and ‘Everytime’ Hit Sarajevo on the Festival Circuit: “You Can Feel the History Here”,Hollywood Reporter,2026-08-19T08:20:11,9704,"× Skip to main content By Lily Ford Plus Icon Lily Ford @lilyfordtweets Follow Sign Up View All August 19, 2026 1:20am Sandra Wollner photographed in 2026. Courtesy of Getty Sandra Wollner is having a pretty thrilling — if not a little exhausting — 2026. Her third feature film, Everytime , premiered in Un Certain Regard at Cannes in May — her first project to hit the Croisette, which she talked about in depth at the time . “It was quite overwhelming, I have to say,” the Austrian filmmaker laughs to The Hollywood Reporter three months later. “To get this platform and such a big audience — overwhelming in a good way.” Now, Everytime , screening in competition at the 32nd Sarajevo Film Festival , is venturing into a world beyond Cannes. Led by Birgit Minichmayrhe, the film follows a mother, her young daughter and a teenage boy as they travel to Tenerife in a bid to cope with the tragic death of their eldest daughter and sister. Wollner embraces her knack for surrealism as the piece bends time, past and present blurring. THR critic Jordan Mintzer said the filmmaker is talented at “injecting genuine unease into ordinary events, whether it’s an eerie stroll through the streets of Berlin [or] a text message sent to a deceased person.” Related Stories Movies Phyllida Law, Actress and Mother of Sophie and Emma Thompson, Dies at 94 Movies Woody Harrelson Pays Tribute to ""Brilliant"" Rob Reiner at Lively Sarajevo Masterclass In Sarajevo, Wollner’s partner and one-year-old daughter in tow, she has been paying close attention to the reaction of the locals. “The festival being founded during the siege in 1995, I think that’s very powerful,” she continues to THR . “And you can still feel something of that history here. I felt it yesterday when I had a radio interview. Just from some of the questions, you could get the sense that there might be a different way of approaching trauma or loss here, simply in the way people talked about the film.” From the Bosnian capital’s National Theatre, Wollner discusses taking Everytime on the festival circuit. She talks about the doors that these festival slots can open for a filmmaker of her calibre, spotlighting grief, blame and memory in her filmography, and why she is staying realistic about the future of European cinema: “What I hope we protect in Europe is the possibility of making films that don’t have to prove their commercial value before they exist.” How big was it for you to be in Cannes with only your third feature film? That was, of course, big. I mean, if you’re very pragmatic, it’s just the biggest festival. At least people say so. And it was quite overwhelming, I have to say, to get this platform and such a big audience — overwhelming in a good way. I was already excited that we were invited, and then you don’t really expect anything after that. I certainly didn’t expect such great feedback. Wherever you are, it’s still kind of miraculous when you see your film through other people, when you see it with an audience. And it just felt like a very appreciative audience. In the cinema with so many people in Cannes, it was a very emotional experience. Some things I felt for the very first time — because when you’re working on things, you’re working on technical stuff all the time. You still feel the flow, but not the emotion, not after seeing it so many times. But then suddenly you have people behind you gasping or being in shock or just being very silent. So it’s safe to say you were pleased by the reaction in Cannes. ( Laughs. ) I was very pleased with the reaction. You’re on the festival circuit with Everytime now. We’re in Sarajevo. Is it just as meaningful to be asked to be here? To be here and then also get invited into the competition, I honestly felt very appreciated. Yesterday, we had our premiere, and what the head programmer Elma Tataragić said about the film and how she connected it to my previous films made me feel an immense appreciation for my work. I very much value that. But being here with nine other films — honestly, I have not seen anything! Being back at work and being here with a kid, it’s a bit tricky to see anything right now. ‘Everytime’ Courtesy of Cannes Film Festival You’re with your child? She’s one, so the last year was quite intense with finishing the film. She’s here with me and my partner, and the festival also made that possible. And they made it possible for our cast to come. Birgit Minichmayr would have loved to come, but she’s on a shoot right now. Everyone was super excited. Lotte Shirin Keiling could come with her parents, and our main actor Tristán López also brought his mom and a friend of his mom. Everyone was like, “Oh my god!” A family affair! Yeah, and I’ve never been here. I have some friends who come here regularly and who really love it, and I can totally see why. A very cool origin story as well. I mean, the festival being founded during the siege in 1995, I think that’s very powerful, and you can still feel something of that history here. I felt it yesterday when I had a radio interview. Just from some of the questions, you could get the sense that there might be a different way of approaching trauma or loss here, simply in the way people talked about the film. I did feel there was a different perception, at least from what I understood through the translation during the interview. People asked, “Is Everytime a memorial for those we lost?”. Since the film is essentially a family drama, this kind of question doesn’t get asked in Germany or Austria, where I’m from. What can mid-tier festivals like Sarajevo, Karlovy Vary, Locarno, San Sebastian do for films like yours? I haven’t been to too many festivals. My second film did travel, but then Covid happened. My first film started in Hof, a prestigious little festival in Germany, or at least it used to be. For me it opened some doors, particularly with programmers and film critics who saw it there. At nearly every festival, there is always the feeling that it opens something up — just the fact that other people see your film, some of them really take it in and spread the word about it. And all of these festivals can do that for your film, in ways that might turn out to be very meaningful even many years down the road. Did you get to talk with people at the premiere here in Sarajevo about how the film resonated? We had a Q&A. It was more like a Q&A and press conference in one. It was actually quite nice that there were also locals and not just journalists or festival insiders. People seemed to like it — those who stayed for the Q&A at least. I guess there was no one staying to tell me they didn’t like it. ( Laughs .) But yeah, I felt the response in general was very appreciative, again. There’s a lot that comes up in Everytime — in particular grief and blame. What did you find the audience was drawn to? I feel it’s grief. I mean, we’re talking about the biggest loss that’s imaginable, losing a child. But still, everyone might have experienced a loss of some family member or friend at some point, so they can relate. And like in Cannes, people came up afterwards to tell us about their loss, and perhaps their own version of grief, which is a very strange emotional process that can manifest in so many ways. I feel that there are people who can genuinely relate to the topic. And then, of course, there are people who love the formal idea of the film, the way it takes you places you might never expect it to. I do feel it has been the same everywhere. It doesn’t differ from festival to festival, so far. Are those themes something that you want to keep as a running thread through your filmography? They run through my last three films in a way: memory and imagination. But I think one has to be careful not to get too self-reflective, you know? I did start to write something which is more or less set in prehistoric times, about how ghosts came into the world. A very different setting. Very different. But let‘s see, I need some time. I really have to fall in love with something again to be able to go through with it for five or six years because, in the end, that’s what it’s gonna take. Are there any Hollywood names that you would love to work with in the future? I honestly believe that it really depends on the project. I would never be someone to knock on a door just because of a name, even though maybe that’s sometimes smart. But I really try to understand who’s the perfect fit for the part. It’s hard to make films right now. All over the world, but very much in Europe. It’s hard, and I feel very privileged that we had luck with the last two films, which didn’t have a lot of money. The first one was just a student project. The second one was my graduation film, but we still got some funding and it worked out. You might say I was lucky, but this kind of cultural funding is something we absolutely have to protect. I don’t know if it’s so much easier in the U.S., where you get [private] money and you have to be really struggling and bouncing from [financier to financier] all the time. I don’t know whether this is an easier path than in Europe. Do you feel optimistic about the future of European film? I don’t know. I have to be realistic. You can see that there is pressure on public funding everywhere. But I don’t think culture is an “added value,” a kind of luxury item. It’s part of how a society understands itself. What I hope we protect in Europe is the possibility of making films that don’t have to prove their commercial value before they exist. My own films could probably not have been made in a purely market-driven system. And I think losing that would mean losing a certain kind of cinema altogether. THR",0,2026-08-19 09:39:52
27,https://www.hollywoodreporter.com/movies/movie-news/brad-pitt-exec-producer-on-wim-wenders-peter-zumthor-doc-1236676826/,Brad Pitt Joins Wim Wenders’ Peter Zumthor Doc as Executive Producer (Exclusive),Hollywood Reporter,2026-08-19T08:05:00,2098,"× Skip to main content By Scott Roxborough Plus Icon Scott Roxborough Europe Bureau Chief sroxborough Follow Sign Up View All August 19, 2026 1:05am Brad Pitt Samir Hussein/WireImage Brad Pitt has come on board Wim Wenders ‘ new documentary, From Inside Out – The Architecture of Peter Zumthor as an executive producer, The Hollywood Reporter has learned. In the doc, shot over the last 14 years, Wenders ( Pina , Buena Vista Social Club ) moves through the buildings of the Pritzker Prize-winning Swiss architect, from the first family homes he designed in the Alps to the sprawling new Los Angeles County Museum of Art, which he completed this year. Pitt was a major advocate for Zumthor’s controversial design for the LACMA. His support, which included speaking at a decisive LA County hearing in 2019, was considered key in getting the project over the line. Related Stories Movies Oscars: Czech Republic Picks Doc 'If Pigeons Turned to Gold' as Best Int'l Feature Submission Music The Beatles' Apple Corps, Universal Music Strike Global e-Commerce, Merchandise Partnership for the Fab Four From Inside Out was produced by Wenders’ Road Movies and DCM . The film opens with a “Brad Pitt presents” credit, reflecting Pitt’s “personal support for the project and his admiration for both Peter Zumthor and Wim Wenders,” the producers told THR . Pitt has no financial interest in the film and his Plan B production company was not involved in making it. From Inside Out will premiere out of competition at the Venice Film Festival next month. Like Wenders’ 2023 documentary Anselm , on German painter and sculptor Anselm Kiefer, From Inside Out was shot in 3D to immerse viewers in the spaces that Zumthor creates. The doc looks at some of Zumthor’s best-known projects, including the Therme Vals spa in Switzerland, the Kolumba Museum in Cologne, and the Steilneset Memorial in Norway. It also traces his failed attempt to design the Topography of Terror museum in Berlin, a project that was abandoned after many years due to cost overruns. HanWay is handling world sales for From Inside Out . THR",0,2026-08-19 09:39:53
5,https://deadline.com/2026/08/paloma-cinco-ted-lasso-interview-cristo-fernandez-sister-1237044979/,Paloma Cinco Breaks Down Surprise ‘Ted Lasso’ Appearance,Deadline,2026-08-19T08:00:00,8363,"Skip to main content By Rosy Cordero Rosy Cordero Associate Editor, TV @SocialRosy More Stories By Rosy Paloma Cinco Breaks Down Surprise ‘Ted Lasso’ Appearance Leslie Grossman Joins ‘Power: Origins’, Returning As ‘Raising Kanan’ Character Flossie Beth Behrs Joins ABC’s ‘Shifting Gears’ For Season 3 View All August 19, 2026 1:00am Paloma Cinco Apple TV SPOILER ALERT: The following reveals major plot points from the latest episode of Apple TV ‘s Ted Lasso , “Richmond’s Got Talent.” On tonight’s episode of Apple TV’s Ted Lasso, all hell breaks loose during a press conference where a “secret” report created by Leslie Higgins (Jeremy Swift), a risk management assessment of the Lady Greyhounds, was leaked to the press. Both Rebecca (Hannah Waddingham) and Leslie were behind it, leaving Keeley (Juno Temple) standing clueless when asked about said report by the attending media. All is well behind them the following morning, as trials for new additions to the team kicked off with many interested ladies attending the tryouts. Among them is a Latina, whose name is Maria Rojas, played by Paloma Cinco . Coach Beard (Brendan Hunt), who is working the sign-in desk, asks the new character for her name. Related Stories News Jackson Lamb's Team Hunted Like Prey In 'Slow Horses' Season 6 Trailer; Olivia Cooke Returns News Everything We Know About 'The Morning Show' Season 5 So Far He catches the last name and asks instantly, “Rojas, as in Dani Rojas (Cristo Fernádez)?” He is, of course, referring to the A.F.C. Richmond player of Mexican descent, whose catchphrase is “Football is Life.” She responds, “Yes, he is my brother. He taught me everything I know.” Watch on Deadline Beard gives her the No. 14 to wear for the competition [the number Dani wears on his jersey], and she moves it along with a huge smile on her face. As she walks away, Beard quietly cheers and writes the word “Striker” next to her name with an exclamation point and many underlines below it. Could their search for a new Lady Greyhound be over just like that? He runs over to tell Ted (Jason Sudeikis) the good news, and both are equally excited and hopeful. Unfortunately, when she hits the field, it becomes clear that Maria has never played soccer in her life. A fact she confirms later. “Maria, you said your brother taught you everything he knows?” Beard asks her She replies, “Sí, cooking, photography, software engineering, you name it. I know it.” “Well, did he teach you futbol?” Assistant coach Alice Chilton (Tanya Reynolds) asks Maria. “Nope, it’s my first time,” Maria replied with a cheeky smile. That was the end of that dream. But Maria’s bright personality and ambition leave Ted with a smile on his face. Viewers will also enjoy the cute comedy bit, starring Cinco, whose birth name is Paloma Fernández. She is the real-life sister of Cristo Fernández, who played Dani Rojas on the first three seasons of Ted Lasso . “I love when we do stuff like that. Like how we’ve had Jeremy’s [Swift] wife Mary playing his wife on the show. Whenever we have a love interest on the show, we encourage them to pick someone because they’ll have that natural chemistry,” Sudeikis told Deadline of having Cinco on the show. He continued, “So to have Cristo’s sister Paloma on the show, who we had all known personally… the two of them are just a joy to be around. And that joy remains with them as individuals. I love that she did it and that she did it with gusto. She was so funny and so sweet.” Reynolds echoed Sudeikis’ praise for Cinco, “She was so funny!” Cinco recently spoke with Deadline about joining the Ted Lasso family, whether her soccer skills are better than her character Maria’s, and following her dreams below. (L-R) Cristo Fernández and Paloma Fernández Phillip Faraone/Getty Images for MPTF NextGen EDITOR’S NOTE: The interview below is translated from Spanish to English. DEADLINE: I was so surprised to see you on Ted Lasso ‘s fourth season! How did this come together? PALOMA CINCO: Cristo and I had the idea to pitch that Dani has a sister. After that, at an Oscars after-party, a member of the press asked Cristo if he would be returning to Ted Lasso for the new fourth season. He said no, but then jokingly added, “Wouldn’t it be cool if his sister was?” From there, we started to process what that could look like. We recorded an audition based on that and sent it along. In our version, Dani’s sister is named Daniela Rojas. She was similar to the character you meet, Maria Rojas, in that she’s equally as positive, energetic, and charismatic, like her brother Dani. There was another version where Daniela was grumpy and dark, the complete opposite of Maria. In our version, she was a good soccer player. DEADLINE: What are your real-life soccer skills like? CINCO: The truth is, I have played soccer all my life. I never went pro, but I played a lot growing up with my older brother Cristo. It’s really been such a joy to see how much more attention is being given to women in sports, especially women’s soccer. Maybe I would have considered a pro career had these opportunities been available to me then. I think my soccer skills are good, but I keep it as a hobby. I remember as children, Cristo used to force me to play soccer with him. [Laughs] DEADLINE: So from tonight’s episode, we see the show went in a different direction from your pitch. When did you find out you were going to be on the show? CINCO: Before I heard back, I had been working on my soccer skills, hoping to manifest this opportunity. This was around March or April of last year. I heard in July that the show had already started shooting in Kansas City, but we still had not heard anything. I was starting to think that they might not have been interested in pursuing the idea further. Luckily, I heard from them after that, and they told me about the character they were offering me, and I read the script. I found it to be so funny. DEADLINE: Based on your original idea, were you willing to make yourself available for the whole season had there been a bigger plan for Maria Rojas in Season 4? CINCO: I was ready for the opportunity that they would offer me. But yes, if they had wanted me for more episodes, I would’ve happily made myself available. I’m still keeping hope alive. I like the idea that Maria left the tryouts and was inspired to learn how to play soccer, as well as the idea that it’s never too late to learn something new. I like that Maria has learned so many great things from her brother. Who better to teach her how to kick the ball around, right? DEADLINE: What has being on the show meant to you? CINCO: Being part of the Ted Lasso universe has been something very special to me. Mainly because soccer is a game I grew up playing with my brother. I’ve been emotional about how this is another new experience we share in common. It’s also been special to me because I have focused on my entertainment career for so many years, both as an actress and as a producer. EDITOR’S NOTE: The Fernández siblings are the founders of the prodco Espectro MX Films, a passion project supporting many indie projects like their most recent release, the hilarious comedy feature No Translation Required . While Fernández has stepped back from acting as his main gig to become a real-life pro-footballer, now playing with El Paso Locomotive FC , he continues to support the arts as a producer with occasional acting roles. He most recently co-starred alongside Kelsie McDonald in No Translation Required , from director Rafael Altamira. CINCO: Cristo is another great example of what I mentioned before: you are never too old to follow your dreams. I am very proud of him for following his heart to the football field. I hope he feels good about himself for making that decision. Cristo has always been the best big brother. He has helped open up my eyes to so much and helped me find my way in this industry. We have a very tight-knit family. He was always a disruptor, and he taught me to dream big and to see that there are no limitations. David Heyman Inks First-Look Deal With Amazon MGM After Long WB Run ‘Hamburger Hill’ & ‘Tinker Tailor’ Director John Irvin; Brit Actress Phyllida Law ABC Files Suit Against FCC, Claiming “Retaliatory Campaign” Against Free Speech ‘Spider-Man: Brand New Day’ Fastest To Cross $800 Million In U.S. Read More About: Comments",0,2026-08-19 09:39:28
28,https://www.hollywoodreporter.com/movies/movie-news/oscars-2027-czech-republic-doc-if-pigeons-turned-to-gold-1236676815/,Oscars: Czech Republic Picks Doc ‘If Pigeons Turned to Gold’ as Best Int’l Feature Submission,Hollywood Reporter,2026-08-19T07:53:45,2100,"× Skip to main content By Georg Szalai Plus Icon Georg Szalai Global Business Editor View All August 19, 2026 12:53am 'If Pigeons Turned to Gold' Courtesy of Claw films Pepa Ljubojacki’s intimate documentary If Pigeons Turned to Gold is the Czech Republic’s submission for the best international feature film category at the Oscars 2027 . The Czech Film and Television Academy (CFTA) unveiled the Czech candidate for the international Oscar on Wednesday. “In the intimate and formally original documentary feature, the director followed for five years the fortunes of her brother and two cousins whose addictions were slowly destroying their relationships, homes and their feeling of safety,” the academy said. “Using DIY aesthetics, the director interlinks diary shots, stylized memories, live photos as well as graphic collages and, without any sentiment, tries to understand the reasons for their fall and also the impact of it on the whole family.” Related Stories Music The Beatles' Apple Corps, Universal Music Strike Global e-Commerce, Merchandise Partnership for the Fab Four Movies Phyllida Law, Actress and Mother of Sophie and Emma Thompson, Dies at 94 The film had its world premiere in February at the Berlin International Film Festival, where it won the award for the best documentary feature , as well as the independent Caligari prize. The film will debut in Czech cinemas at the end of September. Croatia-based Split Screen is handling international sales. The international Oscar shortlist of 15 movies will be published on Dec. 15, with the five nominees unveiled on Jan. 21. Last year, the Czech submission for the international Oscar race was I’m Not Everything I Want to Be by Klára Tasovská. So far, two Czechoslovak films and one Czech film managed to win the iconic Oscar statuette for what is now the international feature film honor, previously known as the best foreign-language film award. The Shop on Main Street (1965) by Ján Kádár and Elmar Klos was one winner, followed two years later by Closely Watched Trains by Jiří Menzel and then Kolya (1996) by Jan Svěrák. THR",0,2026-08-19 09:39:54
6,https://deadline.com/2026/08/hulu-buys-promise-finding-my-mothers-killer-invisible-boys-1237044117/,Hulu Buys ‘The Promise: Finding My Mother’s Killer’ & Australia Drama ‘Invisible Boys’,Deadline,2026-08-19T07:45:00,4796,"Skip to main content By Jesse Whittock Jesse Whittock International TV Co-Editor @WhittockTweets More Stories By Jesse Hulu Buys ‘The Promise: Finding My Mother’s Killer’ & Australia Drama ‘Invisible Boys’ Screen Australia Report Points To Fight For Attention Facing Producers & Creators CAA Hires Sophie Crowther To Expand UK-Based Creators Team View All August 19, 2026 12:45am 'The Promise: Finding My Mother's Killer' Hulu, Banijay Rights EXCLUSIVE: Hulu is on the hunt for a killer in its latest true-crime series. The Disney streamer has become the first buyer to board true-crime doc The Promise: Finding My Mother’s Killer from Banijay Rights and also acquired Australian LQBT drama series Invisible Boys from the London-based distributor. The Promise comes from Workerbee , which is part of Banijay Entertainment’s Banijay UK, along with Advance Originals and Circle M+P. The series was financed by Banijay and other investors, we hear, before it was taken to market. Related Stories News Everything We Know About 'Only Murders In The Building' Season 6 So Far Casting Jason Schmidt, Julia Lester & Piper Runge Join Hulu Pilot 'Chicks'; Max Winkler To Direct & EP The three-part show centres around the decades-long quest of Iranian-American Pooneh Entezari, who spent more than 30 years pursuing her mother’s killer. Ultimately, she spent millions of her self-made fortune funding an investigation into the person who committed the killing and also sought to clear her father’s name after he was convicted of the crime. Watch on Deadline Effie Entezari was murdered in an execution style outside the apartment where she lived in Vancouver in 1989 and her husband, Mike Entezari, was later convicted of the murder. He died in prison in 2019, but Pooneh’s investigation ultimately led a civil trial to conclude another man, Viktor Pell, was to blame. Douglas Perry from The Oregonian/Oregon Live first told the story last year. “This is an extraordinary and deeply moving story of one woman’s unwavering determination to bring her mother’s killer to justice,” said Workerbee MD Michelle Chappell. “We had the privilege of following Pooneh’s journey over many years, never knowing where her search for the truth would lead. Her courage and persistence uncovered compelling evidence, revealing a story that is both a gripping investigation and a haunting portrait of an American dream that descended into tragedy.” ‘Invisible Boys’ Banijay Rights’ deal with Hulu also includes Stan original drama Invisible Boys , the coming-of-age series about a group of gay teens in the remote coastal town of Geraldton, Western Australia, after one is outed on social media. Starring the likes of Joseph Zara , Aydan Calafiore, Zach Blampied, Joe Kloce, Pia Miranda and David Lyons, the show launched in Australia last year. It won Best Original Web Series at the IFFA Awards and was nominated for Peabody and AACTA Awards. Nicholas Verso is the creator and director, and he produced alongside Tania Chambers. Feisty Dame Production and Asphodel Films made the series for Stan, in association with Stan. Screenwest, Lotterywest and the WA Regional Screen Fund provided funding, and aided development. “Queer storytelling is having a moment, and it has never felt more important,” said Verso. “I’m thrilled that our horny, sweaty Australian contribution is coming to U.S. audiences. I can’t wait for viewers to fall in love with these messy boys and their journey towards strength, pride and compassion.” For Banijay Rights, the deal is one of the most significant since we revealed it was merging with All3Media International (All3MI), the sales arm of All3Media. Following the merger of Banijay Entertainment and RedBird IMI’s All3 assets, All3MI was subsumed into Banijay Rights, though the All3 business has continued to announce deals ahead of MIPCOM Cannes in October. All3MI boss Louise Pedersen left, with Banijay Rights CEO Cathy Payne running the enlarged business. Lauren Farrar, SVP U.S. Sales, Banijay Rights, said today: “ Invisible Boys and The Promise: Finding My Mother’s Killer are two very different stories, but are both built around the same thing we look for in every title we take to market: Bold storytelling that makes a lasting and powerful impression on audiences. We’re delighted to be bringing both to Hulu and to U.S. viewers.” Both titles will have their U.S. premiere on Hulu and through the Hulu on Disney+ bundle, with launch dates to be announced. David Heyman Inks First-Look Deal With Amazon MGM After Long WB Run ‘Hamburger Hill’ & ‘Tinker Tailor’ Director John Irvin; Brit Actress Phyllida Law ABC Files Suit Against FCC, Claiming “Retaliatory Campaign” Against Free Speech ‘Spider-Man: Brand New Day’ Fastest To Cross $800 Million In U.S. Read More About: Comments",0,2026-08-19 09:39:29
29,https://www.hollywoodreporter.com/music/music-news/the-beatles-partnership-apple-corps-universal-music-group-1236676794/,"The Beatles’ Apple Corps, Universal Music Strike Global e-Commerce, Merchandise Partnership for the Fab Four",Hollywood Reporter,2026-08-19T07:13:07,4186,"× Skip to main content By Georg Szalai Plus Icon Georg Szalai Global Business Editor View All August 19, 2026 12:13am The Beatles 1968 Courtesy of Apple Corps Apple Corps Ltd, the company founded in 1968 to oversee The Beatles ’ creative and business interests, and Universal Music Group (UMG), have struck a new exclusive, long-term, global partnership for The Beatles. The agreement will see UMG “handle worldwide physical and digital merchandise, licensing, and e-commerce on behalf of the band, and builds on UMG’s existing stewardship of The Beatles’ legendary catalogue,” the partners said on Wednesday. “The extensive partnership marks a new era of close collaboration between Apple Corps Ltd and UMG.” Related Stories Movies Phyllida Law, Actress and Mother of Sophie and Emma Thompson, Dies at 94 Movies Woody Harrelson Pays Tribute to ""Brilliant"" Rob Reiner at Lively Sarajevo Masterclass Financial and other terms weren’t disclosed. Lucian Grainge, chairman and CEO of Universal Music Group , said: “The Beatles embody music’s power to change the world, and that influence makes them one of the most iconic and enduring cultural brands of all time. We’re grateful for Apple Corps’ trust as we deepen our global partnership, while protecting and growing The Beatles’ legacy through authentic fan experiences worthy of their artistry. As a lifelong Beatles fan, building on the relationships forged over the past 14 years is one of the great highlights of my career.” The Beatles play “a hugely significant role in modern popular culture, with groundbreaking, record-setting music that has endured for decades,” the partners also highlighted. “Their energy, charisma and creativity spawned ‘Beatlemania,’ the original global super-fandom, which to this day sets the standard for true fan connection. They are a legendary music powerhouse that excites and inspires fans across generations and around the world.” This cultural impact is what the companies now want to see “turbo-charged by Apple Corps Ltd’s plans to bring The Beatles music to fans across the generations in pioneering, creative manners.” Earlier this year, Apple Corps unveiled the world’s first official fan experience, The Beatles at 3 Savile Row. Due to launch in 2027, it will feature seven floors of never-seen-before material from Apple Corps’ extensive archives, rotating exhibitions, a fan store, and the recreation of the original studio where “Let it Be” was recorded. It will also give fans the opportunity to tread in the band’s footsteps as they relive the iconic rooftop concert – immortalized in Peter Jackson’s Get Back – on the spot where it took place. Apple Corps this year also recognized the 25th of June as Global Beatles Day, the fan initiative first set up in 2009 to share The Beatles’ message of “All You Need Is Love.” The partnership news comes ahead of the release of The Beatles – A Four Film Cinematic Event in 2028, which will bring John Lennon, Paul McCartney, George Harrison, and Ringo Starr’s iconic stories to the screen across four major biopic films, directed by Sam Mendes . The project marks the first time Apple Corps and The Beatles have granted full life story and music rights for a scripted film. “We are delighted to partner with UMG on a new global merchandising deal,” said Tom Greene, CEO of Apple Corps. “There has never been a more exciting time to work on The Beatles as we look ahead to the 3 Saville Row fan experience in 2027, and our biopic movies in 2028. The Beatles message has never been more relevant or needed in the world today, and we look forward to delighting millions of fans with everything we have planned.” Added Dickon Stainer, chairman and CEO of Universal Music Group U.K.: “The Beatles continue to play an unmatched role in putting U.K. music front and centre on the global stage. This new agreement with Apple Corps will ensure audiences across the world are opened up to their unique genius.” The news was accompanied by a rare photo from 1968, taken during the famous Mad Day Out photoshoot, also featuring Martha, Paul McCartney’s sheepdog. See the full photo below. 1968 photo of The Beatles and Martha, courtesy of Apple Corps THR",0,2026-08-19 09:39:56
30,https://www.hollywoodreporter.com/news/politics-news/rob-bonta-david-ellison-lawsuit-merger-interview-1236676788/,California AG Rob Bonta Says David Ellison Is “Desperate” and “Grasping at Straws”,Hollywood Reporter,2026-08-19T07:08:59,15783,"× Skip to main content By Steven Zeitchik Plus Icon Steven Zeitchik Senior Editor, Technology and Politics View All August 19, 2026 12:08am Rob Bonta, California Attorney General, speaks during a House Democratic Steering and Policy Committee at the U.S. Capitol on November 6, 2025 in Washington, DC. The AG is suing to block the Paramount-Warner Bros. merger and has strong words for the people carrying it out. Eric Lee/Getty Images The road to a Paramount-Warner Bros . Discovery deal as been littered with many hurdles for David Ellison . The would-be mogul has cleared them all — save one. That would be, of course, the dozen attorneys general led by California’s Rob Bonta , whose antitrust lawsuit last month seeking to block the merger has been a thorn in Ellison’s side. It could force the divestiture of Warner Bros. assets and cost more than a billion dollars in ticking-clock fees ahead of a March trial, among other consequences. So far, the Northern California District Court judge has been relatively favorable to the states’ case, allowing it to move forward with little impediment (and setting the date far enough away to potentially cost Ellison a lot of money). Ellison in recent weeks has sought to beat back Bonta with a slew of moves — a foot-soldier media blitz , a threat to leave California and a motion to force Bonta’s hand by making taxpayers pay the ticking-clock fees. Bonta has been relatively silent on these moves, giving few interviews. But he spoke with The Hollywood Reporter on Tuesday, offering a mix of rhetoric both fiery and eyeroll-y about what the Paramount owner has been doing. With each week that passes, Bonta’s leverage grows, though a few Hollywood guilds have flipped, potentially undermining that leverage. Here’s what Bonta has to say about all of it. The last few weeks have certainly brought a lot of efforts by David Ellison to put pressure on you on multiple fronts — the media, the industry, the courtroom. Let’s start with the courtroom and the motion this week to hang taxpayers on the hook for a very large sum of money if you lose the case. How did that land with you? I just don’t think it’s going anywhere. There’s no basis for it. Honestly it seems like they’re grasping at straws. The judge already decided in the temporary restraining border on the issuance of a bond [for the state to put up nearly $2 billion] and she said no. Paramount voluntarily — on their own, without California forcing them to — decided to enter an agreement with Warner Bros for this ticking fee. They’re very sophisticated and they decided to do that. We had absolutely nothing to do with it. And they agreed not to close the merger until ’27. And because of that they want us to post the bond? I just don’t see it. I think [the motion] says more about them and their desperate position than anything else. The threatened move out of California is another stick Ellison appears to be using to force you to think about a settlement. Is it having that effect? I literally envision them sitting in a war room saying “we’re getting our butts kicked, what can we do? What rabbit out of a hat can we pull to try to impose some pressure on the Attorney General? We know the Attorney General loves having jobs in California. Maybe we can threaten to leave? It’s a Hail Mary, but let’s try it! Anyone else got anything better?” I don’t know what they’re thinking. I do know it’s not working. If their goal is to apply pressure, no pressure felt, no pressure applied. Honestly it reveals more than it tries to impose. What it reveals is that they’re on the back foot, they’re reeling. They’re losing in court. And David Ellison has to explain why he’s talking out of two sides of his mouth. Out of one side he’ll say “I believe in Hollywood, I believe in the future of Hollywood, my future is here.” And then from the other side of the mouth he’s saying “I’m pulling out of California.” I don’t know how he harmonizes those two things. Let’s say for argument’s sake — and I think most observers believe it’s not an actionable threat — but let’s say he did pull off some kind of move to Nashville or Atlanta. Would you lose standing if he did — does the case go away? Absolutely not. This is a lawsuit where the geographic jurisdiction is the United States of America and the American economy. So no matter where he goes we will continue to have our lawsuit, we will continue to have standing. Remember, this is 12 attorneys general from all over the country who brought this lawsuit. Paramount Studios are only in California but Paramount/Skydance operates in the United States of America. Anywhere he goes in the United States of America he cannot flee accountability. You can’t escape accountability. You mention no pressure felt. The last week has brought a shift from some Hollywood groups — the DGA and IATSE wrote you a letter saying they wanted a settlement. Earlier today Cinema United, the movie-theater group, said they favor a settlement too . How is that playing into your calculus to continue? The WGA has sued [to stop the merger]. SAG-AFTRA has taken a position against the merger. The Teamsters also. We’re always happy to hear from stakeholders, from those impacted. Cinema United has changed position. We were interested when they were opposing, we’re interested now that they’re — I don’t know if they’re pro-merger or pro-settlement talks, I think it’s pro-settlement talks, which I see as neutral — but to that issue, I’ve said it before and I’ll say it again: Coming to the table is always on the table. But Paramount-Warner Bros breaking the law and us allowing it to happen — that’s never OK. If Paramount wants to come to the table to sincerely talk about a proposed settlement, we’re all ears. That’s something we like to do, something we prefer to do — we prefer to resolve disputes in the boardroom instead of the courtroom if we can. Sometimes we can’t, so we go to trial. But we always said if Paramount wants to propose real, robust, structural — structural, not behavioral — remedies that address what we set forth in our complaint, we’re happy to talk about it. It seems to me that every week that goes by you have more leverage because of the ticking clock. But having some the guilds and groups reversing position dings that leverage. Is that a fair assessment? I think what some of these stakeholders are interested in is a resolution as soon as possible. Certainty is something there looking for. To me it’s important to know that they value it and why they value it. But I don’t see that as pressure. There’s a time to talk about settlement. I don’t see the encouragement of settlement as pressure at all. I guess another way to see it is that time is definitely on your side but these groups don’t necessarily feel time is on their side. So maybe that’s a bit of misalignment? I think the facts are on our side. We just want to bring our case and it takes time to bring our case, particularly when they [Paramount] were foot-dragging and slow in responding to our requests for information in the investigative phase. We are where we are because of them. They may be feeling pressure because of time but that’s self-imposed. We just want to bring our case. And IATSE and the DGA saying that the longer it goes on the fewer projects will get greenlit and the more jobs in California could be jeopardized — is that something that factors into your thinking? Well the fact that some of the stakeholders are saying that now is of interest but I’ll say that if Paramount-Warner Bros were forthcoming with us and didn’t slow-walk us this it could be resolved faster. They took their time and now they’re saying “time is not on our side, hurry up everybody!” Like, make a choice. Be consistent. If we have the information quicker we could move quicker. We just want the normal time. We don’t want to be rushed. But we’re not trying to slow this down either. From a complaint to a full-blown trial in less than a year — that’s pretty darn fast. I’m in a case with Meta right now that’s been years. The time issue is Paramount’s issue. You mentioned you see “pro-settlement” as neutral. Your predecessor, current Democratic candidate for governor Xavier Becerra, made a comment that he’s interested in a settlement. How did you read them and have you talked to him at all about it? Do you see that as misaligned with the path you’re taking? I thought it was aligned with how I see my work. I was gratified to see he sees it the same way I do. We share this view that we prefer when possible to resolve disputes in the boardroom instead of the courtroom. When he said that I thought it was totally aligned with my own views and philosophy. So it didn’t feel to you like he was sending a signal to you or any of the other AGs, “hey get on with it, don’t take this all the way to trial.” No, I took it as consistent with my views. I have to ask about Governor Newsom and the report in the Journal that he was, behind the scenes, expressing his concerns with the suit and putting pressure on you for a settlement. Do you see any daylight between the two of you? Not really. He’s an incredible governor. I can’t talk about him with lauding him. I just think he’s an amazing governor and a great friend and his contributions are innumerable to this state and I look forward to what he does in the future. He’s got a lot more chapters to write. We talk and I’m grateful to be able to talk to the governor of the biggest state in the nation as frequently and accessibly as I do. If the governor thought that anytime he had a conversation with me I’d talk to the press about it then I wouldn’t have those conversations anymore [laughs]. So it’s out of respect to him and our relationship I won’t comment on our conversations. But I will say that I expect him to have a view about many things, including many of the cases that we’re working on. We’ve sued together on our tariffs case. We’ve stood at the podium together to talk about the lawsuits against the Trump administration and how much money we’re protecting for California, how many rights and freedoms we’re protecting for California and so many wins we have on the National Guard and tariffs and defending Prop 50 redistricting. I’m proud of all that. So I don’t know what he’s told other people. If he’s shared things about his views on this case that’s between him and them. You are very lockstep with the two candidates for mayor of Los Angeles, Karen Bass and Nithya Raman. There are two candidates but also one mayor. Mayor Bass and I are friends and Councilmember Raman and I are also friendly and we work together. I’m grateful they’re both on the same page on this. They may not agree on everything but it’s good to know they both agree on the validity and importance of this lawsuit we’re bringing. Let’s talk about structural vs. behavioral remedies, which is a distinction you’ve been eager to emphasize. How do you define those two terms in this particular case? Would, for example, a commitment to 30 theatrical movies that Ellison has floated fit the former definition if it can be enforced? Structural remedies are keeping corporate entities separate or splitting up a single corporate entity in two. So, no, a commitment to produce a certain amount of movies is definitely behavioral. It’s a way that they will behave in the future without changing their corporate structure at all. And it’s proven [in the past] difficult to enforce and unlikely to actually materialize. It sounds good on paper but down the line when it comes down to actually making a movie the movie’s not made or it’s a B-movie without a lot of investment just to check the box and meet the quota. And if they decide “hey this isn’t going to work, we’re really not going to do it [make the movie],” there’s really no recourse. That’s why behavioral remedies are dispreffered and structural resides are preferred. One example of a structural remedy is on cable-channel licensing. If these two entertainment titans merge they will be a behemoth; they will own 50 of the most sought-after channels in America, from children’s programming to late-night programming to news to sports. A structural remedy for that market would be taking a suite of cable channels to another owner so Paramount-Warner Bros. wouldn’t own them. Related Stories Business Paramount Has Spent 100 Years in Hollywood. David Ellison Loved That. Until He Didn't Business David Ellison Breaks Silence on Antitrust Lawsuit: It's Not About Market Share, It's About CNN Do you have a number of channels, or a certain aggregate viewership, in your head — an internal formula of what would sufficiently address your concerns? We do. We have some ideas given the different types of channels and what an appropriate landing spot would be. When the time comes to engage with the court or with Paramount-Warner Bros. on the issue we’ll be prepared for that. Shifting gears to the media of it all, the campaign from Paramount has been unlike anything I can recall a mogul undertaking in a proposed merger, from big-name foot soldiers out there arguing for it to go through to Ellison’s own op-ed in The New York Times to so much else. How much do you think it’s moving the needle? Basically not at all. I think it’s misdirected and misses the mark. The only thing that matters is what happens in the courtroom. It’s not like a popularity contest — they get more people to support the merger and the merger is going to go through. I honestly think they’re wasting their time by mounting this seemingly massive PR campaign. That literally seemingly has injected and seeded lies into the environment. Like saying this is all about CNN and if CNN is divested or sold to a new owner the AGs will settle immediately. Not true yesterday, not true today, not true tomorrow. It’s false. It’s a lie. And to focus on that is just not productive. I have really recommended Paramount-Warner Bros. look at our complaint. This isn’t some cloak-and-dagger thing where we’re saying one thing but really we mean another. We mean what we say in our complaint. It’s all laid out right there. It’s been there since the day we filed it. That’s what we focus on, that’s we care about, and these are the things that need to be cured. If they spent more time focusing on that than this PR campaign that they’re mounting that talks about other things that are not relevant, like the streaming market and CNN and foreign regulators, I think it would be more productive. Do you understand why people say that, that CNN and CBS News consolidating is something that you’d be concerned about? I know why others are concerned about it. When you take off your antitrust enforcement hat and just look at the future of democracy, future of the free press, of course I understand. And there’s a part of me that’s not the antitrust enforcement part of me that feels similarly. As a citizen of the United States, as someone who cares about the future of democracy, as someone who believes in a free and independent press, as someone who believes that the press should do investigative journalism and should truth-seek and truth-tell and hold the powerful’s feet to the fire, hold them accountable. Yeah, that part of me understands why people raise that. But this is not that. This is an antitrust case. I can’t go into court and say “I care about the free press” or tell the judge my views on democracy. She’s going to be like “are you going to tell me what kind of lawsuit you have and why you think you can have an antitrust enforcement?” This is only now and ever was and ever will be just a straight-up meat-and-potatoes, black-and-white antitrust case. And I think that Paramount-Warner Bros. focusing on that would be healthy for this entire endeavor. THR",0,2026-08-19 09:39:57
20,https://variety.com/2026/film/news/hybrid-ai-mandopop-musical-alishan-escape-red-empire-omg-1236838002/,"Hybrid-AI Mandopop Musical ‘Alishan Escape’ Set at Red Empire, OMG (EXCLUSIVE)",Variety,2026-08-19T07:02:37,5301,"Aug 19, 2026 12:02am PT Hybrid-AI Mandopop Musical ‘Alishan Escape’ Set at Red Empire, OMG (EXCLUSIVE) By Naman Ramachandran Plus Icon Naman Ramachandran Latest Sci-Fi Horror Comedy ‘Flapjax’ Boards Blue Finch Films for Sales Ahead of Fantastic Fest Bow (EXCLUSIVE) 40 minutes ago Hybrid-AI Mandopop Musical ‘Alishan Escape’ Set at Red Empire, OMG (EXCLUSIVE) 2 hours ago Kim Jong-kwan’s ‘The Table: Day and Night’ to Open Busan 3 hours ago See All Australian hybrid-AI studio Red Empire Productions and international production and distribution company Organic Media Group are developing “ Alishan Escape : A Mandopop Ghost Adventure,” an original animated musical inspired by Taiwan’s Ghost Month traditions, Buddhist philosophy, local Indigenous tribal cultures and the global reach of Asian pop music. The project marks a creative collaboration between Red Empire Productions founder and CEO Amie Casey and Organic Media Group (OMG) co-founder Steve Chicorel, combining cinematic storytelling, original music and hybrid-AI production techniques for a theatrical animated musical aimed at worldwide audiences. Related Stories ‘Black Zombie’ Review: An Engaging Doc on How the Flesh-Eating Hordes of Screen Fame Obscured Painful Real-Life History ‘Ted Lasso’ Season 4 Is Both a Promising Reboot and a Tedious Sequel: TV Review Set against Taiwan’s landscapes and spiritual traditions, “Alishan Escape” follows an international pop star who travels to Taiwan to complete an unfinished song written by her late parents. During Ghost Month, she crosses into the world of the dead and must find her voice – and finish the song – to return to the living before her concert begins. The film blends contemporary Mandopop, ancient mythology, comedy and supernatural adventure. Popular on Variety The creative team has developed feature treatments for the first two films in a proposed franchise, along with a temporary soundtrack featuring lyrics and music by Chicorel. Animator Greg Manwaring has joined the project; during a career spanning more than 35 years, Manwaring has contributed to “The Lion King,” “The Iron Giant,” “Pocahontas” and “Who Framed Roger Rabbit?” “At Red Empire Productions, we believe the future of filmmaking belongs to creators who combine powerful storytelling with innovative production technologies,” said Casey. “‘Alishan Escape’ is exactly that kind of project. It is emotionally authentic, visually ambitious and deeply rooted in one of the world’s most fascinating cultures. We’re thrilled to be partnering with Greg and OMG to introduce this original animated musical to audiences around the globe.” Chicorel, a UCLA MFA-trained screenwriter, producer and songwriter, has spent nearly two decades living in Taiwan, where the story evolved through his immersion in the island’s culture. A multi-instrumentalist whose background spans rock, folk and world music, he performs guitar, piano, drums and bass, as well as traditional Chinese instruments including the erhu, pipa and guzheng. He created the story, wrote the feature treatments and developed the lyrics and original songs for “Alishan Escape.” “I’ve wanted to tell a Ghost Month story for years,” Chicorel said. “Living in Taiwan has allowed me to experience traditions, music and spirituality that simply don’t exist anywhere else. ‘Alishan Escape’ is my love letter to Taiwan. Every lyric, every melody and every story beat was created to celebrate this remarkable culture while delivering the kind of emotional, cinematic musical experience that can resonate with audiences everywhere.” Chicorel credited Casey with helping transform the project into something beyond an AI production. “Amie and her team are not simply AI technologists – they are experienced writers, actors and producers who understand that great storytelling begins with human creativity,” Chicorel said. “For us, hybrid AI means combining innovative technology with real singers and voices, and real actors and dancers whose performances inform the characters’ movement and emotion. That is the difference between using AI as a creative tool and using it as a substitute for human artistry.” OMG, founded by Kelly Mi Li and Chicorel, has operations spanning Los Angeles, Taiwan and Australia. The companies are in discussions with a major studio’s animation division regarding continued development of the franchise. Netflix Calls for Cap on French Content Investment Rules, Warning Current System Is ‘Unsustainable’ Cannes’ Critics’ Week Reveals Lineup of Armenian Filmmakers Taking Part in Next Step Studio Program (EXCLUSIVE) Cannes Critics’ Week Film ‘Six Months in a Pink and Blue Building’ Sells to Strand Releasing for North America (EXCLUSIVE) Cannes Breakout Comedy ‘Jim Queen’ Closes Key Deals Ahead of Annecy Screening (EXCLUSIVE) Sundance Prizewinner Blerta Basholli on Kosovar War Drama ‘Dua’: ‘Teenagers Growing Up in Conflict Zones Are No Different From Any of Us’ France’s National Film Board to Reduce Funding for Productions That Fail Gender Equality Targets Loading comments... More From Our Brands Rolling Stone Hilary Duff Shares Memories of Hayden Panettiere as Young Stars Navigating Fame Robb Report Porsche Says the Taycan E.V. Isn’t Going Anywhere Sportico Lakers Sale Complicated by Jeanie Buss Spat With Siblings",0,2026-08-19 09:39:46
21,https://variety.com/2026/film/festivals/kim-jong-kwan-table-day-and-night-busan-opening-film-1236837993/,Kim Jong-kwan’s ‘The Table: Day and Night’ to Open Busan,Variety,2026-08-19T06:26:07,4863,"Aug 18, 2026 11:26pm PT Kim Jong-kwan’s ‘The Table: Day and Night’ to Open Busan By Naman Ramachandran Plus Icon Naman Ramachandran Latest Yami Gautam Dhar’s ‘Nayyi Navelli’ Sets October Release From Amazon MGM Studios, Colour Yellow (EXCLUSIVE) 14 minutes ago Sci-Fi Horror Comedy ‘Flapjax’ Boards Blue Finch Films for Sales Ahead of Fantastic Fest Bow (EXCLUSIVE) 1 hour ago Hybrid-AI Mandopop Musical ‘Alishan Escape’ Set at Red Empire, OMG (EXCLUSIVE) 3 hours ago See All Busan International Fim Festival The 31st Busan International Film Festival (BIFF) has selected “ The Table: Day and Night ,” directed by Kim Jong-kwan , as its opening film for the 2026 edition, marking the feature’s world premiere. The film tracks four couples moving through different stages of love inside the same cafe over the course of a summer and autumn, told through low-key, conversational scenes. It follows Yoo-jin ( Kim Minha ) and Hyeon-oh (Joo Jong-hyuk), who cross paths after visiting the cafe at separate times of day; Sang-mi (Han Sun-hwa) and Young-min (Chang Ryul), middle school friends reconnecting unexpectedly; web novelist Hye-jin (Shim Eun-kyung) and independent filmmaker Dong-nam (Lee Hee-jun), who find a creative spark between them; and idol trainee Na-kyeong (Jeon So-young) and her boyfriend Jong-su (Kim Dong-hwi), caught in a bittersweet moment together. The film leans on the cafe’s constant churn of strangers coming and going to draw out each character’s voice, temperament and quirks at a brisk clip. Related Stories ‘Los Vampires’ Review: Dueling Draculas Spar in an Alluring if Unevenly Executed Flashback to Early-Talkie Hollywood 'Objet a' Review: Ann Oren’s Wickedly Kinky Curiosity Eroticizes Everything From Mushrooms to Mushroom Cuts Kim first drew notice for his handling of quiet emotional material. His 2004 debut short, “How to Operate a Polaroid Camera,” earned the jury’s special prize when it played at the Mise-en-scène Short Film Festival. He followed that with the shorts “Slowly” (2005) and “Phantoms of the Archive” (2014) before making his feature debut with “Come, Closer” in 2010. His profile rose further when “Worst Woman” (2016) claimed the Fipresci Prize at Russia’s Moscow International Film Festival. Since then he has built out a distinctive body of work through features including “The Table” (2016), “Josée” (2020) and “Shades of the Heart” (2021), along with omnibus contributions to the Netflix original series “Persona” (2019), “Vestige” (2022) and “The Killers” (2024). Popular on Variety “The Table: Day and Night” returns to the four-stories-one-space structure Kim used in “The Table,” which played in Korean Cinema Today – Panorama at BIFF in 2016. BIFF said in a statement: “‘The Table: Day and Night’ is an elegant and assured film in which the cinematic interests, style, perspective, and world that Kim Jong-kwan has persistently explored as a filmmaker reach a provisional culmination. Without relying on excessive setups or dramatic turns, its greatest merit lies in how thoughtfully it captures the unique inner voices and emotions of its characters, as well as the subtle shifts in their relationships. Featuring a strong ensemble cast, including Kim Minha, Joo Jong-hyuk, Han Sun-hwa, Chang Ryul, Shim Eun-kyung, Lee Hee-jun, Jeon So-young and Kim Dong-hwi, the film brings together acclaimed performers and promising newcomers, showcasing their chemistry and ensemble performances to full effect. For its vibrant yet grounded tone, ‘The Table: Day and Night’ has been selected as the opening film for the 31st Busan International Film Festival.” Kim is also preparing the local release of “Frosted Window” alongside the Busan premiere of “The Table: Day and Night.” The 31st Busan International Film Festival runs Oct. 6-15. The 21st Asian Contents & Film Market runs Oct. 10-13. Variety Toasts French Cinema With Post-Cannes Summer Dinner at Paris’ Laperouse With Thierry Fremaux, Guillaume Canet, Pierre-Antoine Capton, Rebecca Zlotowski and Anamaria Vartolomei Cannes’ Critics’ Week Reveals Lineup of Armenian Filmmakers Taking Part in Next Step Studio Program (EXCLUSIVE) France’s National Film Board to Reduce Funding for Productions That Fail Gender Equality Targets Netflix Calls for Cap on French Content Investment Rules, Warning Current System Is ‘Unsustainable’ Sundance Prizewinner Blerta Basholli on Kosovar War Drama ‘Dua’: ‘Teenagers Growing Up in Conflict Zones Are No Different From Any of Us’ Cannes Critics’ Week Film ‘Six Months in a Pink and Blue Building’ Sells to Strand Releasing for North America (EXCLUSIVE) Loading comments... More From Our Brands Rolling Stone Hilary Duff Shares Memories of Hayden Panettiere as Young Stars Navigating Fame Robb Report Porsche Says the Taycan E.V. Isn’t Going Anywhere Sportico Lakers Sale Complicated by Jeanie Buss Spat With Siblings",0,2026-08-19 09:39:47
7,https://deadline.com/2026/08/yellowstone-taylor-sheridan-6666-spinoff-update-1237044957/,‘Yellowstone’s Taylor Sheridan Shuts Door On Previously Announced ‘6666’ Spinoff: “I Would Never Do That”,Deadline,2026-08-19T03:55:19,3775,"Skip to main content By Armando Tinoco Armando Tinoco Staff Writer @armietinoco More Stories By Armando Ariana Madix Teases “Unseen Footage” At ‘Love Island USA’ Season 8 Reunion That “Cleared A Lot Of Things” ‘Supergirl’ & ‘Oppenheimer’ Actor David Krumholtz Taking “An Indefinite Break” From Acting: “Frustrated, Fed Up, Fried” Robin Williams’ Kids Fight Against AI Slop By Reactivating His Instagram: “As Technology Evolves, We Want This To Be A Safe, Trusted Place” View All August 18, 2026 8:55pm Jefferson White as Jimmy Hurdstrom in 'Yellowstone' Paramount Network Yellowstone co-creator Taylor Sheridan has limits on what spinoffs he will do and has shut the door on a fictionalized version based on the Four Sixes Ranch in Texas. In a new interview, Sheridan said that the previously announced 6666 spinoff was not happening. “There’s never going to be one,” he said on the Rodeo Time podcast. “I would never fictionalize that ranch.” He continued, “People thought that that was going to be a thing, but I would never do that.” Related Stories News Paramount+ Head Of Originals Jane Wiseman Outlines Programming Strategy One Year In: Female Dramas, Genre, Taylor Sheridan & Tyler Perry Cancellations and Renewals 'RuPaul's Drag Race' Renewed For Season 19 At MTV & Paramount+ Picks Up 'RuPaul's Drag Race All-Stars' For Season 12 Yellowstone fans believed that a spinoff set in the real-life ranch was happening after Jefferson White’s character, Jimmy Hurdstrom, was sent to the 6666 Ranch in Season 4. Watch on Deadline “I’ve actually got on my computer all the scenes of Jimmy at the 6666 pulled out and strung together, and it makes its own perfect little movie,” Sheridan said. “You watch him go there as this misfit, and leave as a man and a respected cowboy.” Sheridan, along with a group of investors, purchased the ranch in 2020 and would not want to “trivialize” the working ranch by “making up lives” and “invent drama.” “So now I’m trivializing and fictionalizing something where real people work, and they raise their families there, and I could never do that to them,” he added. “I could never do that to the cowboys that dedicated themselves, and everybody that works on that ranch. I’m very protective of the Sixes, and it’s a big responsibility to be the person who has to protect that ranch, so I have to be very, very careful with it.” In 2022, Paramount announced at its Upfront presentation that it was developing the Yellowstone spinoff, 6666 . The series was set when Comanches still ruled West Texas, and no ranch in America is more steeped in the history of the West than the 6666. Still operating as it did two centuries before, and encompassing an entire county, the 6666 is where the rule of law and the laws of nature merge in a place where the most dangerous thing one does is the next thing. The 6666 is synonymous with the merciless endeavor to raise the finest horses and livestock in the world, and ultimately where world-class cowboys are born and made. Sheridan, John Linson, Art Linson, David Glasser, Ron Burkle, and Bob Yari were signed up as executive producers, with 101 Studios and MTV Entertainment Studios producing. Although the 6666 spinoff did not materialize, Yellowstone has plenty of other stories in its universe. In 2021, 1883 premiered, followed by 1923 in 2022. Marshals premiered earlier this year, and Texas-set Dutton Ranch followed soon after. Watch Sheridan’s full interview in the video below. David Heyman Inks First-Look Deal With Amazon MGM After Long WB Run ABC Files Suit Against FCC, Claiming “Retaliatory Campaign” Against Free Speech ‘Spider-Man: Brand New Day’ Fastest To Cross $800 Million In U.S. Cinema United Urges Ellison, CA AG To Make Deal; Cinemark Backs Merger Read More About: 4 Comments",0,2026-08-19 09:39:30
8,https://deadline.com/2026/08/ariana-madix-unseen-footage-love-island-usa-season-8-reunion-1237044945/,Ariana Madix Teases “Unseen Footage” At ‘Love Island USA’ Season 8 Reunion That “Cleared A Lot Of Things”,Deadline,2026-08-19T03:30:00,2580,"Skip to main content By Armando Tinoco Armando Tinoco Staff Writer @armietinoco More Stories By Armando Ariana Madix Teases “Unseen Footage” At ‘Love Island USA’ Season 8 Reunion That “Cleared A Lot Of Things” ‘Supergirl’ & ‘Oppenheimer’ Actor David Krumholtz Taking “An Indefinite Break” From Acting: “Frustrated, Fed Up, Fried” Robin Williams’ Kids Fight Against AI Slop By Reactivating His Instagram: “As Technology Evolves, We Want This To Be A Safe, Trusted Place” View All August 18, 2026 8:30pm Ariana Madix Peacock Ariana Madix is teasing the upcoming Love Island USA Season 8 reunion and revealing that there will be an unseen footage show. The special was filmed on August 10 and is set to stream on Peacock on Monday, August 31 at 9 p.m. ET / 6 p.m. PT, but the dating series host gave insight into what viewers can expect. “Everybody came there ready to say exactly how they feel, and if they had a chip on their shoulder or something they wanted to bring up, they were ready to come and talk about it,” the Emmy-nominated host told Entertainment Weekly . Related Stories News ‘Love Island USA’ Season 8 Reunion Red Carpet Photos: Melanie Moreno, Corbin Mims, Titi Davis, Caleb McDaniel, Sol Dean, Zach Georgiou & More News Peacock Hikes Prices Across All Subscription Plans She continued, “And, of course, in talking about it, depending on who you’re talking about or the situation, it went many different directions, but I think that it was the perfect conclusion to the season.” Watch on Deadline Madix noted that viewers will get a “lot of unseen footage,” which “cleared a lot of things,” for the Islanders as well, adding, “That was really interesting for me because I only got to see it for [the first time] as well.” Madix will be joined by Andy Cohen as they both co-host the Love Island USA Season 8 reunion. The special will reunite the Islanders after leaving the villa, crowning Trinity Tatum and Bryce Alakai as the winning couple. Other fellow Islanders set to make an appearance include Aniya Harvey, Melanie Moreno, Kayda Bosse, Dylan Wrona, Kenzie Annis, Corbin Mims, Caleb McDaniel, Tierra “Titi” Davis and KC Chandler. The first dumped Islander, Sean Reifel, was also at the reunion, as well as early favorites Beatriz Hatz and Sol Dean. David Heyman Inks First-Look Deal With Amazon MGM After Long WB Run ABC Files Suit Against FCC, Claiming “Retaliatory Campaign” Against Free Speech ‘Spider-Man: Brand New Day’ Fastest To Cross $800 Million In U.S. Cinema United Urges Ellison, CA AG To Make Deal; Cinemark Backs Merger Read More About: Comments",0,2026-08-19 09:39:32
9,https://deadline.com/2026/08/supergirl-oppenheimer-actor-david-krumholtz-break-acting-1237044926/,"‘Supergirl’ & ‘Oppenheimer’ Actor David Krumholtz Taking “An Indefinite Break” From Acting: “Frustrated, Fed Up, Fried”",Deadline,2026-08-19T02:30:08,4072,"Skip to main content By Armando Tinoco Armando Tinoco Staff Writer @armietinoco More Stories By Armando ‘Yellowstone’s Taylor Sheridan Shuts Door On Previously Announced ‘6666’ Spinoff: “I Would Never Do That” Ariana Madix Teases “Unseen Footage” At ‘Love Island USA’ Season 8 Reunion That “Cleared A Lot Of Things” ‘Supergirl’ & ‘Oppenheimer’ Actor David Krumholtz Taking “An Indefinite Break” From Acting: “Frustrated, Fed Up, Fried” View All August 18, 2026 7:30pm David Krumholtz Theo Wargo / Getty Images David Krumholtz will be taking a step back from Hollywood after the actor from Supergirl and Oppenheimer got real in a series of social media posts. The actor made the decision to take “an indefinite break” after expressing being “frustrated, fed up, fried” with the business, as “the profession has lost its gleam.” “I kinda sorta put my acting career on hold the other day. It’s been something I’ve been petrified to do for years,” Krumholtz posted on Threads. “Specifically, the fear was that I’d go broke and not be able to handle being out of the game. But I sent the definitive email.” Related Stories News 'The Odyssey' Passes 'Oppenheimer's $330M U.S. Lifetime B.O. In 13 Days Before 'Spider-Man' Swings In - Box Office Update News Christopher Nolan Says He Wouldn't Have Been Able To Make 'The Odyssey' Without 'Oppenheimer' He continued, “And gotta say, a huge wave of relief washed over me. Not sure what I’m going to do for money instead, or how I’m going to do it, but I just removed a humongous burden, one that I truly didn’t fathom the weight of until it was gone. Frustrated, fed up, fried.” Watch on Deadline Krumholtz’s announcement got messages of support, and the actor continued the conversation, replying to fans. “The love and encouragement re: my last post is overwhelmingly surprising. Acting professionally is a very different concept than the exercise of acting itself,” he said. “I’ve enjoyed every single minute of exercising the muscle. I’ve enjoyed the fanfare. There was a time when being competitive and self-involved really served my pursuit. That time has passed. Much to MY overwhelming surprise. There will always be great joy in the exercise. But for me, the profession has lost its gleam.” Lanterns actor Garret Dillahunt replied to Krumholtz, saying , “This is sad news for me. But I am happy for you. I understand completely.” Krumholtz replied , “Garret, man. Means the world. Ain’t over, rather, redefining my terms. Hoping to find a new, more rewarding passion. Me, my product, and I mentality is not working anymore. I want to try to be of service. No crystal ball.” The 10 Things I Hate About You actor further clarified that he’s “not quitting entirely,” adding, “Just taking a bit of a step back and an indefinite break. The stress of the moment has me wondering if there’s a higher calling to pursue. Thanks for the very kind thought. Means the world.” Krumholtz has an extensive resumé in television and film. In 1993, he starred in Addams Family Values as Joel Glicker. The following year, he starred as the Head Elf Bernard in The Santa Clause , a role which he would reprise in 2002’s The Santa Clause 2 and in the Disney+ series The Santa Clauses . Other films in which Krumholtz has starred include Slums of Beverly Hills (1998), 10 Things I Hate About You (1999), The Mexican (2001), Harold & Kumar Go to White Castle (2004), Ray (2004), Serenity (2005), Superbad (2007), among many others. He also voiced Karrem Abdul Lavash in the animated film Sausage Party (2016), a role which he would reprise in the 2024 animated series Sausage Party: Foodtopia . In 2023, he played Isidor Isaac Rabi in Christopher Nolan’s Oppenheimer , and earlier this year he played Zor-El in Supergirl . David Heyman Inks First-Look Deal With Amazon MGM After Long WB Run ‘Hamburger Hill’ & ‘Tinker Tailor’ Director John Irvin; Brit Actress Phyllida Law ABC Files Suit Against FCC, Claiming “Retaliatory Campaign” Against Free Speech ‘Spider-Man: Brand New Day’ Fastest To Cross $800 Million In U.S. Read More About: 7 Comments",0,2026-08-19 09:39:33
31,https://www.hollywoodreporter.com/movies/movie-news/anne-hathaway-pushed-julie-andrews-return-princess-diaries-3-1236676722/,Anne Hathaway “Pushed Really Hard” Trying to Get Julie Andrews to Return for ‘Princess Diaries 3’,Hollywood Reporter,2026-08-19T02:11:41,3205,"× Skip to main content By Carly Thomas Plus Icon Carly Thomas Senior Editor, Digital carly_thomas_ Follow Sign Up View All August 18, 2026 7:11pm 'The Princess Diaries 2: Royal Engagement' Everett Collection Anne Hathaway is revealing that she “did push really hard” trying to get Julie Andrews to reprise her role as Queen Clarisse Renaldi in the upcoming third Princess Diaries installment. During a recent interview with Entertainment Tonight after receiving her Disney Legends Honor at the D23 Expo, the Oscar winner reacted to Andrews saying she doesn’t “think I should be a part of” Princess Diaries 3 . “First of all, I just want to say if she has a change of heart, we’re down,” Hathaway said. “Just anything, really. But we also want to be respectful. Like, for goodness sakes, if anybody has contributed to the world of entertainment and to our collective joy, it’s her. Whatever she wants, we completely understand.” Related Stories Business Bob Iger Takes Victory Lap as He's Named a Disney Legend, Applauds New CEO Josh D'Amaro: ""You're Wearing That Title Really Well"" Movies 'Spider-Man: Brand New Day' Hits $2B Globally to Top 'No Way Home' as Sony's Biggest Release However, The Odyssey actress added, “We did push really hard to see if she would want to do it.” During an interview with The Hollywood Reporter earlier this month, Andrews explained why she doesn’t see herself stepping into Queen Clarisse Renaldi’s shoes again. “I think the absolute truth is that I think I’m really past all that now,” The Sound of Music star confessed. “I’m not completely retired, but it’s a different kind of work that I do these days — [writing] books, and I do a lot of recording of podcasts and voiceovers. But truly, I don’t think I should be a part of it.” While details surrounding Princess Diaries 3 are being kept under wraps, the movie is set to be a continuation of the film series, which centers on Mia Thermopolis (Hathaway), who finds out that she is the heir apparent to the throne of Genovia. At the end of the second installment, The Princess Diaries 2: Royal Engagement , Mia is crowned the queen of Genovia single after Parliament abolishes the law requiring that a queen be married first. However, she also finally gets together with Nicholas Devereaux (Chris Pine) after calling off her wedding to Andrew Jacoby (Callum Blue). Hathaway also told ET that she just wants the third installment “to be fun” for those who have been fans since the original film released in 2001. “I want the women who were six when the first one came out — a lot of whom are now mothers themselves, maybe even with six-year-olds — I want them to feel like they’re bringing their children to something that mattered to them, a core memory for them, something that was a part of their heart and their lives,” she said. “And that means doing it justice. And that means taking the time that it takes to really build it right. That’s a lot of pressure, but I feel like this is a great team.” Adele Lim has been tapped to direct the feature, with Flora Greeson writing the script . Aadrita Mukerji had written an earlier draft of the screenplay before the production team pivoted in a different direction. THR",0,2026-08-19 09:39:58
22,https://variety.com/2026/film/news/david-krumholtz-posts-deletes-retire-from-acting-1236837871/,"‘Supergirl’ Star David Krumholtz Posts and Deletes Plans to Retire From Acting: ‘And Now, New Life’",Variety,2026-08-19T01:43:48,3754,"Aug 18, 2026 6:43pm PT ‘Supergirl’ Star David Krumholtz Posts and Deletes Plans to Retire From Acting: ‘And Now, New Life’ By Pat Saperstein , Jack Dunn Getty Images for Writers Guild o David Krumholtz , who played Kor-El in this year’s “ Supergirl ” and appeared in “Oppenheimer” and “ The Studio ,” said on Threads Monday that he’s done with acting and ready to start a “new life.” However, he later deleted the posts that spoke of his frustration with getting jobs in Hollywood, leading fans to speculate whether he is truly ready to turn in his SAG/AFTRA card. Krumholtz, who also starred in “Addams Family Values,” wrote, “I kinda sorta put my acting career on hold the other day. It’s been something I’ve been petrified to do for years. Specifically, the fear was that I’d go broke and not be able to handle being out of the game.” Related Stories ‘One Night Only’ Review: Monica Barbaro and Callum Turner Are Too Hot for This Sexless Sex Comedy ‘Mustache’ Review: A Delightfully Anxious Pakistani American Coming-of-Age Comedy The post said he “sent the definitive email” that would put his career on hold for now. “A huge wave of relief washed over me. Not sure what I’m going to do for money instead, or how I’m going to do it, but I just removed a humongous burden, one that I truly didn’t fathom the weight of until it was gone. Frustrated, fed up, fried,” he wrote. Popular on Variety It’s not the first time he has been ready to hang it up, however. Seth Rogen told a story on the “Diary of a CEO” podcast about how Krumholtz, a longtime friend, once told him he was going to quit acting and move to Riverside and start selling BMWs. Krumholtz went on to add in his post, “It became clear to me this year, that if I were to continue fighting for parts (what I used to call ‘auditioning’), I’d be doing so for roles that exploit my talent and reputation for a drastically diminishing return. Exploitative art isn’t art. And artists deserve a fair pay percentage for work that assists their employers in making profits. I came up in a time where movie studios and TV networks, no matter how big, were still mom & pop store entities.” Reps for Krumholtz did not immediately respond to a request for comment. Credits for Krumholtz, who has appeared in more than 100 film and TV projects, include “10 Things I Hate About You,” “Freaks and Geeks,” “ER,” “The Trouble with Normal,” “The Santa Clause 2,” “Harold & Kumar Go to White Castle,” “Ray,” “Tenacious D in the Pick of Destiny,” “Superbad,” “Walk Hard: The Dewey Cox Story,” “Numb3rs,” “Raising Hope,” “Childrens Hostpital,” “This Is the End,” “Key and Peele,” “The League,” “The Good Wife,” “The Deuce,” “Springsteen: Deliver Me From Nowhere,” “Forelock” and “The Rookie.” Variety Toasts French Cinema With Post-Cannes Summer Dinner at Paris’ Laperouse With Thierry Fremaux, Guillaume Canet, Pierre-Antoine Capton, Rebecca Zlotowski and Anamaria Vartolomei Cannes Critics’ Week Film ‘Six Months in a Pink and Blue Building’ Sells to Strand Releasing for North America (EXCLUSIVE) Sundance Prizewinner Blerta Basholli on Kosovar War Drama ‘Dua’: ‘Teenagers Growing Up in Conflict Zones Are No Different From Any of Us’ France’s National Film Board to Reduce Funding for Productions That Fail Gender Equality Targets Cannes’ Critics’ Week Reveals Lineup of Armenian Filmmakers Taking Part in Next Step Studio Program (EXCLUSIVE) Netflix Calls for Cap on French Content Investment Rules, Warning Current System Is ‘Unsustainable’ Loading comments... More From Our Brands Rolling Stone Hilary Duff Shares Memories of Hayden Panettiere as Young Stars Navigating Fame Robb Report Porsche Says the Taycan E.V. Isn’t Going Anywhere Sportico Lakers Sale Complicated by Jeanie Buss Spat With Siblings",0,2026-08-19 09:39:48
10,https://deadline.com/2026/08/robin-williams-kids-fight-ai-slop-reactivating-instagram-1237044919/,"Robin Williams’ Kids Fight Against AI Slop By Reactivating His Instagram: “As Technology Evolves, We Want This To Be A Safe, Trusted Place”",Deadline,2026-08-19T01:32:37,3105,"Skip to main content By Armando Tinoco Armando Tinoco Staff Writer @armietinoco More Stories By Armando Ariana Madix Teases “Unseen Footage” At ‘Love Island USA’ Season 8 Reunion That “Cleared A Lot Of Things” ‘Supergirl’ & ‘Oppenheimer’ Actor David Krumholtz Taking “An Indefinite Break” From Acting: “Frustrated, Fed Up, Fried” Robin Williams’ Kids Fight Against AI Slop By Reactivating His Instagram: “As Technology Evolves, We Want This To Be A Safe, Trusted Place” View All August 18, 2026 6:32pm Robin Williams Todd Williamson / Getty Images Robin Williams ‘ three children have taken a step in the fight against AI slop using their father’s likeness by reactivating his Instagram account. The social media platform had been dormant since 2014, when the actor died. “As we recognize what would be our Dad’s 75th year, we’re grateful to see new generations discovering his work while longtime fans continue to celebrate the joy he brought into their lives,” read the statement signed by Zak, Zelda and Cody Williams. The statement continued, “As technology evolves, we want this to be a safe, trusted place where the stories, photos, videos, and memories shared reflect his legacy with authenticity, warmth, and care. Watch on Deadline Related Stories News Ethan Hawke Recalls Being ""Aware"" Of Robin Williams' Struggles On 'Dead Poets Society' Set: ""Weathered That Storm Of His Own Psyche For Us"" News Dwayne Johnson Teases 'Jumanji' Production With Robin Williams Easter Egg: ""A Show Of Respect"" Zak, Zelda, and Cody’s intentions are to share Williams’ “unique talent and humor with the world, including the moments that made us and so many of you laugh, as we remember our Dad’s extraordinary life and work. He continues to inspire us and delight people all over the world.” The Instagram profile also has links to social media platforms like TikTok, Facebook, and YouTube, where the message from Zak, Zelda, and Cody was also shared. Last year, Zelda took to social media to ask people not to send AI-generated videos of her late father , saying in a statement, “If you’ve got any decency, just stop doing this to him and to me, to everyone even, full stop. It’s dumb, it’s a waste of time and energy, and believe me, it’s NOT what he’d want.” Zelda said that seeing AI slop of her father was “gross” and “maddening,” adding, “To watch the legacies of real people be condensed down to ‘this vaguely looks and sounds like them so that’s enough,’ just so other people can churn out horrible TikTok slop puppeteering them is maddening. You’re not making art, you’re making disgusting, over-processed hotdogs out of the lives of human beings, out of history of art and music, and then shoving them down someone else’s throat hoping they’ll give you a little thumbs up and like it. Gross.” David Heyman Inks First-Look Deal With Amazon MGM After Long WB Run ABC Files Suit Against FCC, Claiming “Retaliatory Campaign” Against Free Speech ‘Spider-Man: Brand New Day’ Fastest To Cross $800 Million In U.S. Cinema United Urges Ellison, CA AG To Make Deal; Cinemark Backs Merger Read More About: 2 Comments",0,2026-08-19 09:39:34
32,https://www.hollywoodreporter.com/movies/movie-news/director-hayden-panettiere-dark-energy-brian-hickerson-1236676682/,‘A Breed Apart’ Director Recalls Hayden Panettiere’s “Dark” Energy on Set: “She Was Not OK”,Hollywood Reporter,2026-08-19T01:30:38,3131,"× Skip to main content By Carly Thomas Plus Icon Carly Thomas Senior Editor, Digital carly_thomas_ Follow Sign Up View All August 18, 2026 6:30pm Hayden Panettiere and Griff Furst Dimitrios Kambouris/Getty Images; Michael Tullberg/Getty Images In the wake of Hayden Panettiere’s death , the director of one of her last films is opening up about his experience with her on set, saying the “energy in her room was pretty dark” at the time. The actress, who worked with Griff Furst on his 2025 film A Breed Apart , died on Sunday at age 36 at an apartment complex in Greenville, South Carolina. “I had met Hayden about 10 years before that and I knew that she was insanely talented, so when she signed on to do this picture that we were shooting, I was psyched,” Furst began in a video recently posted on Instagram . “I really wanted to work with her.” Related Stories Movies Neve Campbell and 'Scream' Stars Pay Tribute to Hayden Panettiere After Her Death: She ""Brought a Magnetic Energy to Set"" News 'Nashville' Alum Charles Esten Notes ""Strange Coincidence"" of Being in Greenville, South Carolina Days Before Hayden Panettiere's Death He then recalled realizing “something was off” with Panettiere while filming, making a point to mention the actress’s on-again, off-again boyfriend Brian Hickerson’s presence when he would visit the A Breed Apart set. “So I’m on set, and I get word from the movie’s security team who picked her up from the airport that something was off,” Furst continued. “I didn’t think much about it, and so I left set and I walked over to greet her and her boyfriend Brian. He opened the door. Hayden was incredibly sweet and gracious and excited to work, but she was not OK.” “I’m not going to get into the details of why that was, but having worked on over 100 movies and seeing just about everything, it was pretty clear that she wasn’t okay and the energy in her room was pretty dark,” the director added. Amid the investigation into Panettiere’s death, a police report said Hickerson and his brother were at the scene when the actress was pronounced dead by authorities. The Greenville County Coroner’s Office said that her cause and manner of death remain pending further investigation, and that there were no obvious signs of trauma. However, officials were reportedly heard discussing an “overdose” and “cardiac arrest” on the 911 call at the time of her death. Panettiere had been open about her struggles with alcohol and opioid addiction, further detailing her experiences in her memoir, This Is Me: A Reckoning , released earlier this year. In the book, she also detailed physical abuse by Hickerson. The actress’ mother, Lesley Vogel, also recently broke her silence on her daughter’s death, criticizing Hickerson , saying, “This person in her life that we have been trying to get rid of for quite some time was with her at her death and that was Brian Hickerson.” In Furst’s Instagram video, the director added that he “believed she was getting better” and that he and Panettiere “talked about doing another picture together recently, which is what makes this shitty news hit even harder.” THR",0,2026-08-19 09:39:59
11,https://deadline.com/2026/08/abc-trump-fcc-lawsuit-five-claims-1237044686/,Five Standout Claims In ABC’s First Amendment Lawsuit Against The FCC,Deadline,2026-08-19T01:19:04,10776,"Skip to main content By Ted Johnson Ted Johnson Political Editor @tedstew More Stories By Ted ABC Files First Amendment Lawsuit Against FCC, Claiming Trump Administration “Retaliatory Campaign” Against Its Free Speech Abby Phillip Signs New Deal To Remain At CNN New Yorker’s Ariel Levy To Join ‘60 Minutes’ As A Contributor View All August 18, 2026 6:19pm Chairman of the Federal Communications Commission (FCC) Brendan Carr Getty Images ABC has been pushing back on the FCC for several months now, but on Tuesday, it filed a First Amendment lawsuit, claiming that the agency’s regulatory actions and investigations were part of a Trump administration effort to punish it for its speech. Related Stories News How The FCC Plans To Weigh A Flood Of Public Comments As It Investigates ABC’s ‘The View’ News ABC Says FCC’s Equal Time Crackdown On ‘The View’ Chills Its First Amendment Rights The lawsuit goes through a narrative of Donald Trump ‘s attacks on the network, including his calls for the revocation of FCC licenses. In fact, the third paragraph of the ABC complaint features a screenshot of a Trump Truth Social post in which he calls for licenses to be terminated because of “100% negative” coverage on newscasts and late-night shows. The central part of the lawsuit is the FCC’s order that ABC’s eight owned broadcast stations file for early license renewal, a very unusual regulatory demand, given that the first of the licenses wasn’t set to expire until 2028. While the FCC tied its order to an ongoing investigation of the network’s diversity, equity and inclusion practices, ABC lawyers noted that it came just after Trump blasted Jimmy Kimmel over jokes on his show. Watch on Deadline The FCC issued a statement on the ABC lawsuit. with a spokesperson saying, “All broadcasters have a legal obligation to operate in the public interest—even Disney. The FCC has been examining claims that Disney engaged in illegal DEI discrimination for over a year. Disney is obviously very concerned about the FCC’s proceeding, as evidenced by their ongoing campaign of disinformation as well as their decision to ask a court to stop the FCC from further pursuing matters.” ABC, however, contended that the consequences of the Trump administration’s actions go beyond ABC. The network stated in the lawsuit, “If the Administration gets its way, the message to every media company in the country will be unmistakable: tell only the stories the Administration deems favorable, or face the coercive machinery of the federal government. In such a world, the press could in no way be described as free.” Here are five of the standout claims that ABC made in its lawsuit to try to bolster its point: FCC “confirmed the connection” to Trump’s threats: A challenge to ABC’s First Amendment claim will be in proving that there is a causal link to the president’s remarks and FCC action. Among other things, the network noted the timing of the FCC’s order for early license renewals, coming a day after Trump called on ABC to fire Kimmel over a comment he made about First Lady Melania Trump. But the network also cited a more recent example they claimed “confirmed the connection” between the White House and the FCC. In July, Trump gave a primetime address, but ABC and NBC decided not to broadcast it, amid concerns that the president would use the platform to make unfounded claims about election rigging. The network’s legal team wrote, “ABC was aware that the President wanted the address to be broadcast live, and considered the risk of resulting Administration retaliation. ABC ultimately decided to livestream the speech on ABC News Live, which it ordinarily would not have done.” Trump was aware of the decisions to bypass the address, and during the speech called for ABC and NBC to lose their licenses. ABC noted in the lawsuit that after the Trump threat, the FCC “promptly confirmed the connection: following the President’s demand, the Chairman stated that the Commission would consider ABC’s decision not to broadcast the July 16 address as part of its review of the Stations’ renewal applications.” Returning Kimmel to the air invited “further reprisal from the administration”: Few incidents involving the FCC drew the level of attention than what happened last September, when ABC put Kimmel on suspension amid furor among one of his jokes about the reaction to the assassination of Charlie Kirk. As noted in the ABC lawsuit, FCC Chairman Brendan Carr warned the network’s stations that “we can do this the easy way or the hard way.” “These companies can find ways to take action on Kimmel, or there is going to be additional work for the FCC ahead,” he said on Benny Johnson’s podcast. Hours later, ABC suspended Kimmel. In the lawsuit, its legal team said that the network was exercising its editorial judgment in suspending the late-night host, but they also noted that the president “celebrated” the decision, writing on Truth Social, “Congratulations to ABC for finally having the courage to do what had to be done.” The lawsuit also noted Carr’s comment to a reporter about the Kimmel suspension: an animated image of two characters from The Office celebrating. Then, the network’s legal team wrote, ABC made the decision to return Mr. Kimmel to the air “with full awareness that doing so was likely to invite further reprisal from the Administration.” They added, “The reprisal was swift to manifest: the following day, the President posted on Truth Social: ‘I can’t believe ABC Fake News gave Jimmy Kimmel his job back. . . . I think we’re going to test ABC out on this. Let’s see how we do.'” Carr later insisted that his comments were not a threat. “What I’ve been clear about is that if you look at the full context, not only what I said, but what the companies themselves have said about their decision. It was a business decision,” he told reporters after the incident. Brendan Carr takes Trump’s social media posts “as his directives”: While the lawsuit runs through a gallery of Trump’s attacks on ABC and other networks, it also cites numerous comments made by the FCC chairman. The ABC lawsuit cites this as further evidence that Carr is taking cues from Trump. The network claimed that Carr “takes the president’s social media posts as his directives.” The network’s legal team wrote, “First, replying to a post by the President expressing frustration at news coverage of the Iran conflict, the Chairman warned that stations airing ‘fake news’ had ‘a chance now to correct course before their license renewals come up,’ explaining that ‘they will lose their licenses if they do not.'” “Similarly, when the President called for NBC to fire late-night television host Seth Meyers, the Chairman reposted the President’s post to his official X account, thereby throwing the weight of NBC’s chief regulator in support of the President’s attempt to influence NBC’s editorial discretion.” Carr has defended his comments, often citing the obligation of broadcasters to uphold a public interest standard. But Anna Gomez, the sole Democrat on the commission, has said that the FCC has been using an “undefined” concept as a “roving mandate to police speech.” The FCC demanded records of political donations from The View hosts and ABC News personnel. According to the lawsuit, as part of the FCC’s investigation into The View , the agency’s Media Bureau made an extensive list of demands last month for information from the network’s Houston station. The investigation is into whether The View much comply with the FCC’s equal time rule, which requires that broadcasters who feature political candidates as guests must offer comparable time to rivals, if requested. Per the lawsuit, the FCC issued a letter of inquiry last month directing the station to “produce all internal communications among The View ’s booking staff, its segment producers, its Executive Producer, and its on-air co-hosts discussing any candidate over a two-year period, together with the messages that two named co- hosts had sent to the program’s Executive Producer about a single booking decision.” The FCC also demanded the disclosure of political donations of employees and co-hosts, including a list of every donation over the past four years and the date of each, according to the suit. According to ABC, the Media Bureau issued another inquiry two weeks later that “demanded the standards and policies in place across all ABC programs relating to ‘journalistic integrity, newsworthiness, fairness, impartiality, objectivity, partisanship, [and] bias,’ as well as the political donations of on-air talent and producers, naming Good Morning America , This Week with George Stephanopoulos , and ABC World News Tonight with David Muir .” The network’s legal team argued that that Communications Act’s equal time provisions do not include a provision that “permits the government to demand a journalist’s or on-air anchor’s messages to her producer, to inventory her political contributions, or to audit the editorial standards of an entire news division.” The targeting of The View already has forced the show to avoid political candidate guests. ABC is asking for immediate action from the court, including a temporary restraining order to prohibit the FCC from taking any further moves in its early license renewal proceedings. The network’s legal team emphasized the urgency of the situation by citing instances where editorial decisions are being impacted. They noted that The View has not booked a political candidate since February, when U.S. Senate candidate James Talarico’s appearance triggered the agency’s investigation. The show also has passed on clips to air during the Hot Topics segment on The View and the cold open of the program, out of concern of triggering the equal time requirement, per the lawsuit. Carr has denied that he is censoring the program, and merely enforcing a rule on the books that doesn’t prevent the show from featuring candidates, albeit they would be on the hook to offer equal time. ABC, however, argued that The View falls under an exemption for bonafide news programming, and that the FCC affirmed as much in 2002. The network’s legal team argued, “Since the Bureau’s inquiry began, Plaintiffs must now evaluate any invitation to a political candidate for its potential consequences, including whether it might later be cited by the Commission as a basis for non-renewal in the Stations’ impending license renewal process.” David Heyman Inks First-Look Deal With Amazon MGM After Long WB Run ABC Files Suit Against FCC, Claiming “Retaliatory Campaign” Against Free Speech ‘Spider-Man: Brand New Day’ Fastest To Cross $800 Million In U.S. Cinema United Urges Ellison, CA AG To Make Deal; Cinemark Backs Merger Read More About: 3 Comments",0,2026-08-19 09:39:35
33,https://www.hollywoodreporter.com/movies/movie-news/david-krumholtz-retiring-acting-threads-post-hollywood-over-1236676672/,David Krumholtz Says He’s Retiring from Acting in Shock Social Post: “Profession Has Lost Its Gleam”,Hollywood Reporter,2026-08-19T00:36:15,4681,"× Skip to main content By Chris Gardner Plus Icon Chris Gardner chrissgardner Follow Sign Up View All August 18, 2026 5:36pm David Krumholtz attends a New York Film Festival gala at New York's Alice Tully Hall on Sept. 28, 2025. Jamie McCarthy/Getty Images for 20th Century Studios He’s amassed more than 140 credits on an enviable resumé that dates back to the early 1990s, but David Krumholtz seems ready to throw in the towel on his Hollywood career. In a shocking announcement posted (and later deleted) on social media, Krumholtz said he’s “frustrated, fed up, fried” with the business, so much so that he already sent an email to declare it done. Once the decision was made, Krumholtz felt a “huge wave of relief” wash over him. “I kinda sorta put my acting career on hold the other day. It’s been something I’ve been petrified to do for years. Specifically, the fear was that I’d go broke and not be able to handle being out of the game. But I sent the definitive email,” he shared on Threads. “And gotta say, a huge wave of relief washed over me. Not sure what I’m going to do for money instead, or how I’m going to do it, but I just removed a humongous burden, one that I truly didn’t fathom the weight of until it was gone. Frustrated, fed up, fried.” Related Stories Movies How Christopher Nolan's 'The Odyssey' Conquered the Box Office Movies Christopher Nolan on 'The Odyssey' Whetting His Horror Appetite, Making the ""Ultimate Dog Movie"" and Rereleasing 'The Prestige' The post received tons of traction immediately, and Krumholtz continued the conversation by responding in comments to fans expressing their disappointment, encouragement and/or support, as well as posting additional replies. “The love and encouragement re: my last post is overwhelmingly surprising. Acting professionally is a very different concept than the exercise of acting itself. I’ve enjoyed every single minute of exercising the muscle. I’ve enjoyed the fanfare. There was a time when being competitive and self-involved really served my pursuit. That time has passed. Much to MY overwhelming surprise. There will always be great joy in the exercise. But for me, the profession has lost its gleam.” Fellow actor Garret Dillahunt was among those who responded by posting, “This is sad news for me. But I am happy for you. I understand completely.” Krumholtz wrote back and further elaborated on his next moves: “Ain’t over, rather, redefining my terms. Hoping to find a new, more rewarding passion. Me, my product, and [my] mentality is not working anymore. I want to try to be of service. No crystal ball.” The Hollywood Reporter has reached out to a manager for the actor seeking additional clarification on his comments. The 48-year-old veteran actor hails from New York and has worked consistently since breaking into the business on both the big and small screens with parts in Law & Order, Life with Mikey, Addams Family Values, The Santa Clause franchise (playing the beloved Head Elf Bernard) and the Ice Storm , to name a few early roles. He had regular roles on such shows as Monty , Chicago Sons , The Closer , The Trouble With Normal and Numb3rs , the latter of which lasted the longest with 119 episodes. He also starred in high-profile movies like Slums of Beverly Hills opposite Natasha Lyonne, 10 Things I Hate About You , The Mexican , Sidewalks of New York , Ray , Harold & Kumar Go to White Castle , Crazy for Love , Bobby , Superbad , This is the End , Hail, Caesar! and more. He played Isidor Rabi in Christopher Nolan’s best picture winner Oppenheimer , which earned him rave reviews, and had a busy last couple of years starring in Springsteen: Deliver Me From Nowhere and opposite Seth Rogen in The Studio and Sausage Party: Foodtopia . Most recently, he starred as Zor-El in Supergirl . Krumholtz at the Supergirl world premiere in New York on June 22, 2026. (Photo by Dimitrios Kambouris/Getty Images for Warner Bros. Pictures) David Krumholtz and cast members from Leopoldstadt are seen on stage during the Broadway show’s opening night at New York’s Longacre Theatre on Oct. 2, 2022. (Photo by Roy Rochlin/Getty Images) David Krumholtz and Rob Morrow celebrate the 100th episode of CBS’s Numb3rs at the LA Center Studios on March 25, 2009. (Photo by Michael Buckner/Getty Images) Kal Penn, Krumholtz, John Cho and Neil Patrick Harris at the afterparty for the premiere of New Line Cinema’s Harold and Kumar Escape From Guantanamo Bay at the Green Door in L.A. on April 17, 2008. (Photo by Kevin Winter/Getty Images) Cillian Murphy as J. Robert Oppenheimer and Krumholtz as Isidor Rabi in Christopher Nolan’s Oppenheimer . Melinda Sue Gordon/Universal Pictures THR",0,2026-08-19 09:40:00
23,https://variety.com/2026/film/news/john-irvin-dead-hamburger-hill-1236837824/,"John Irvin, Director of ‘Hamburger Hill,’ ‘Tinker Tailor Soldier Spy,’ Dies at 86",Variety,2026-08-19T00:28:51,4592,"Aug 18, 2026 5:28pm PT John Irvin, Director of ‘Hamburger Hill,’ ‘Tinker Tailor Soldier Spy,’ Dies at 86 By Isabelle Farina Plus Icon Isabelle Farina Latest See All Universal/Courtesy Everett Collection John Irvin , the British director of “Hamburger Hill,” the “Tinker Tailor Soldier Spy” miniseries and 1981’s “Ghost Story,” died Aug. 11. He was 86. His producers confirmed he died at the home of his sister-in-law in the U.K. The award-winning director’s career spanned several decades, each punctuated by a different focus. By the end of his career, Irvin had amassed over 30 films and three BAFTA nominations, with notable credits including “Turtle Diary,” “A Month By the Lake,” “City of Industry” and “Widow’s Peak.” Related Stories 'Cookie Queens' Review: A Doc About Girl Scout Cookies, Produced by Meghan Markle and Prince Harry, Is Too Much of a Reality-Show Ramble 'What Will I Become?' Review: Transmasculine Lives Take Center Stage in a Poignant Portrait of Loss His 1987 Vietnam film “Hamburger Hill,” which starred Don Cheadle, Dylan McDermott, Michael Boatman, Steven Weber and Courtney B. Vance, is seen as one of the most realistic depictions of that war. Popular on Variety Irvin, along with his twin brother David, was born in Newcastle upon Tyne, Northumberland on May 7, 1940. He graduated from the London Film School in the late 1950s. In the 1960s, he created numerous documentaries, including his 1967 short “Mafia No!,” about Italian social activist Danilo Dolci, which was nominated for a BAFTA Award for Best Short Film. Many of these documentaries were created for his own company Mithras Films, the BBC and ITV. “When I did my documentaries, I would have dealings with the security services from time to time but that was MI6 not MI5,” Irvin said of his time shooting a documentary on the North Yemen War. “When I came back from Yemen, where I shot a documentary on the Civil War I was debriefed. There wasn’t much I could tell them, but I was never part of that world or paid. I was far too left-wing, for a start, but was anti-apartheid, anti-war, anti-nuclear. They were probably well aware of my leftwing activities, so I was certainly not involved in any hanky-panky.” In the ’70s, he shifted to television shows and made-for-TV-films. One of the most notable was the BBC miniseries adaptation of John le Carré’s “Tinker Tailor Soldier Spy,” which was nominated for a BAFTA Award for Best Drama Series and a Primetime Emmy Award for Outstanding Limited Series. After working with him, Alec Guinness wrote about Irvin that he “admired a director with balls behind the camera!” By the 1980s and 1990s, he was fully immersed in Hollywood directing big names like Patrick Swayze (“Next of Kin”), Arnold Schwarzenegger (“Raw Deal”) and Uma Thurman 1991’s (“Robin Hood”). “Not many filmmakers directed both Fred Astaire and Patrick Swayze,” Roel Haanen wrote in a 2021 interview. “Or followed up a tender, thoughtful film written by Harold Pinter with an Arnold Schwarzenegger action flick. But John did …” After his work with Hollywood, he shifted back to indie films in Europe including “Shiner” starring Michael Caine and “The Boys and Girl from County Clare” starring Andrea Corr and Colm Meaney. Most recently, he worked with producer Claire Evan’s on “Mandela’s Gun,” and at the time of his death was working on a new edit of the political thriller. In 1970, Irvin married Sophie (née Litchfield) who died of cancer in 1991. Together, John and Sophie had three children; Emilie, Luke, and Amy Irvin, who survive him, and two grandchildren, Finn and Isla Irvin. Variety Toasts French Cinema With Post-Cannes Summer Dinner at Paris’ Laperouse With Thierry Fremaux, Guillaume Canet, Pierre-Antoine Capton, Rebecca Zlotowski and Anamaria Vartolomei Sundance Prizewinner Blerta Basholli on Kosovar War Drama ‘Dua’: ‘Teenagers Growing Up in Conflict Zones Are No Different From Any of Us’ Netflix Calls for Cap on French Content Investment Rules, Warning Current System Is ‘Unsustainable’ France’s National Film Board to Reduce Funding for Productions That Fail Gender Equality Targets Cannes Critics’ Week Film ‘Six Months in a Pink and Blue Building’ Sells to Strand Releasing for North America (EXCLUSIVE) Cannes Breakout Comedy ‘Jim Queen’ Closes Key Deals Ahead of Annecy Screening (EXCLUSIVE) Loading comments... More From Our Brands Rolling Stone Hilary Duff Shares Memories of Hayden Panettiere as Young Stars Navigating Fame Robb Report Porsche Says the Taycan E.V. Isn’t Going Anywhere Sportico Lakers Sale Complicated by Jeanie Buss Spat With Siblings",0,2026-08-19 09:39:49
12,https://deadline.com/feature/x-men-movie-marvel-news-updates-everything-we-know-1237031344/,Everything We Know About Marvel’s Upcoming ‘X-Men’ Movie So Far,Deadline,2026-08-19T00:17:54,1561,"Skip to main content By Dessi Gomez Dessi Gomez SEO Staff Writer @GomezDessi More Stories By Dessi Everything We Know About Marvel’s Upcoming ‘X-Men’ Movie So Far Everything We Know About ‘Only Murders In The Building’ Season 6 So Far Everything We Know About Netflix’s ‘East of Eden’ Series So Far View All August 18, 2026 5:17pm 'X-MEN 2' 20th Century Fox Film Corp. Since Disney’s acquisition of 20th Century Fox in 2019, the clamor for a new X-Men movie has been loud, and Marvel inches closer every day to delivery on their latest installment in a growing universe. With several actors and actresses reprising their X-Men roles in Avengers: Doomsday out in December , ties to their characters in the new upcoming installment have yet to be revealed following the next major Marvel movie, which will introduce Robert Downey Jr.’s Victor von Doom, a powerful villain from the comics. Related Stories Casting ‘X-Men’: Kit Connor Eyed For Cyclops Role In Upcoming Marvel Studios Pic Casting ‘X-Men’: Samara Weaving Lands Role Of Emma Frost In Upcoming Marvel Studios Pic For everything we know about the upcoming X-Men entry in the Marvel Cinematic Universe, read on. Watch on Deadline When will Marvel’s new X-Men movie come out? The theatrical release date for the film is May, 5, 2028. Who will be in Marvel’s upcoming X-Men movie? Marvel said at Disney D23 fan event that Christopher Abbott has been tapped to play Charles Xavier, aka Professor X, Adam Driver is Nathaniel Milbury aka Mister Sinister, Inde Navarette will play Rogue, and Maya Boyd is Storm",0,2026-08-19 09:39:36
34,https://www.hollywoodreporter.com/tv/tv-features/jacob-whiteduck-lavoie-sterling-point-interview-1236676550/,"For Jacob Whiteduck-Lavoie, Everyday on ‘Sterling Point‘ Was the “Best Day Ever”",Hollywood Reporter,2026-08-18T23:30:00,5310,"× Skip to main content By Nicole Fell Plus Icon Nicole Fell Associate Editor nicolemfell Follow Sign Up View All August 18, 2026 4:30pm Jacob Whiteduck-Lavoie stars as Ellis on ‘Sterling Point.’ Naoki Fukuda For Sterling Point star Jacob Whiteduck-Lavoie , filming the Prime Video series brought him right back to his childhood. “It felt like when you’re 9 years old, and you’re at summer camp and every day is the best day ever,“ the 23-year-old tells The Hollywood Reporter on a Zoom. The Megan Park-created series is a big step forward in Lavoie‘s career. The actor, much like several of his cast members on the show, has been acting since he was a child. He got his first gig a decade ago after his mom had spotted a Facebook post about an open casting call for a child actor who could speak French and was indigenous. Lavoie, who is of Kitigan Zibi Anishinabeg First Nation heritage and grew up on a First Nation reserve in Quebec, was intrigued but a little apprehensive. Related Stories TV Amélie Hoeferle on Sisterhood, 'Sterling Point' and How She Found Her Love for Acting TV Jeffrey Dean Morgan Says Manager Fired Him Due to Age Just Before Booking 'Grey's Anatomy' and 'Supernatural' “I didn’t have any experience whatsoever in theater or acting at all, so it was definitely scary having to learn lines and going into audition,“ says Lavoie. But his mother was persistent and encouraged him to at least give it a try. Thankfully, the team loved his audition and cast him on the spot. That 20-day indie film shoot became the moment he fell in love with acting. He signed with an agent in Montreal and continued working on French-speaking productions. Despite leading a show in Canada, Premier Trio , he found he wasn‘t getting English self-tapes. While Lavoie loved his time working on French-speaking roles, he had aspirations to break into the English-speaking productions as it‘s a much smaller industry. “[ Sterling Point ] is the biggest project I’ve ever done in my life,“ he says. The show has allowed him to break into the English-speaking market. Lavoie is still grateful to work on the show and get to work with Park and executive producers Josh Schwartz and Stephanie Savage. But perhaps the person he was most grateful to work with was Jeffrey Dean Morgan, or “JDM,” as Lavoie calls him. In Sterling Point , Lavoie plays Ellis, a Canadian teen who meets the show‘s leading lady and newcomer to town, Annie, played by Ella Rubin. He becomes one-third of the show‘s main love triangle. Morgan plays his father, Joe, who is later revealed to have his own dealings with Annie‘s family. “When I found out that he was going to play my dad, I couldn’t believe it, honestly,” the actor says. “I personally was a fan of The Walking Dead as a kid, so when I found that out, I kind of shat my pants a little bit. I was like, ‘Crap, Negin’s my dad. What?'” The young cast of the show, rounded out by Amélie Hoeferle, Daniel Quinn-Toye, Bo Bragason, Keen Ruffalo and Mabel Strachan, were very close during the shoot. Lavoie knew none of the other actors — no one on the cast knew each other before the shoot — but everything felt natural. “Everybody got to know each other so well and so quickly. I just love these people so dearly, and everyone’s just such a good actor,“ he continues. “I’ve learned so much working with them.“ Sterling Point wasn‘t the first show Lavoie had been in that featured a cast full of other actors his age. Premier Trio, the Canadian show he led, was a young-adult hockey show. But his personal experience was very different between the series. On Premier Trio , he was the oldest actor, and there was quite a gap between his co-stars — he recalls being 19 and his love interest being four years younger than him — and that made the dynamics different. “I felt like I needed to lead because I just felt like I was the older brother on the show,“ he says. Lavoie was the second-youngest on Sterling Point . He jokes that he felt like the “little baby“ of the group. “To work with people your age is just always so much fun and makes the experience just so much more fun,“ he says. “It was like we were just this tight group of friends and did everything together. On our off days, we were playing pickleball and always at the park doing something. It was really magical.” Thanks to Park, Lavoie felt extremely comfortable on the set. He admits he was nervous going into the show, but the showrunner, creator, writer and director helped keep him calm — he notes that she has a “young soul“ that makes anyone feel like her best friend instantly. The actor found that attitude take the pressure off of his shoulders. Lavoie recalls Park empowering the actors. “She’d let us improvise a lot,“ he says. “I remember she told us on the first few weeks, ‘Honestly guys, obviously, I wrote this script, but if you guys want to go off script and just say this line or say this however you feel like, just do it because you guys are the Gen Z and we’re trying to make the Gen Z audience connect and relate,’“ he adds. It seems to have worked, as the authentic dialogue has been a talking point on social media since Sterling Point came out earlier this month. Lavoie still has one hope for what‘s next after. He adds, “I hope we get a season two because I want to live it again.“ THR",0,2026-08-19 09:40:01
24,https://variety.com/2026/tv/news/heroes-tim-kring-tribute-hayden-panettiere-1236837796/,‘Heroes’ Creator Tim Kring Pays Tribute to Hayden Panettiere as a ‘Singularly Talented Actor’ With a ‘Deep Understanding of Human Nature’,Variety,2026-08-18T22:47:02,5409,"Aug 18, 2026 3:47pm PT ‘Heroes’ Creator Tim Kring Pays Tribute to Hayden Panettiere as a ‘Singularly Talented Actor’ With a ‘Deep Understanding of Human Nature’ By Tim Kring Plus Icon Tim Kring Latest See All ©NBC/Courtesy Everett Collection Hayden Panettiere was a seasoned professional by the time she auditioned for “ Heroes ” at the age of 16. But unlike many actors who start working as kids, Hayden had no sense of jaded child actor quality to her. Although confident in her abilities, she was still guileless, sweet and always open to suggestions. It was a fait accompli that she would embody the role of Claire Bennet, aka the Cheerleader, from the moment we met her. Related Stories 'The End of Tom Six' Review: The Director of the 'Human Centipede' Films Has Multiple Sclerosis and Is Sharing the Horror. This Confessional Doc Is His Witty Self-Defense Noah Kahan Turns His 'Miserable' Material Into Manic Elation at Triumphant Rose Bowl Stadium Show: Concert Review Hayden was a true team player, which was important for a show with a large ensemble cast. She was levelheaded beyond her years as a person and singularly talented as an actor, with an almost savant-like quality about her work. It wasn’t just that Hayden could learn lines with ease — it was her rare ability to find and explore the nuances of drama and humor and pathos in any scene she was in. Popular on Variety Looking back, her performance in “Heroes” was amazing. She was playing her actual age, which made for kind of a meta quality to the role because she had to understand her own teenage emotions in order to access them. Most 16-year-olds don’t know how to interpret or articulate these emotions, let alone embody them. But she had a deep understanding of human nature that belied her age. As a result, she could find moments within a scene that always made it deeper, or funnier, or more powerful than it was on the page. As a writer, you yearn for a relationship with an actor who elevates everything that you write and finds hidden nuances that you didn’t realize were there. That happened very, very often with her. RELATED STORY: Hayden Panettiere, Star of ‘Heroes’ and ‘Nashville,’ Dies at 36 I remember vividly that if a scene called for Hayden to cry, we would all marvel at how she could cry with intensity for 12 takes in a row. When the director yelled “Cut,” she’d go back to texting her friends or laughing with her castmates right up until the moment the director called “Action” for the next take. Then out would come the waterworks again. She was a delight to work with, professional, joyful and willing to go out on a limb and experiment with a scene. She had this bull-in-a-china-shop quality — a determination that really influenced how we wrote her character. The best characters always meet you halfway between the actor and what’s on the page. And in “Heroes,” where Claire Bennet ended and Hayden started became a blurred line. She never had to change how she would say something to be Claire Bennet. It was the Hayden voice cadence that we got used to writing for. “Heroes” was a success from the start, and there was no question that Hayden was a breakout star. Yet she always understood the ensemble nature of the show and had a genuine sense of gratefulness for everyone involved. I think she just liked being a part of the ensemble. She enjoyed her sudden success but never seemed enamored with it. She wanted to represent the show itself. And the cast members were very protective of her too. We all understood that she was a unique talent, and we felt the responsibility to caretake that talent for the short time we had with her on the show. Hayden and I didn’t have too much contact after “Heroes” ended in 2010. A few years later, however, when I inquired with her agent about her availability for another project, Hayden called immediately and teasingly admonished me. “You don’t have to call my agent. Don’t be Hollywood about it. Just pick up the phone and call me,” she insisted. As a showrunner, I have come to appreciate how rare it is to cross paths with a talent like Hayden’s. But more importantly, I will remember her as a kind and gentle person who was always a joy and an inspiration to work with. Writer-producer Tim Kring created and served as showrunner and executive producer of NBC drama “Heroes” from 2006 to 2010. (Pictured: Hayden Panettiere in Season 3 of NBC drama “Heroes” in 2009) Cannes’ Critics’ Week Reveals Lineup of Armenian Filmmakers Taking Part in Next Step Studio Program (EXCLUSIVE) Variety Toasts French Cinema With Post-Cannes Summer Dinner at Paris’ Laperouse With Thierry Fremaux, Guillaume Canet, Pierre-Antoine Capton, Rebecca Zlotowski and Anamaria Vartolomei France’s National Film Board to Reduce Funding for Productions That Fail Gender Equality Targets Netflix Calls for Cap on French Content Investment Rules, Warning Current System Is ‘Unsustainable’ Cannes Breakout Comedy ‘Jim Queen’ Closes Key Deals Ahead of Annecy Screening (EXCLUSIVE) Sundance Prizewinner Blerta Basholli on Kosovar War Drama ‘Dua’: ‘Teenagers Growing Up in Conflict Zones Are No Different From Any of Us’ Loading comments... More From Our Brands Rolling Stone Hilary Duff Shares Memories of Hayden Panettiere as Young Stars Navigating Fame Robb Report Porsche Says the Taycan E.V. Isn’t Going Anywhere Sportico Lakers Sale Complicated by Jeanie Buss Spat With Siblings",0,2026-08-19 09:39:50
14,https://deadline.com/2026/08/page/2/,More Stories,Deadline,2026-08-01T00:00:00,6875,"Skip to main content Latest in John Irvin Dies: Director Of ‘Hamburger Hill’ & TV Drama ‘Tinker Tailor Soldier Spy’ Was 86 British filmmaker John Irvin, known for action movies including Hamburger Hill and Raw Deal and the BAFTA-winning TV series Tinker Tailor Soldier Spy , has died. He was 86. According to Irvin’s producers, the filmmaker died peacefully at the UK home of his sister-in-law on August 11, surrounded… By Andreas Wiseman Aug 18, 2026 3:03 pm Print Print John Irvin Dies: Director Of ‘Hamburger Hill’ & TV Drama ‘Tinker Tailor Soldier Spy’ Was 86 Read the full story Film Leslie Grossman Joins ‘Power: Origins’, Returning As ‘Raising Kanan’ Character Flossie EXCLUSIVE: If Queen Flossie left you wanting more on Power Book III: Raising Kanan , Leslie Grossman will be back to reprise the role in the new prequel Power: Origins . Grossman will recur in the new prequel series, which picks up after the events of the Raising Kanan series finale . When we last… By Rosy Cordero Aug 18, 2026 2:52 pm Print Print Leslie Grossman Joins ‘Power: Origins’, Returning As ‘Raising Kanan’ Character Flossie Read the full story Exclusive TV How A Tray Of Bloody Oysters Helped ‘The Diplomat’ Find “A Real Spine” For Season 4 – The Backstory A tray of bloody oysters, served during the middle of an international crisis, was the key to unlocking relationships that changed the dynamic of The Diplomat. In the scene, two couples are ruminating on the events of the day, including the President of the United States debating whether to tell… Aug 18, 2026 2:23 pm Print Print How A Tray Of Bloody Oysters Helped ‘The Diplomat’ Find “A Real Spine” For Season 4 – The Backstory Read the full story Watch Partner Content Awards ‘The Pitt’ Production Designer Nina Ruscio Talks Expanding The ER For Season 2 & World-Building Through Furniture From creator R. Scott Gemmill, The Pitt highlights the challenges U.S. frontline healthcare professionals face through the lens of the fictional Pittsburgh Trauma Medical Center's emergency department. In a real-time, hour-by-hour format, audiences see the medical cases and the personal turmoil (and… By Destiny Jackson Aug 18, 2026 2:15 pm Print Print ‘The Pitt’ Production Designer Nina Ruscio Talks Expanding The ER For Season 2 & World-Building Through Furniture Read the full story TV Beth Behrs Joins ABC’s ‘Shifting Gears’ For Season 3 Beth Behrs ( The Neighborhood , 2 Broke Girls ) has joined the cast of ABC’s Shifting Gears for the upcoming third season. She will guest star as Dr. Johnson, a beautiful emergency room doctor who treats Riley (Kat Dennings) for a back injury. Behrs will reunite with Dennings on Shifting Gears … By Rosy Cordero Aug 18, 2026 2:00 pm Print Print Beth Behrs Joins ABC’s ‘Shifting Gears’ For Season 3 Read the full story TV ‘Remarkably Bright Creatures’ Star Sally Field Has An Appreciation For Octopuses & Anger Until recently, an octopus was not the most obvious choice to co-star with Sally Field. Looking at her career thus far, one might immediately think of her alongside Julia Roberts and Shirley MacLaine in Steel Magnolias , or those Oscar-winning turns opposite Beau Bridges in Norma Rae and with… By Antonia Blyth Aug 18, 2026 2:00 pm Print Print ‘Remarkably Bright Creatures’ Star Sally Field Has An Appreciation For Octopuses & Anger Read the full story Awards ‘My Life With The Walter Boys’ Quietly Returns To Netflix For Season 3; Shane Gillis Comedy ‘Tires’ Gets A Boost My Life with the Walter Boys has made an understated return to Netflix with Season 3. Over its first 10 days or so on the streamer, the new episodes have managed to rank high on Netflix’s weekly English TV list, but overall are lagging compared with Season 2. The third season topped the… By Katie Campione Aug 18, 2026 1:19 pm Print Print ‘My Life With The Walter Boys’ Quietly Returns To Netflix For Season 3; Shane Gillis Comedy ‘Tires’ Gets A Boost Read the full story TV David Heyman Inks First-Look Film Deal With Amazon MGM Studios After Long Tenure At Warner Bros. EXCLUSIVE : Amazon MGM Studios has closed a first-look film deal with veteran producer David Heyman’s Heyday Films. Heyman is already in business with the studio — along with Amy Pascal, he produces Amazon MGM Studios’ upcoming Denis Villeneuve-directed James Bond film. The anticipated 007… By Nellie Andreeva Aug 18, 2026 1:15 pm Print Print David Heyman Inks First-Look Film Deal With Amazon MGM Studios After Long Tenure At Warner Bros. Read the full story Exclusive Film Everything We Know About ‘Only Murders In The Building’ Season 6 So Far Another Arconia murder mystery has come and gone, but another dead body was found on the premises, though it could be argued that the murder was not in the building. The newest case will take the crew overseas , which Deadline first reported. Fresh on the heels of Season 5's finale, the series… By Dessi Gomez Aug 18, 2026 1:04 pm Print Print Everything We Know About ‘Only Murders In The Building’ Season 6 So Far Read the full story TV Jason Schmidt, Julia Lester & Piper Runge Join Hulu Pilot ‘Chicks’; Max Winkler To Direct & EP EXCLUSIVE: Jason Schmidt ( Grease: Rise of the Pink Ladies ), Julia Lester ( The Four Seasons) , and Piper Runge have joined the main cast of the Hulu pilot Chicks , starring Ellen Pompeo and Jodie Whittaker. Additionally, Max Winkler joins the series as director and executive producer of the… By Rosy Cordero Aug 18, 2026 1:00 pm Print Print Jason Schmidt, Julia Lester & Piper Runge Join Hulu Pilot ‘Chicks’; Max Winkler To Direct & EP Read the full story Exclusive TV Screen Australia Report Points To Fight For Attention Facing Producers & Creators Australia’s content makers have a fight on their hands to keep the attention of the country’s viewers, new research has shown. A Screen Australia report, Screen Currency 2026, found that while 84% of Australians say access to local content is important, and 75% want more, 60% spend less than 30%… By Jesse Whittock Aug 18, 2026 1:00 pm Print Print Screen Australia Report Points To Fight For Attention Facing Producers & Creators Read the full story International ‘The Pitt’s Sepideh Moafi Will Be “Running A Tight Ship” In Season 3 Being the first woman of Middle Eastern descent to be nominated for a Primetime Emmy Award in the supporting actress category is still something Sepideh Moafi is wrapping her head around. ""My life story is crazy,"" says the Iranian-American actress , who was born in a refugee camp in Germany after her… By Carita Rizzo Aug 18, 2026 12:50 pm Print Print ‘The Pitt’s Sepideh Moafi Will Be “Running A Tight Ship” In Season 3 Read the full story Awards Previous page of stories Previous Next page of stories Next Sidebar Newswire PMC Deadline is a part of Penske Media Corporation. © 2026 Deadline Hollywood, LLC. All Rights Reserved. Powered by WordPress.com VIP Site",0,2026-08-19 09:39:39
13,https://deadline.com/2026/08/abc-sues-fcc-first-amendment-lawsuit-1237044059/,"filed a First Amendment lawsuit,",Deadline,2026-08-01T00:00:00,11071,"Skip to main content By Ted Johnson Ted Johnson Political Editor @tedstew More Stories By Ted ABC Files First Amendment Lawsuit Against FCC, Claiming Trump Administration “Retaliatory Campaign” Against Its Free Speech Abby Phillip Signs New Deal To Remain At CNN New Yorker’s Ariel Levy To Join ‘60 Minutes’ As A Contributor View All August 18, 2026 5:13am UPDATED, with FCC comment: ABC filed an unprecedented First Amendment lawsuit against the FCC on Tuesday, claiming that its investigations and regulatory actions are part of a Trump administration “retaliatory campaign” to curb the network’s free speech. Related Stories News FCC’s Jimmy Kimmel-Triggered Review Of ABC Station Licenses Criticized By Top Broadcast Trade Group Politics After Trump Threat, FCC Chairman Says ABC’s Decision Not To Carry POTUS Speech Likely To Be Raised In Early Review Of Broadcast Licenses The lawsuit, filed in U.S. District Court in Washington, D.C. ( Read it here ), also seeks to halt a proceeding in which the agency and its chairman, Brendan Carr , demanded that it put its eight stations up for early license renewal. That followed Donald Trump ‘s attacks on the network, including its late-night host, Jimmy Kimmel. “Acting through the Federal Communications Commission, the Administration has waged a retaliatory campaign against ABC for a single reason: it disapproves of what ABC broadcasts,” the lawsuit stated. Watch on Deadline The network’s legal team wrote that, given the “existential threat,” the network had “no choice but to seek redress from the judicial branch” and that it had “no alternative means to eliminate these ongoing and immediate threats other than total capitulation to the administration’s demands.” The lawsuit is heavy in references to Trump’s attacks on the network and calls for it to lose its licenses, including his complaints over the way that ABC News moderated the 2024 presidential debate, during an attack on a news reporter who asked about releasing the Jeffrey Epstein files, and in a Truth Social post in which the president complained about late-night shows being “100% negative” to him. The lawsuit also cited Carr’s warning to ABC last September, after Kimmel made a joke tied to the investigation into the assassination of Charlie Kirk. On a podcast, Carr said that “we can do this the easy way or the hard way,” adding that companies could take action “or there is going to be additional work for the FCC ahead.” Two major station groups with network affiliates said that they would not air the show, and ABC pulled Kimmel from the air for several days before restoring him to the air. In the lawsuit, the network said that it anticipated the FCC taking action soon following a public comment proceeding on whether to renew the stations licenses. Bloomberg reported that the FCC may issue a hearing designation order this month, a regulatory move that would kick off an agency adjudication process to determine the fate of the licenses. ABC stated in the lawsuit, “Any FCC adjudication would be a charade. The Commission cannot lawfully grant renewal this early in the license terms—the only outcomes on the table are adverse to Plaintiffs. At one extreme, the Commission may intentionally prolong the adjudicative process, miring ABC in years of costly litigation, with the threat of adverse action ever present and with every editorial judgment shadowed by the prospect of provoking the Administration into further retaliation.” The network’s legal team added, “At another extreme, the Commission may use the hearing to deny license renewal or immediately revoke the Stations’ licenses, forcing Plaintiffs off the air entirely, as the President has repeatedly demanded. In either scenario, the Administration accomplishes its goal of eliminating a perceived media critic: either it gets Plaintiffs to fall in line, or it silences them if they refuse.” The case was assigned to U.S. District Judge Loren L. AliKhan, who was appointed by President Joe Biden. The judge ordered parties to file a joint status report by Thursday proposing three dates and times for a hearing. In ordering the early renewal of broadcast licenses, the agency and Carr cited an ongoing investigation of The Walt Disney Co.’s diversity, equity and inclusion policies. The network called the investigation “pretextual,” arguing that it has cooperated but that “simply begat increasingly aggressive demands.” The network has defended its hiring practices, and warned that any FCC sanction over DEI would raise due process concerns, as the policies being challenged were in the past encouraged by the agency when Joe Biden was president. ABC also cited more recent comments from Carr, including that the network’s decision not to air a primetime address from Trump last month would be part of the review of the broadcast licenses. “The Commission’s true target is not the Stations’ employment practices or their carriage of a single presidential address; it is the content of Plaintiffs’ programming—and thus their speech,” the lawsuit stated. “Because the Commission cannot regulate that content directly, it has used its review of the Stations’ licenses as an instrument to the same end.” An FCC spokesperson said in response to the lawsuit, “All broadcasters have a legal obligation to operate in the public interest—even Disney. The FCC has been examining claims that Disney engaged in illegal DEI discrimination for over a year.” The FCC spokesperson added, “Disney is obviously very concerned about the FCC’s proceeding, as evidenced by their ongoing campaign of disinformation as well as their decision to ask a court to stop the FCC from further pursuing matters. The FCC will continue to follow the facts and law wherever they lead.” The FCC under Carr has launched a series of investigations against the networks, including Comcast and NBCUniversal over its DEI practices, and CBS over the way that 60 Minutes edited an interview with Kamala Harris. Up to now, no network had directly challenged the FCC via litigation, amid warnings that the agency under Trump was overstepping its authority by delving into content and editorial choices. The lawsuit cited the recent warning from Sen. John Kennedy (R-LA), who told an FCC official that the agency “scares me right now” and is “getting into the foothills of violating the First Amendment.” ABC’s legal team wrote that the network was the “the visible target and suffers the most immediate harm, but the message is addressed to every broadcaster in the country, and the ultimate cost is borne by the press as a whole.” The lawsuit warned that “news organizations throughout the country are also watching and waiting to see the extent to which ABC and the Stations will be punished, as promised, for coverage that the Administration has deemed unfavorable—because if it happens to ABC, they could be next.” After the suit was filed, Gigi Sohn, former counselor to FCC Chairman Tom Wheeler, wrote on X, “People need to understand what a big deal this is. Disney is doing what many of us had urged for many months – taking on the FCC’s weaponization of its regulatory power.” The lawsuit names the FCC, Carr and its two commissioners, Olivia Trusty and Anna Gomez. The inclusion of Gomez, the sole Democrat, appears to be for litigation procedural reasons, as the complaint also cites her criticisms of the Republican-controlled agency as waging a “sustained, coordinated campaign of censorship and control.” The network is seeking a temporary restraining order and preliminary injunction to halt further action on the early license renewals, as well as an order that the FCC be prohibited from taking actions “to coerce or threaten” the network “with sanctions in an effort to alter their exercise of editorial discretion.” Its lead attorney on the complaint is Beth Wilkinson, who is also representing Paramount in its defense against an antitrust lawsuit brought by state attorneys general challenging its proposed merger with Warner Bros. Discovery. Also cited by the network is a separate FCC investigation into The View . The agency is reviewing whether the show should be exempt from equal time rules, which require that broadcasters who feature presidential candidates provide comparable time to rivals, if requested. The network has argued that the FCC signaled back in 2002 that it fell under an exemption for news programming, only to have Carr threaten to reverse course earlier this year and target an appearance by James Talarico, a Democrat running for U.S. Senate in Texas, in February. The network’s legal team wrote that the pressures on The View have had an impact on the show’s editorial choices, out of fear of jeopardizing station renewals. They noted that no candidate has appeared on the show since Talarico, nor has it featured video clips of political contenders, out of fear that it would trigger additional agency scrutiny. The first of the eight ABC stations were not set to face license renewal until 2028. As Carr opened proceedings in which the public could comment on The View investigation and the station licenses, the network launched an on-air campaign to elicit filings. More than 78,000 have commented so far on The View and more than 153,000 in the license renewal proceeding. The network said an analysis showed that the comments overwhelming supported its side. In a statement, Gomez said that ABC’s lawsuit “should be a welcome sign for every broadcaster who has felt the weight of this overreaching government pressure in silence.” She added, “I am hopeful that this will mark the beginning of the end of this administration’s disregard for the Constitution and the law, and that the coming months will bring the costly legal defeat this agency has been asking for since it started down this path.” In seeking immediate action — a temporary restraining order and preliminary injunction — ABC cited a unanimous 2024 Supreme Court decision that government officials could not use a regulatory threats to coerce private parties from engaging in protected speech The justices concluded that a New York official imposed regulatory pressure on insurance companies to end business relationships with the NRA as a way to suppress its gun rights advocacy. The high court ruled that that government officials could not “use the power of the state to punish or suppress disfavored expression.” The network’s legal team wrote that the FCC’s actions violated its free speech rights, arguing that “each time an ABC journalist publishes a story or an ABC host interviews a political guuest, they must wonder whether that speech might lead the administration to follow through on its threat of license revocation or impose some other sanction.” David Heyman Inks First-Look Deal With Amazon MGM After Long WB Run ‘Hamburger Hill’ & ‘Tinker Tailor’ Director John Irvin; Brit Actress Phyllida Law ABC Files Suit Against FCC, Claiming “Retaliatory Campaign” Against Free Speech ‘Spider-Man: Brand New Day’ Fastest To Cross $800 Million In U.S. Read More About: 39 Comments",0,2026-08-19 09:39:37
